Name,Address,Latitude,Longitude,Rating,User Ratings Total
Journeys,"2655 Richmond Avenue, Staten Island",40.5817771,-74.1670944,4.1,26
Best Buy,"2795 Richmond Avenue Ste 39, Staten Island",40.5768159,-74.1674843,4.1,3044
Sterling Optical - Staten Island Mall,"2655 Richmond Avenue, Staten Island",40.5811685,-74.1647613,4,160
Cellairis,"2655 Richmond Avenue #2355, Staten Island",40.5811675,-74.16593189999999,2.4,53
Helzberg Diamonds,"2655 Richmond Avenue Suite 2130, Staten Island",40.581753,-74.165661,4.8,82
Archie Jacobson,"2655 Richmond Avenue, Staten Island",40.5824941,-74.1658352,3.3,31
Brighton,"2655 Richmond Avenue #2042, Staten Island",40.58257799999999,-74.1654288,4.6,27
Walgreens,"1551 Richmond Avenue, Staten Island",40.6101026,-74.1597713,3,129
Burlington,"1801 South Avenue, Staten Island",40.6012756,-74.1917814,3.7,778
Target,"621 West Edgar Road, Linden",40.61902969999999,-74.24342659999999,3.8,711
Kohl's,"2239 Forest Avenue, Staten Island",40.62818190000001,-74.1649156,4.3,2339
Trader Joe's,"2385 Richmond Avenue, Staten Island",40.58989939999999,-74.1658016,4.6,3591
Pep Boys,"773 Roosevelt Avenue, Carteret",40.5874724,-74.22658489999999,4,545
Miracle-Ear Hearing Aid Center,"2795 Richmond Avenue Unit 2783, Staten Island",40.5759069,-74.16546559999999,4.5,32
AT&T Store,"2865 Richmond Avenue Unit 11, Staten Island",40.5763823,-74.16908959999999,3.5,148
Zumiez,"2655 Richmond Avenue Suite 2320, Staten Island",40.5814971,-74.16516109999999,4.6,61
DICK'S Sporting Goods,"2505 Richmond Avenue, Staten Island",40.5864967,-74.16739799999999,3.9,590
Metro by T-Mobile,"2220 Forest Avenue, Staten Island",40.6261044,-74.1630867,4.1,146
P.C. Richard & Son,"1159 Roosevelt Avenue, Carteret",40.5919165,-74.2383831,4.9,4290
Costco Wholesale,"2975 Richmond Avenue, Staten Island",40.5728124,-74.16876859999999,4.4,6271
bp,"1705 Richmond Avenue, Staten Island",40.60685929999999,-74.16193799999999,3.7,24
ALDI,"1705 West Edgar Road, Linden",40.6115549,-74.2525497,4.5,1714
FedEx Office Print & Ship Center,"2305 Richmond Avenue, Staten Island",40.5910091,-74.1643303,3.6,92
Costco Vision Center,"2975 Richmond Avenue, Staten Island",40.57268,-74.168663,4,23
Apple Staten Island,"2655 Richmond Avenue, Staten Island",40.582476,-74.16608599999999,3.8,1110
Marshalls,"625 West Edgar Road, Linden",40.6187501,-74.2446763,4.3,1108
Public Storage,"1107 Goethals Road North, Staten Island",40.6234457,-74.1722521,4.7,416
Macy's,"100 Richmond Hill Road, Staten Island",40.5835395,-74.1652824,4.3,3696
The Home Depot,"701 West Edgar Road, Linden",40.6179383,-74.24892849999999,4.2,2046
Men's Wearhouse,"2865 Richmond Avenue, Staten Island",40.5763823,-74.16908959999999,3.9,246
Nitecap Megastore,"690 Gulf Avenue, Staten Island",40.6136237,-74.180786,4.4,57
Barnes & Noble,"2655 Richmond Avenue Suite 1590, Staten Island",40.5823811,-74.16714449999999,4.4,1496
Baskin-Robbins,"Expressway Plaza, 1445 Richmond Avenue, Staten Island",40.6117649,-74.1577994,3.3,6
JCPenney,"140 Marsh Avenue, Staten Island",40.5812698,-74.16377039999999,4.1,1377
AT&T Store,"689 West Edgar Road, Linden",40.6196813,-74.2485603,4.1,202
HearUSA,"2325 Richmond Avenue, Staten Island",40.5910654,-74.1641775,4.3,40
Baskin-Robbins,"Kenbar Plaza, 77 A Richmond Hill Road, Staten Island",40.5879525,-74.16527099999999,3.6,17
Ashley Store + Outlet,"1741 West Edgar Road, Linden",40.61195300000001,-74.255438,3.9,1197
Baskin-Robbins,"2222 Forest Avenue, Staten Island",40.6264669,-74.1637689,2.3,9
Michaels,"Pergament Mall, 2795 Richmond Avenue, Staten Island",40.5758248,-74.1650487,4.3,1005
P.C. Richard & Son,"2399 Richmond Avenue, Staten Island",40.588965,-74.1662917,4.9,3185
ShopRite of Carteret,"801 Roosevelt Avenue, Carteret",40.5893089,-74.2280206,4.1,1314
Lowe's Home Improvement,"2171 Forest Avenue, Staten Island",40.62764629999999,-74.1621361,4,1964
MAC Cosmetics,"112 Richmond Hill Road, Staten Island",40.5837538,-74.16532649999999,4.5,28
Carteret Liquors,"835 Roosevelt Avenue, Carteret",40.5905826,-74.22991350000001,3.9,59
"Pella Windows and Doors Showroom of Staten Island, NY","1931 Richmond Avenue, Staten Island",40.6008611,-74.16248449999999,4,48
Mother Mousse,"3767D Victory Boulevard, Staten Island",40.5980184,-74.1812671,4.4,174
Blinds To Go,"2845 Richmond Avenue, Staten Island",40.57653190000001,-74.169297,4.6,657
Staples,"653 West Edgar Road, Linden",40.6181044,-74.24796429999999,3.6,247
Ultimate Fashions II,"2655 Richmond Avenue, Staten Island",40.5807009,-74.1666755,4.5,268
Marshalls,"2485 Richmond Avenue, Staten Island",40.5874064,-74.1669661,4.1,1255
CVS Pharmacy,"621 West Edgar Road, Linden",40.61902969999999,-74.24342659999999,4.2,11
Deluxe Auto Sales,"500 Commerce Road, Linden",40.631074,-74.24040339999999,4.4,1656
The Home Depot,"2501 Forest Avenue, Staten Island",40.62893909999999,-74.17236079999999,4,1817
Torrid,"2655 Richmond Avenue Ste 2635, Staten Island",40.581018,-74.166083,4.4,154
Pandora,"2655 Richmond Avenue, Staten Island",40.5819506,-74.1657757,4.2,119
Walgreens,"833 Roosevelt Avenue, Carteret",40.5901156,-74.2291448,3.4,62
The Ink Gallery - Custom Tattoos & Body Art,"2031 Forest Avenue #6, Staten Island",40.6264987,-74.1570643,4.7,38
Associated Fresh of Victory Blvd,"3579 Victory Boulevard, Staten Island",40.6011846,-74.177127,4.1,339
Excellent Lease,"89 Debbie Street, Staten Island",40.610242,-74.1571527,N/A,0
The UPS Store,"1324 Forest Avenue, Staten Island",40.626062,-74.13384769999999,3.5,165
AutoZone Auto Parts,"1351 Forest Avenue, Staten Island",40.6266117,-74.13553300000001,4.3,405
Majors Records & Video,"12 Barrett Avenue, Staten Island",40.6252486,-74.13628039999999,4.4,117
Dunkin',"1351 Forest Ave Forest Plaza, Staten Island",40.6262299,-74.1355571,3.9,366
Verizon,"1267 Forest Avenue, Staten Island",40.62635,-74.1316775,4.7,752
ShopRite of Forest & Richmond,"985 Richmond Avenue, Staten Island",40.6230508,-74.1485647,4.2,2568
PetSmart,"1525 Forest Avenue, Staten Island",40.6261169,-74.1381644,4.4,1582
Divine Wood Furniture,"128 Port Richmond Avenue, Staten Island",40.6379367,-74.1336584,3.9,28
GameStop,"1756 Forest Avenue, Staten Island",40.62428939999999,-74.14723479999999,4.3,431
Pep Boys,"1941 Forest Avenue, Staten Island",40.626122,-74.15384,3.6,1049
CVS,"1933 Victory Boulevard, Staten Island",40.6128206,-74.1284426,3.2,172
Staten Island Hair & Beauty Supply,"1351 Forest Avenue, Staten Island",40.6262299,-74.1355571,3.3,80
Starbucks,"2070 Victory Boulevard, Staten Island",40.6122105,-74.1325981,4.1,781
Alfonso's Pastry Shoppe,"1899 Victory Boulevard, Staten Island",40.6130401,-74.1273451,4.3,275
Langdon Florist of Tribeca,"1263 Clove Road, Staten Island",40.6163227,-74.1031782,4.4,81
GNC,"2040 Forest Plaza, Staten Island",40.6254529,-74.1558933,4.3,64
Holly Hill Pool and Patio,"204 Morningstar Road, Staten Island",40.6328874,-74.14665529999999,4.8,139
Harley-Davidson of Staten Island,"1973 Forest Avenue, Staten Island",40.626206,-74.154962,4.6,372
Ron & Dave's Tattooing,"603 Manor Road, Staten Island",40.6127069,-74.1222034,4.9,344
The Home Depot,"545 Targee Street, Staten Island",40.6133247,-74.08343450000001,4,2002
Walgreens,"1759 Hylan Boulevard, Staten Island",40.5864176,-74.0926956,2.9,85
Honda of Staten Island,"1232 Hylan Boulevard, Staten Island",40.59739460000001,-74.08369450000001,4.3,2047
Package Hub Staten Island FedEx UPS DHL USPS,"1808 Hylan Boulevard, Staten Island",40.5849671,-74.0935394,4.3,134
Mandolin Brothers,"629 Forest Avenue, Staten Island",40.6300481,-74.11007270000002,4.4,8
Walgreens,"2270 Clove Road, Staten Island",40.59915439999999,-74.08168309999999,3.3,68
Davidson 99¢ Plus,"225 Broad Street, Staten Island",40.6238601,-74.0823553,4,27
Nissan of Staten Island Service Department,"222 Parkinson Avenue, Staten Island",40.595724,-74.0826151,3.5,337
5050 Skatepark,"354 Front Street, Staten Island",40.6280385,-74.0746613,4.4,100
Murano's Furniture Staten Island,"1510 Hylan Boulevard, Staten Island",40.5915155,-74.087501,4.5,127
Carparts inc,"150 Canal Street, Staten Island",40.6260425,-74.0781174,4.5,46
All Tire & Service,"190 Rhine Avenue, Staten Island",40.60940159999999,-74.0892394,4.7,1354
Key Food Marketplace Staten Island,"450 Forest Avenue, Staten Island",40.6306023,-74.10432999999999,3.7,764
Tastebud's Natural Foods,"1807 Hylan Boulevard, Staten Island",40.58519200000001,-74.0939428,4.2,95
Baskin-Robbins,"1131 Bay Street, Staten Island",40.61534049999999,-74.0665535,2.7,15
Stop & Shop,"2754 Hylan Boulevard, Staten Island",40.56392779999999,-74.1144213,4.1,1196
Baskin-Robbins,"770 Forest Avenue, Staten Island",40.6288978,-74.11495169999999,4.2,25
CVS,"1361 Hylan Boulevard, Staten Island",40.5951901,-74.0863763,2.9,178
T.J. Maxx,"2530 Hylan Boulevard, Staten Island",40.569597,-74.10927500000001,4.1,748
New York Man Suits,"2670 Hylan Boulevard, Staten Island",40.566267,-74.1126561,4.8,231
Bay Harbor Motors,"457 Bay Street, Staten Island",40.6310333,-74.0761223,4.2,370
JHU Comic Books (Formerly of Jim Hanley's Universe),"299 New Dorp Lane, Staten Island",40.5721,-74.112298,4.7,238
Casale Jewelers,"1639 Richmond Road, Staten Island",40.5899901,-74.10113079999999,5,872
Starbucks,"2530 Hylan Boulevard, Staten Island",40.56958900000001,-74.10972199999999,4,567
Treshers,"186 Robin Road, Staten Island",40.592583,-74.0676173,4.6,23
Old Town Pharmacy,"1250 Hylan Boulevard # 3A, Staten Island",40.5971993,-74.0842897,3.9,12
Mother Mousse,"2175 Hylan Boulevard, Staten Island",40.5775549,-74.1033722,4.1,52
T-Mobile,"2556 Hylan Boulevard, Staten Island",40.568968,-74.1106233,3.9,253
Cash Now Pawn Shop,"1140 Bay Street, Staten Island",40.6151652,-74.06739929999999,4.3,57
Clark's House of Flowers,"1875 Victory Boulevard, Staten Island",40.613081,-74.1262057,4.6,152
Walgreens,"1227 Forest Avenue, Staten Island",40.6264402,-74.1309565,2.6,87
The UPS Store,"2744 Hylan Boulevard, Staten Island",40.5644532,-74.113868,3.2,149
Mattress Firm New Boulevard,"2626 Hylan Boulevard Suite 1, Staten Island",40.5677964,-74.1119868,4.9,613
McDonald's,"803 Forest Avenue, Staten Island",40.6293233,-74.1158612,3.4,1792
Eye Care Advantage Inc,"1050 Clove Road, Staten Island",40.6197635,-74.10848969999999,3,1
Todt Hill Specialty Pharmacy,"2110 Richmond Road, Staten Island",40.5812958,-74.111526,3.8,25
The Royal Press,"1267 Forest Avenue, Staten Island",40.626727,-74.1316576,5,1
Every Thing Goes Furniture & Clothing,"17 Brook Street, Staten Island",40.63741419999999,-74.08124339999999,4.3,80
CVS,"778 Manor Road, Staten Island",40.60806600000001,-74.12167199999999,3.6,46
Trimalawn Equipment,"2081 Victory Boulevard, Staten Island",40.6125878,-74.1329422,3.9,95
Perkins American Food Co.,"1409 Hylan Boulevard, Staten Island",40.5944214,-74.08699969999999,4.1,1129
Sanctuary Boutique Inc,"1206 Richmond Road, Staten Island",40.5973329,-74.09268589999999,4.8,10
Cohen's Fashion Optical,"2748 Hylan Boulevard, Staten Island",40.5644915,-74.11385159999999,4.3,146
Michaels,"30 Barrett Ave Forest Avenue Shoppers Plaza, Staten Island",40.6253667,-74.1366942,4.3,1044
Todt Hill Medical Center,"78 Todt Hill Road, Staten Island",40.6112213,-74.1192703,4.4,97
Spare Pair Vision Center,"1300 Hylan Boulevard, Staten Island",40.596661,-74.085008,4.7,64
Marshalls,"1832 86th Street, Brooklyn",40.6062901,-74.002099,3.9,2895
Kohl's,"8973 Bay Parkway Ste 1, Brooklyn",40.593163,-74.00099999999999,4.2,3802
Best Buy,"8923 Bay Parkway, Brooklyn",40.593617,-73.999141,4.2,5570
Bay Ridge Honda,"8801 4th Avenue, Brooklyn",40.6208119,-74.0287305,4.3,2473
BMW of Brooklyn,"9326 4th Avenue, Brooklyn",40.6170008,-74.0310394,4.7,1873
AT&T Store,"2121 86th Street, Brooklyn",40.6031419,-73.9952065,4.4,376
AT&T Store,"453 86th Street, Brooklyn",40.6222368,-74.0268411,3.8,194
Toyota of Bay Ridge Brooklyn,"6401 6th Avenue, Brooklyn",40.6354382,-74.0159122,4.1,3695
Mercedes-Benz of Brooklyn,"1800 Shore Parkway, Brooklyn",40.5915959,-73.99595,4.4,1751
Walgreens,"9408 3rd Avenue, Brooklyn",40.61773539999999,-74.0337887,3,181
Gap Factory,"423 86th Street, Brooklyn",40.6225672,-74.0274876,4.2,514
Panda Ski and Sport: Brooklyn NY,"9213 5th Avenue, Brooklyn",40.6175021,-74.0294163,4.7,441
Nature's Grill,"7417 3rd Avenue, Brooklyn",40.631608,-74.027502,4.1,336
Premier Ford of Bay Ridge,"612 86th Street, Brooklyn",40.6189414,-74.022694,4,495
Starbucks,"7419 3rd Avenue, Brooklyn",40.63156839999999,-74.0275289,4,737
The UPS Store,"8225 5th Avenue, Brooklyn",40.6236166,-74.02481630000001,3.3,199
Empire Nissan of Bay Ridge,"6501 5th Avenue, Brooklyn",40.6362897,-74.0191591,4.3,5115
Bay Ridge Subaru,"1819 Cropsey Avenue, Brooklyn",40.6022715,-74.0062998,4.4,1052
The UPS Store,"9322 3rd Avenue, Brooklyn",40.6181814,-74.03345820000001,3.4,115
Little Cupcake Bakeshop,"9102 3rd Avenue, Brooklyn",40.61997,-74.032774,4.3,807
Narrows Pharmacy,"9920 4th Avenue #100, Brooklyn",40.61305730000001,-74.0337244,4.3,30
Verizon,"8524 5th Avenue, Brooklyn",40.6217827,-74.0262623,3.3,288
Finocchiaro Marie G,"800 Poly Place, Brooklyn",40.60874159999999,-74.024293,5,1
Peck Heidi M,"800 Poly Place, Brooklyn",40.60874159999999,-74.024293,N/A,0
Bay Ridge Volkswagen,"8910 4th Avenue, Brooklyn",40.6202255,-74.029668,4.2,586
Rite Aid,"6423 Fort Hamilton Parkway, Brooklyn",40.6304372,-74.0085939,3.6,104
Starbucks,"514 86th Street, Brooklyn",40.6211059,-74.02590599999999,4,756
Global Gold & Silver,"8819 3rd Avenue, Brooklyn",40.6214837,-74.0315885,4.8,153
Maurro & Sons Plumbing & Heating,"8208 17th Avenue, Brooklyn",40.6107693,-74.0028462,4.7,21
P.C. Richard & Son,"576-80 86th Street, Brooklyn",40.61978269999999,-74.0240602,4.9,3099
BP VERRAZANO REPAIR SHOP,"9111 4th Avenue, Brooklyn",40.6186294,-74.0298224,3,54
Street Sounds,"9206 3rd Avenue, Brooklyn",40.61917589999999,-74.0331025,4.3,23
Park Bagels,"1410 86th Street, Brooklyn",40.6124216,-74.0115426,4.1,239
Mattress Firm Bay Ridge,"8615 4th Avenue, Brooklyn",40.6221868,-74.0283709,4.8,458
1 Stop Cameras & Electronics,"70 Bath Ave, Brooklyn",40.6258111,-74.00887150000001,1.7,30
Intermed,"1849 86th Street, Brooklyn",40.6066109,-74.0011378,N/A,0
Bagel Boy,"8002 3rd Avenue, Brooklyn",40.62778999999999,-74.02949269999999,4.5,983
SuperFresh Bay Ridge,"242 Bay Ridge Avenue, Brooklyn",40.636009,-74.02721249999999,4.1,1022
Staples,"9319 5th Avenue, Brooklyn",40.61661499999999,-74.030028,3.9,357
Lexus of Brooklyn,"6502 5th Avenue, Brooklyn",40.6366714,-74.019774,3.9,1496
Netcost Market,"8671 18th Avenue, Brooklyn",40.6058142,-74.00370869999999,4.2,1216
Omonia Cafe,"7612-14 3rd Avenue, Brooklyn",40.6304279,-74.0284654,4.2,1545
The Home Depot,"2970 Cropsey Avenue, Brooklyn",40.5816626,-73.98869789999999,4.1,3896
Staples,"1880 Coney Island Avenue, Brooklyn",40.611867,-73.963078,3.6,428
AT&T Store,"1101 Kings Highway, Brooklyn",40.6075921,-73.9617021,4.1,293
Lotus Bridal Brooklyn,"1822 Avenue U, Brooklyn",40.5990745,-73.95281779999999,4.7,352
Rain Shop,Brooklyn,40.61952269999999,-73.9859184,N/A,0
T.J. Maxx,"1630 East 15th Street, Brooklyn",40.6092298,-73.9585137,4,2744
Best Buy Liquors,"1613 Neptune Avenue, Brooklyn",40.57919930000001,-73.9846613,4.6,1068
Kings Games,"1685 East 15th Street, Brooklyn",40.6083444,-73.9579722,3.9,407
Villabate Alba,"7001 18th Avenue, Brooklyn",40.6160737,-73.9930346,4.6,2343
AT&T Store,"618-620 Brighton Beach Avenue, Brooklyn",40.5775791,-73.9607877,3.9,288
bp,"2620 86th Street, Brooklyn",40.5962729,-73.9848444,2.7,81
P.C. Richard & Son,"450 Kings Highway, Brooklyn",40.6040974,-73.9735905,4.8,2767
"Chiming Kwan, MHS","2601 Ocean Parkway, Brooklyn",40.5854896,-73.9655812,N/A,0
"Elizabeth A. Cleary, BS","2601 Ocean Parkway, Brooklyn",40.5854896,-73.9655812,N/A,0
Amazing Savings Ave M,"1605 Avenue M, Brooklyn",40.6182638,-73.959065,4.5,2460
"Warren Lakoff, R","2601 Ocean Parkway, Brooklyn",40.5854896,-73.9655812,N/A,0
Kerekes Bakery & Restaurant Equipment Inc. - BakeDeco,"6103 15th Avenue, Brooklyn",40.6252679,-73.9948649,4.6,496
U-Haul Moving & Storage of Bensonhurst,"6615 New Utrecht Avenue, Bensonhurst",40.6222445,-73.9977638,3.7,563
TRAINWORLD.COM,"725 McDonald Avenue, Brooklyn",40.63644089999999,-73.97783079999999,4.5,277
Lehman Optical,"1267 57th Street # 1R, Brooklyn",40.631,-73.997079,N/A,0
W & F Deli,"392 Neptune Avenue, Brooklyn",40.5803192,-73.96702599999999,4.1,29
Marshalls,"1623 Avenue Y, Brooklyn",40.5904065,-73.95306830000001,3.9,3047
Netcost Market,"2339 65th Street, Brooklyn",40.6120902,-73.97797539999999,4.1,1056
Petco,"2601 86th Street, Brooklyn",40.5968431,-73.98488329999999,4.2,2043
Staples,"2892 Ocean Avenue, Brooklyn",40.590884,-73.950268,3.4,391
Baskin-Robbins,"1510 Elm Avenue, Brooklyn",40.6177819,-73.9596517,3.4,15
Rubi Discount Store,"1228 Avenue U, Brooklyn",40.59841979999999,-73.95928909999999,3.9,44
Fei Long Market,"6301 8th Avenue, Brooklyn",40.6330565,-74.010881,3.8,2826
CubeSmart Self Storage of Brooklyn,"2990 Cropsey Avenue, Brooklyn",40.5802934,-73.98824239999999,4.7,439
Forces of Nature,"1608 Sheepshead Bay Road, Brooklyn",40.58700339999999,-73.9530544,4,102
Toys 2 Discover Boro Park,"5504 18th Avenue, Brooklyn",40.624812,-73.9846879,4.8,208
Grand Prix Motors - Car Lease Deals,"2737 Coney Island Avenue, Brooklyn",40.5898029,-73.9603321,5,938
bp,"1105 60th Street, Brooklyn",40.6314988,-74.002595,2.9,44
Baskin-Robbins,"7121 18th Avenue, Brooklyn",40.6150974,-73.9939503,2,11
Mannings 8th Ave Pharmacy,"6402 8th Avenue G103, Brooklyn",40.6332572,-74.0123212,4.2,50
"Refinishingnyc, Inc","2930 West 30th Street, Brooklyn",40.5736163,-73.99663869999999,4,5
"Dr. Millie R. Fell, MD","2025 Kings Highway, Brooklyn",40.611327,-73.952777,3.8,13
Target,"1598 Flatbush Avenue, Brooklyn",40.6315059,-73.9467515,4,2635
H&M,"5100 Kings Plaza, Brooklyn",40.6100251,-73.92129320000001,4.1,965
Zales,"5176 Kings Plaza Suite 153, Brooklyn",40.6097974,-73.9199898,4.6,242
Perfumania,"5100 Kings Plaza Space 132, Brooklyn",40.610683,-73.920036,4.3,253
Bath & Body Works,"5100 Kings Plaza, Brooklyn",40.6105069,-73.92038079999999,4.5,1306
Metro by T-Mobile,"5100 Kings Plaza, Brooklyn",40.6104056,-73.92083629999999,4.1,33
Kings Plaza Shopping Center,"5100 Kings Plaza, Brooklyn",40.61011909999999,-73.920052,4.3,16819
LGX | LANDING GEAR,"5100 Kings Plaza, Brooklyn",40.60995090000001,-73.9202648,4,8
The Home Depot,"5700 Avenue U, Brooklyn",40.6119661,-73.91656379999999,4,1827
AX Armani Exchange,"Space 248, Kings Plaza Shopping Center, 5373 Kings Plaza, Brooklyn",40.6107153,-73.92048919999999,3.9,183
Macy's,"5400 Avenue U, Brooklyn",40.6105232,-73.9191614,4.2,6620
SNIPES,"2135 Ralph Avenue, Brooklyn",40.6254815,-73.9162322,4,76
Forever 21,"5301 Kings Plaza #210, Brooklyn",40.6104056,-73.92083629999999,3.8,529
Plaza Auto Mall,"2740 Nostrand Avenue, Brooklyn",40.6179918,-73.9454849,3.7,1602
Ideal Uniforms,"1816 Flatbush Avenue, Brooklyn",40.62554000000001,-73.94031129999999,3.6,1121
Old Navy,"5141 Kings Plaza #2231, Brooklyn",40.6093079,-73.92057870000001,4.1,551
Party City,"2265 Ralph Avenue, Brooklyn",40.62238130000001,-73.916647,4.1,1125
GUESS,"5100 Kings Plaza Space 139, Brooklyn",40.6103475,-73.9205927,4.2,111
American Eagle & Aerie,"5249 Kings Plaza, Brooklyn",40.610326,-73.921188,4.3,173
The Children's Place,"5344 Kings Plaza, Brooklyn",40.6106118,-73.9206667,3.2,26
Lids,"5100 Kings Plaza, Brooklyn",40.60974609999999,-73.9194486,3.8,115
Foot Locker,"5266 Kings Plaza, Brooklyn",40.61047070000001,-73.9206067,4.1,311
U-Haul at Flatbush,"5283 Kings Highway, East Flatbush",40.63789879999999,-73.925658,3.3,597
CVS Pharmacy,"1598 Flatbush Avenue, Brooklyn",40.6315059,-73.9467515,2.6,74
Wheels To Lease,"2170 Mill Avenue, Brooklyn",40.6140565,-73.9125906,4.9,325
Cinnabon,"5174 Kings Plaza, Brooklyn",40.6098687,-73.91990679999999,3.8,81
Street Talk,"5100 Kings Plaza, Brooklyn",40.6099317,-73.9195979,4.7,121
Kingsborough Community College Bookstore,"2001 Oriental Boulevard Room U-101, Brooklyn",40.5788658,-73.9357304,4.3,188
AT&T Store,"1610 Flatbush Avenue, Brooklyn",40.63111389999999,-73.94626079999999,4.3,204
Brooklyn Zoo & Aquarium Pet Store,"2377 Ralph Avenue, Brooklyn",40.6200642,-73.91704639999999,4.4,603
bp,"1982 Utica Avenue, Brooklyn",40.62319350000001,-73.92765779999999,2.1,9
Walgreens,"4915 Flatlands Avenue, Brooklyn",40.6266565,-73.9280064,3,72
Brooklyn Hobbies,"3852 Flatlands Avenue, Brooklyn",40.6197694,-73.93727740000001,4.6,247
The UPS Store,"1977 Ralph Avenue, Brooklyn",40.62929680000001,-73.9178764,2.6,216
Starbucks,"33-42 Hillel Place, Brooklyn",40.6322737,-73.9485906,3.9,676
AT&T Store,"2152A Ralph Avenue, Brooklyn",40.62519109999999,-73.9182685,4.2,149
Lowe's Home Improvement,"5602 Avenue U, Brooklyn",40.611228,-73.918674,3.9,3346
Duet Bakery and Restaurant,"6181-6183 Strickland Avenue, Brooklyn",40.6135668,-73.91232959999999,4.2,505
Bob’s Discount Furniture and Mattress Store,"2520 Flatbush Avenue, Brooklyn",40.60853350000001,-73.9220993,4.7,7330
Petco,"2343 Utica Avenue, Brooklyn",40.6136377,-73.9260063,4.3,1598
Mill Basin Deli,"5823 Avenue T, Brooklyn",40.6157057,-73.91812399999999,4.3,669
Baskin-Robbins,"2302 Knapp Street #2310, Brooklyn",40.5965944,-73.933617,3.5,29
Party City,"3797-3849 Nostrand Avenue, Brooklyn",40.59025279999999,-73.9393346,4.2,948
Staples,"1760 Utica Avenue, Brooklyn",40.629332,-73.928353,3.7,394
FedEx Office Print & Ship Center,"2413 Flatbush Avenue, Brooklyn",40.61151099999999,-73.92396,3.5,117
General Vision Services,"2504 Flatbush Avenue, Brooklyn",40.6092276,-73.9222654,3.9,147
Brooklyn's Best Locksmith & Hardware,"4801 Avenue N, Brooklyn",40.61901889999999,-73.9286565,4.3,293
Walgreens,"1847 Rockaway Parkway, Brooklyn",40.6373391,-73.8925141,2.2,99
Commercial Kitchen Tech,"2152 Ralph Avenue #224, Brooklyn",40.6251853,-73.9182775,1,1
Bernie’s Bait & Tackle,"3035 Emmons Avenue, Brooklyn",40.5842171,-73.9376068,4.6,546
Havin’ A Party,"1354 East 64th Street, Brooklyn",40.6200312,-73.9165292,4.5,128
TopLine Home Improvement,"2056 Utica Avenue, Brooklyn",40.6217641,-73.9274515,4.9,128
My Favorite Bagel,"3053 Nostrand Avenue, Brooklyn",40.6099699,-73.9434091,4.6,486
Paramount Beauty Supply Sheepshead Bay,"2801 Knapp Street, Brooklyn",40.58650710000001,-73.93103789999999,4.6,44
ALDI,"3785 Nostrand Avenue, Brooklyn",40.59125339999999,-73.9397973,4.2,2902
Silver Star Meat Market,"3838 Nostrand Avenue, Brooklyn",40.5902189,-73.9401256,3.9,144
Crown Trophy,"3024 Avenue U, Brooklyn",40.6006554,-73.9377961,4.9,59
Duane Reade,"2265 Ralph Avenue, Brooklyn",40.6225503,-73.9170536,3.4,45
Antolia Chocolates,Rockaway Beach,40.5867247,-73.8114993,3.5,4
Fumfie,"2-26 Beach 101st Street #2, Far Rockaway",40.5845898,-73.8221713,3.4,78
Rockaway Beach Surf Shop,"177 Beach 116th Street, Rockaway Park",40.5792358,-73.83723499999999,4.5,36
The Madelaine Chocolate Company,"9603 Beach Channel Drive, Rockaway Beach",40.586614,-73.8192974,4.3,115
Mini Mall,"430 Beach 129th Street, Rockaway Park",40.57872789999999,-73.84916679999999,3.8,9
"Paul Bicycle Shop, RBNY","163 Beach 116th Street, Rockaway Park",40.5790142,-73.8370664,4.2,97
Kimball Construction Co Inc,"183 B 131 Street, Belle Harbor",40.574746,-73.84944039999999,N/A,0
All American Bagel & Barista II,"20-10 Cross Bay Boulevard, Queens",40.59845719999999,-73.8202874,4.3,450
ANG Carpet & Flooring,"11419 Rockaway Beach Boulevard, Rockaway Park",40.58003699999999,-73.8361043,4.8,8
Belle Harbor Cards & More,"442 Beach 129th Street, Rockaway Park",40.57903719999999,-73.84957899999999,4.3,11
ADP usa inc.,"190 Beach 116th Street, Rockaway Park",40.5795642,-73.8368462,5,3
bp,"10017 Beach Channel Drive, Rockaway Park",40.5858292,-73.8227424,3.1,31
Bryan's Auto Collision,"309 Beach 97th Street #1312, Rockaway Beach",40.585767,-73.8197722,4.7,44
B C All American Deli Corporation,"925 Cross Bay Boulevard, Broad Channel",40.60598780000001,-73.8198759,4,29
Lana's Loft,"114-04 Beach Channel Drive, Rockaway Park",40.582378,-73.83683599999999,4.6,14
Spec Saver Inc,"11310 Beach Channel Drive, Far Rockaway",40.5827144,-73.83633300000001,N/A,0
Dunkin',"11320 Beach Channel Drive, Far Rockaway",40.5825313,-73.8366503,3.7,341
Baskin-Robbins,"11320 Beach Channel Drive, Far Rockaway",40.5825153,-73.8366569,3.9,30
Sunoco,"112-10 Beach Channel Drive, Rockaway Park",40.5830217,-73.8348985,4.2,25
Stop & Shop,"112-15 Beach Channel Drive, Rockaway Park",40.581865,-73.834981,4.2,1014
Mazzone Ace Hardware,"245-251 Beach 116th Street, Rockaway Park",40.5806388,-73.83790379999999,4.6,258
Polly & Esther Boutique,"414 Beach 129th Street, Belle Harbor",40.57828479999999,-73.84918449999999,5,5
The Stitch N Print Store,"16-32 Cross Bay Boulevard, Broad Channel",40.600437,-73.82005989999999,4.9,237
Channel Market,"925 Cross Bay Boulevard, Queens",40.6058956,-73.8198273,3.8,49
Sunlites Stained Glass,"208 Beach 91st Street, Rockaway Beach",40.5870584,-73.81475929999999,5,4
GB'S Sneaker Boutique,"8515 Rockaway Beach Boulevard, Queens",40.5871348,-73.8108556,3.9,34
Nicole Frontera Beauty,"104-02 Rockaway Beach Boulevard, Rockaway Park",40.5835819,-73.82515579999999,5,461
Lisena Landscaping & Garden Center,"125 Cross Bay Boulevard, Broad Channel",40.6137488,-73.8215992,4.7,75
Belinda Video Productions,"10300 Shore Front Parkway, Rockaway Park",40.5818501,-73.8229546,5,14
MOSIV CORPORATION,"8600 Shore Front Parkway, Rockaway Beach",40.58573379999999,-73.8111892,N/A,0
Mara's Ice Cream Parlor,"92-14 Rockaway Beach Boulevard, Rockaway Beach",40.58635859999999,-73.8159878,4.8,315
STATION SURF SHOP,"91-08 B Rockaway Beach Boulevard, Far Rockaway",40.5867595,-73.814948,4.9,124
Rockaway Graphics,"9119 Rockaway Beach Boulevard, Rockaway Beach",40.5864353,-73.81516359999999,4.7,13
Fat Cardinal Provisions,"196 Beach 92nd Street, Far Rockaway",40.58629250000001,-73.81518,4.8,104
Zingara Vintage & Handmade Treasures,"202 Beach 91st Street, Rockaway Beach",40.586931,-73.81467169999999,4.9,14
Rockaway Beach Bakery,"87-10 Rockaway Beach Boulevard, Rockaway Beach",40.58760059999999,-73.8126198,4.6,172
Rainbow Shops,"88-03 Rockaway Beach Boulevard, Rockaway Beach",40.586859,-73.8130432,4,94
CVS Photo,"88-07 Rockaway Beach Boulevard, Rockaway Beach",40.5866148,-73.8130958,3,2
Key Food Supermarkets,"87-15 Rockaway Beach Boulevard, Far Rockaway",40.58696459999999,-73.8125896,3.8,855
T-Mobile Authorized Retailer,"8709 Rockaway Beach Boulevard, Far Rockaway",40.5869328,-73.8122698,4.4,134
Dunkin',"87-07 Rockaway Beach Boulevard, Far Rockaway",40.5868414,-73.8121724,3.7,71
Family Dollar,"8601 Rockaway Beach Boulevard, Far Rockaway",40.58705059999999,-73.8113865,3.6,271
Affordable Auto,"74-11 Beach Channel Drive, Arverne",40.5906117,-73.8021303,4.1,7
T&M Auto Parts,"7505 Beach Channel Drive, Arverne",40.5904718,-73.8034679,4.5,159
Boarders of Rockaway Beach,"192 Beach 92nd Street, Far Rockaway",40.586264,-73.815055,4.6,56
Jerry Ray Auto Sales,"7411 Beach Channel Drive, Arverne",40.59058789999999,-73.80249880000001,4.3,12
Just Bubbly,"72-22 Elizabeth Avenue, Arverne",40.595446,-73.80172209999999,N/A,0
Penske Truck Rental,"76-02 Beach Channel Drive, Arverne",40.5907249,-73.8035354,4.6,30
Beach Performance Inc,"73-02 Beach Channel Drive, Far Rockaway",40.59110949999999,-73.8015298,N/A,0
The Sensory Awakening Shop,"69-17 Hessler Avenue, Arverne",40.593903,-73.7990566,N/A,0
Friendly,"69-15 Beach Channel Drive, Arverne",40.5925668,-73.7988341,4.3,87
Rockaway Bagels,"114-08 Beach Channel Drive, Rockaway Park",40.5823393,-73.8371853,4.6,304
Stop & Shop Pharmacy,"70-20 Rockaway Beach Boulevard, Arverne",40.59003329999999,-73.7993176,3.2,14
Belle Harbor Foods,"413 Beach 129th Street, Rockaway Park",40.5781273,-73.84941069999999,4.6,65
New York City Swing/Mari Ent NY,"324 Beach 69th Street, Arverne",40.591506,-73.7978416,5,28
Beer House,"8706 Rockaway Beach Boulevard, Rockaway Beach",40.587635,-73.81245299999999,4.8,53
A & J Jewelry Corporation,"236 Beach 116th Street, Far Rockaway",40.5806459,-73.8374487,4.6,11
Dunkin',"6820 Rockaway Beach Boulevard, Arverne",40.5906661,-73.7972439,3.8,246
Baskin-Robbins,"6820 Rockaway Beach Boulevard, Arverne",40.59065260000001,-73.7972233,4.2,10
New York Surf School,"100 Beach 69th Street, Arverne",40.5869565,-73.7975585,4.9,134
Shake Shack,"303 30th St, Queens",40.64239239999999,-73.78324070000001,3.8,3860
Hermès,"JFK International Airport, Terminal 1, Jamaica",40.6425919,-73.7914314,3.3,24
Paradie's Shops,"5 Central Terminal Area, Jamaica",40.6417282,-73.78793879999999,N/A,0
Peet's Coffee & Tea,"303 30th St, Queens",40.6412266,-73.7826352,3.3,200
Baskin-Robbins,"239 Beach 20th Street, Far Rockaway",40.59649829999999,-73.7548868,3.7,37
Marina 59,"360 Beach 59th Street, Arverne",40.5945343,-73.7895449,4.6,128
Food Universe,"32-11 Beach Channel Drive, Far Rockaway",40.5982026,-73.7660006,4,598
CVS,"271 Beach 20th Street, Far Rockaway",40.5970904,-73.75518640000001,2.6,196
Allied Aviation,"1 Central Terminal Area, Jamaica",40.64469659999999,-73.7999152,3.2,14
Gara's Auto Wrecking Inc,"6222 Almeda Avenue, Far Rockaway",40.5974075,-73.7924768,2,3
Dunkin',"5914 Beach Channel Drive, Far Rockaway",40.5941667,-73.7895817,3.4,122
Shell,"5914 Beach Channel Drive, Arverne",40.59408719999999,-73.7894499,3.8,79
Laura A Frank Designs,"6415 Ocean Avenue North, Arverne",40.589968,-73.7935286,5,4
Sierra Surf School,"Beach Entrance, Beach 67th St and, Beach Front Road, Arverne",40.5880562,-73.7936484,4.9,175
The Joseph P. Addabbo Family Health Center,"1288 Central Avenue, Far Rockaway",40.607855,-73.7491161,3.3,225
"Singh Hardwood Co, Inc","50-01 Rockaway Beach Boulevard, Far Rockaway",40.5929946,-73.7811889,4.9,111
Alex Magic Electronics,"21-36B Mott Avenue, Far Rockaway",40.6052496,-73.7545676,3.7,28
Ron's EMS Supplies,"10-30 Beach 22nd Street, Far Rockaway",40.6030131,-73.75476119999999,5,1
Costco Wholesale,"605 Rockaway Turnpike, Lawrence",40.6304495,-73.74006589999999,4.4,8326
Marshalls,"345 Rockaway Turnpike, Lawrence",40.626172,-73.739892,4.1,1007
AT&T Store,"316 Rockaway Turnpike, Cedarhurst",40.6261892,-73.73597699999999,4.2,173
Lowe's Home Improvement,"253-01 Rockaway Boulevard, Rosedale",40.638759,-73.739138,3.9,2996
"Dr. Larry Greenspan, MD","138 Cedarhurst Avenue, Cedarhurst",40.6228991,-73.7243635,N/A,0
Kas Carpet Showroom,"248-44 Rockaway Boulevard, Rosedale",40.6391826,-73.7426337,4.6,1043
Kiss and Makeup,"500 Central Avenue, Cedarhurst",40.6216963,-73.7242514,4.3,22
T.J. Maxx,"25300 Rockaway Boulevard, Rosedale",40.6366322,-73.7381036,4.1,687
Gourmet Glatt Cedarhurst,"137 Spruce Street, Cedarhurst",40.6216047,-73.72627659999999,4.4,391
Five Towns Lucky Beauty Supply,"25301 Rockaway Boulevard, Rosedale",40.6370203,-73.73839339999999,4.1,720
A Shoe Inn,"558 Central Avenue, Cedarhurst",40.6228149,-73.7227085,4.6,29
Panera Bread,"345 Rockaway Turnpike, Lawrence",40.6262643,-73.7385723,4.2,726
AHC Appliances,"530 Central Avenue, Cedarhurst",40.6222229,-73.7232282,4.4,95
Karako Suits of 5 Towns,"252-18 Rockaway Boulevard, Rosedale",40.63624420000001,-73.7408346,4.5,196
Verizon,"369 Rockaway Turnpike, Lawrence",40.6286535,-73.7378392,3.5,265
Burlington,"345-365 Rockaway Turnpike UNIT #290, Lawrence",40.6265275,-73.7388078,3.8,569
"New York Marble & Ceramic, Inc.","101 West End Avenue, Inwood",40.6216585,-73.7400169,4.1,10
Jildor Shoes,"473 Central Avenue, Cedarhurst",40.6208111,-73.72463669999999,4.2,13
Starbucks,"316 Rockaway Turnpike, Cedarhurst",40.626315,-73.736063,3.8,924
Party City,"253-01 Rockaway Boulevard Level 2, Suite B, Rosedale",40.6388074,-73.7391435,4.1,579
Cy Prisyon Co Inc,"445 Central Avenue Unit 100, Cedarhurst",40.6203616,-73.7252386,N/A,0
Danice,"25301 Rockaway Boulevard, Rosedale",40.6362317,-73.738666,4,33
Jerusalem Florist,"712 West Broadway, Woodmere",40.62802899999999,-73.7215476,4.7,94
Arch Auto Parts,"165 Sheridan Boulevard, Inwood",40.61612410000001,-73.7522498,4.5,86
GNC,"365 Rockaway Turnpike, Lawrence",40.6271655,-73.73969459999999,4.2,50
The Children's Place,"253-01 Rockaway Boulevard, Woodmere",40.6367755,-73.73815619999999,3.4,22
The Cheese Store,"532 Central Avenue, Cedarhurst",40.6224649,-73.7230987,4.6,87
Bathtique LTD,"334 Central Avenue B, Lawrence",40.6179369,-73.7295184,N/A,0
"Lieto Upholstery, Drapery & Blinds","92 Carman Avenue, Cedarhurst",40.6196324,-73.7258628,N/A,0
Affordable Transport Inc,"541 Burnside Avenue, Inwood",40.62283499999999,-73.7445886,4.6,11
Rudys Upholstery Inc,"345 Doughty Boulevard, Inwood",40.620967,-73.747483,4.3,3
Selex Transmission International,"121 Sheridan Boulevard, Inwood",40.61481019999999,-73.7530848,4.1,41
Dancia Technical Services,"14-25 Central Avenue, Far Rockaway",40.605862,-73.750744,N/A,0
Advance Auto Parts,"296 Burnside Avenue, Lawrence",40.62469830000001,-73.7364833,4.3,193
Diamond Logistics Inc,"148 Doughty Boulevard #304, Inwood",40.61565969999999,-73.7463423,N/A,0
Shop Fair of Cornaga,"1801 Cornaga Avenue, Far Rockaway",40.602473,-73.749737,3.7,105
Suit Central,"456 Central Avenue, Cedarhurst",40.6206259,-73.7254688,4.7,79
Worldwide Save Energy Inc,"120 Craft Street, Inwood",40.614851,-73.7541897,N/A,0
Junee Cedarhurst,"396 Central Avenue, Lawrence",40.6194423,-73.7271336,4.3,19
P J Sterling Ltd,"409 Central Avenue #1, Cedarhurst",40.6195236,-73.7264141,3.7,3
Sweet Pics Delicada,"50 Inip Drive, Inwood",40.6272647,-73.7486131,N/A,0
"R & R Floors, LLC","48 Ithaca Avenue, Atlantic Beach",40.5876516,-73.7296107,5,1
Cedarhurst Fashion Opticians,"138 Cedarhurst Avenue, Cedarhurst",40.6229212,-73.724499,5,8
MIRI,"515 Central Avenue, Cedarhurst",40.62179429999999,-73.72342689999999,5,1
Nafshenu Orchestra,"1009 New McNeil Avenue, Lawrence",40.605812,-73.74132200000001,4.9,7
J Z Home Repair - Home Improvement Solutions,"13-73 Beach Channel Drive, Far Rockaway",40.607379,-73.754678,5,1
gem medical supplies,"555 Doughty Boulevard, Inwood",40.6274612,-73.7467271,5,1
PP Online Business Cards Design,"421 Doughty Boulevard, Inwood",40.6226814,-73.7469812,N/A,0
Andrew Lock Custom Menswear,"403 Central Avenue, Cedarhurst",40.619665,-73.726388,5,64
General Diaries Corporation,"56 John Street, Inwood",40.61961410000001,-73.7434014,5,1
Circle A Convenience Store,"305 Rockaway Turnpike, Lawrence",40.6243484,-73.7357758,5,2
9 New York,"422 Central Avenue, Cedarhurst",40.6200917,-73.7263518,5,2
Mango Hills Supermarket,"290 Beach 14th Street, Far Rockaway",40.59795450000001,-73.74809979999999,3.8,56
Kohl's,"1900 East Linden Avenue, Linden",40.6438369,-74.2289505,4.3,2473
Perry Ellis,"651 Kapkowski Road #2406, Elizabeth",40.6601883,-74.1713372,4.4,179
IKEA,"1000 Ikea Drive, Elizabeth",40.6751749,-74.1697393,4.2,12977
Diamond Outlet,"651 Kapkowski Road Booth 1440/1, Elizabeth",40.66032620000001,-74.1730113,3.9,7
Journeys Kidz,"651 Kapkowski Road, Elizabeth",40.6595671,-74.1710174,4.7,21
adidas Outlet Store Elizabeth,"651 Kapkowski Road, Elizabeth",40.660187,-74.17134,4.3,1166
Liquor City,"1001 East Edgar Road, Linden",40.6388956,-74.23524909999999,3,10
Forman Mills,"647 Newark Avenue, Elizabeth",40.6777357,-74.2104525,4.1,2128
Against All Odds,"651 Kapkowski Road, Elizabeth",40.6594847,-74.1700345,4.2,270
Walgreens,"600 Newark Avenue, Elizabeth",40.6772929,-74.2126552,3,145
Oscar's Fine Jewelry,"651 Kapkowski Road, Elizabeth",40.6602485,-74.17317720000001,2.9,12
FedEx Air Freight Center,"630 Dowd Avenue, Elizabeth",40.66847929999999,-74.189162,4.1,414
Under Armour Factory House,"651 Kapkowski Road Space 1250, Elizabeth",40.65986480000001,-74.1704771,4.3,634
Brooks Brothers,"651 Kapkowski Road Suite 1028, Elizabeth",40.6596481,-74.1721365,4.3,170
GNC,"651 Kapkowski Road Suite No. 2072, Elizabeth",40.6601883,-74.1713372,4.4,51
The Home Depot,"977 West Grand Street, Elizabeth",40.6632474,-74.2435434,4.3,1606
ALDI,"1235 East Saint Georges Avenue, Roselle",40.6481027,-74.2481451,4.4,1852
Aqua Massage,"651 Kapkowski Road, Elizabeth",40.6591078,-74.17020819999999,4.8,193
Disney Store,"651 Kapkowski Road, Elizabeth",40.6601883,-74.1713372,4.5,677
Ann Taylor Factory Store,"651 Kapkowski Road, Elizabeth",40.659448,-74.1717797,4.2,139
Kohesion Inc.,"651 Kapkowski Road, Elizabeth",40.659111,-74.16993289999999,4,99
Cold Stone Creamery,"651 Kapkowski Road Ste 102, Elizabeth",40.6595592,-74.1698414,4.1,85
Burlington,"651 Kapkowski Road Suite #30, Elizabeth",40.6612009,-74.1725304,4,1890
Marshalls,"651 Kapkowski Road, Elizabeth",40.6600088,-74.1696729,4.3,2977
Bayway World of Liquor,"639 Bayway, Elizabeth",40.6469124,-74.2154199,4.6,2248
Metro Mart,"651 Kapkowski Road, Elizabeth",40.6595154,-74.16943359999999,4.2,21
AT&T Store,"651 Kapkowski Road #1086, Elizabeth",40.6604625,-74.1709473,4.2,312
Nike Factory Store - Jersey Gardens,"651 Kapkowski Road Suite 150, Elizabeth",40.6602533,-74.1701446,4.3,2777
Mandee,"651 Kapkowski Road Suite 0240, Elizabeth",40.66018800000001,-74.171337,4.3,118
Barnes & Noble Kean University,"Green Lane Bldg, 1040 Morris Avenue, Union",40.6827778,-74.2363889,4.2,270
Dollar General,"190 Elmora Avenue, Elizabeth",40.6635058,-74.23544869999999,4.1,902
U.S. Polo Assn. Outlet,"651 Kapkowski Road, Elizabeth",40.65963129999999,-74.17221909999999,4.3,307
Carter's,"651 Kapkowski Road #2008, Elizabeth",40.6592021,-74.1711996,4.6,287
bp,"908 South Elmora Avenue, Elizabeth",40.6506848,-74.221899,3,26
Banter by Piercing Pagoda,"651 Kapkowski Road KI-13, Elizabeth",40.6601883,-74.1713372,4.3,87
Gap Factory,"651 Kapkowski Road Space #260, Elizabeth",40.6598663,-74.170695,4.5,1082
Superfine Online Inc.,"205 11th Avenue, Roselle",40.64840900000001,-74.257319,4.1,10
American Eagle & Aerie,"651 Kapkowski Road Suite 2042/2046, Elizabeth",40.6605848,-74.1734312,4.4,585
ThunderStone & Tile,"856 Pearl Street, Elizabeth",40.6602475,-74.2206193,5,23
H&M,"651 Kapkowski Road, Elizabeth",40.660096,-74.1717677,4.3,768
Cohen's Fashion Optical,"651 Kapkowski Road Ste 1236, Elizabeth",40.6601883,-74.1713372,3.5,152
Big Apple Designs,"651 Kapkowski Road, Elizabeth",40.6600434,-74.17155699999999,5,5
Banana Republic Factory Store,"1000 Kapkowski Road Ste 1024, Elizabeth",40.6595401,-74.1719652,4.4,322
Royal Jewelry LLC,"651 Kapkowski Road, Elizabeth",40.6600531,-74.171517,5,5
Lucky Brand,"651 Kapkowski Road #1444, Elizabeth",40.66081379999999,-74.172623,4.8,5
ShopRite of Elizabeth,"865 West Grand Street, Elizabeth",40.6636718,-74.23939349999999,4.2,4123
Jake's Coffee House,"Newark Liberty International Airport, 1 Brewster Road, Newark",40.6904724,-74.17649399999999,N/A,0
The Metropolitan Museum of Art Store,"1 Newark International Airport Street #114, Newark",40.69221219999999,-74.1817528,4.8,11
Phillips 66,"1400 Park Avenue S, Linden",40.6401534,-74.2190756,1.3,3
Boar's Head Deli,"97 Express Road, Newark",40.6905398,-74.17711349999999,2,24
Jersey Lanes,"30 Park Avenue, Linden",40.6500524,-74.23112689999999,4.4,1003
Grainger Industrial Supply,"560-596 Bercik Street suite 1, Elizabeth",40.66854,-74.1911645,3.6,37
Cole Haan Outlet,"651 Kapkowski Road Suite 2432, Elizabeth",40.66063,-74.173009,4.4,254
Vito's Deli,"Newark Liberty International Airport, 1 Brewster Road, Newark",40.6904735,-74.17649399999999,1,1
Walmart Supercenter,"500 Bayonne Crossing Way, Bayonne",40.6599096,-74.1065611,4,8161
The UPS Store,"470 Broadway, Bayonne",40.6629342,-74.1188349,4.3,167
Walgreens Pharmacy,"12 North Street, Bayonne",40.654489,-74.129757,3,97
Newark Hair Replacement Center,"51 John F. Kennedy Boulevard #115, Newark",40.6484056,-74.1383556,N/A,0
Lowe's Home Improvement,"400 Bayonne Crossing Way, Bayonne",40.661342,-74.105671,4,1229
Island Live Poultry. Vivero,"9 Port Richmond Avenue # 1, Staten Island",40.64067549999999,-74.1312317,4,107
Michaels,"321 Bayonne Crossing Way Bayonne Crossing, Bayonne",40.6613531,-74.10582699999999,4.4,1027
Kurt's Pro Shop,"1 Garfield Avenue, Jersey City",40.6864829,-74.09967870000001,4.9,11
Advance Auto Parts,"91 East 30th Street, Bayonne",40.6672942,-74.1092701,4.3,405
Baskin-Robbins,"4 North Street, Bayonne",40.6544661,-74.12934899999999,3,15
Price Tag,"587 Broadway, Bayonne",40.66714090000001,-74.11576079999999,3.8,34
T.J. Maxx,"105 Lefante Way, Bayonne",40.667328,-74.103346,4.3,906
Wine Warehouse,"1 Lefante Way, Bayonne",40.6666106,-74.1047576,4.1,105
Perceptions,"99 New Hook Road #5, Bayonne",40.6653758,-74.1067389,4,5
Shoe Factory,"462 Broadway, Bayonne",40.6626892,-74.1190719,4.1,47
Walgreens,"699 Broadway, Bayonne",40.6711266,-74.1128753,3.4,57
Brownies Pro & Sport Hobbies,"124 Bennett Street, Staten Island",40.637845,-74.132752,4.9,201
Bayonne Dry-Dock & Repair Inc,"100 Military Ocean Term St, Bayonne",40.6630693,-74.0737952,3.8,74
St. George Pharmacy,"99 Stuyvesant Place, Staten Island",40.64375,-74.077416,4.3,83
ShopRite of Bayonne-26 Street,"583-9 Avenue C &, West 26th Street, Bayonne",40.6674174,-74.1189846,4.2,3349
Villa Marin Autoworld Inc,"2699 Richmond Terrace, Staten Island",40.6375551,-74.1505056,4.9,44
Walmart Pharmacy,"500 Bayonne Crossing Way, Bayonne",40.6599096,-74.1065611,4.4,32
Stop & Shop,"1 Lefante Way, Bayonne",40.6669905,-74.103798,4.2,1105
Pawn Cash Go,"768 Port Richmond Avenue, Staten Island",40.62539059999999,-74.1443448,4.8,215
Rose's Hallmark Shop,"South Cove Plaza, 2 Lefante Way, Bayonne",40.6673734,-74.1052912,4.5,112
Bridgeview Liquors,"300 New Jersey 440, Bayonne",40.6582038,-74.1178022,4.5,534
Value City Furniture NJ,"40 East 53rd Street, Bayonne",40.6833831,-74.0993234,4.4,558
QuickChek,"20/38 East 53rd Street, Bayonne",40.6836551,-74.0999668,3,144
Dunkin',"4 North Street, Bayonne",40.6544573,-74.1293283,3.5,469
7-Eleven,"39 West 8th Street #49, Bayonne",40.6548717,-74.12837139999999,2.3,26
IKEA,"1 Beard Street, Brooklyn",40.6719676,-74.0114644,4.1,16898
FOOD BAZAAR,"480-500 Van Brunt Street, Brooklyn",40.6742174,-74.01702159999999,4.4,3024
The Home Depot,"550 Hamilton Avenue, Brooklyn",40.6674681,-73.9989034,4,3734
Costco Wholesale,"976 3rd Avenue, Brooklyn",40.6557617,-74.0092635,4.3,11696
St. Mark's Comics,"51 35th Street, Brooklyn",40.6570668,-74.00726519999999,3.6,339
Direct Promotions,"140 58th Street #3f, Brooklyn",40.6455164,-74.0237999,3.7,22
AT&T Store,"5120 5th Avenue #5122, Brooklyn",40.6442516,-74.0115184,4.2,245
AbelCine,"88 35th Street 4th floor, Brooklyn",40.65641600000001,-74.006785,4.6,81
Batteries and Butter,"140 58th Street #5-F, Brooklyn",40.6455001,-74.0239072,3.7,3
Baked,"359 Van Brunt Street, Brooklyn",40.676877,-74.013255,4.5,432
Premier Judaica Distribution,"5600 1st Avenue # 2, Brooklyn",40.6491137,-74.02498589999999,5,1
Wound Healing Technologies,"170 53rd Street, Brooklyn",40.6475102,-74.0194898,3,4
"Agri Star Meat & Poultry, LLC","5600 1st Avenue, Brooklyn",40.6487836,-74.0229955,4.1,8
A Stein Meat Products Inc,"5600 1st Avenue, Brooklyn",40.6491137,-74.02498589999999,1.2,33
Next Level,"874 4th Avenue Floor 1, Brooklyn",40.656878,-74.00218,4.6,261
Luigi’s Pizza,"4704 5th Avenue, Brooklyn",40.646715,-74.008858,4.2,416
FABBERZ,"Mailbox #34, 68 35th Street C548, Brooklyn",40.6565724,-74.0070025,5,45
FedEx Ship Center,"16 19th Street, Brooklyn",40.6671386,-74.00010019999999,3.1,476
CubeSmart Self Storage of Brooklyn,"183 Lorraine Street, Brooklyn",40.6732887,-74.0017574,4.4,353
Tools For Working Wood,"112 26th Street, Brooklyn",40.6616238,-74.0017065,4.7,57
Token,"481 Van Brunt Street #9A, Brooklyn",40.6736885,-74.01656249999999,5,2
Cheap Batteries,"140 58th Street #5-F, Brooklyn",40.64550200000001,-74.0238748,5,2
LA UNION DELI GROCERY CORP.,"4011 5th Avenue, Brooklyn",40.65032739999999,-74.0045454,3.6,15
Omni Dental Supply,"110 53rd Street, Brooklyn",40.64830389999999,-74.0203226,2.8,5
PC Hardwood Floors,"121 31st Street, Brooklyn",40.658184,-74.00302119999999,4.6,98
Silly Phillie Creations Inc,"140 58th Street #6f, Brooklyn",40.645503,-74.023877,5,3
The Morbid Anatomy Library and Gift Shop,"254 36th Street 2nd floor, C248, Brooklyn",40.65607889999999,-74.0078174,3.9,23
Grado Labs Inc,"4614 7th Avenue, Brooklyn",40.6444903,-74.00405970000001,4,43
Statue of Liberty Museum Store,"1 Liberty Island - Ellis Island, New York",40.6901179,-74.04616109999999,4.2,411
Unlimited Furniture,"129 48th Street, Brooklyn",40.65128,-74.01720519999999,4.5,837
Office Impressions,"140 58th Street, Brooklyn",40.64408210000001,-74.024677,5,3
Es La Vida,"5402 5th Avenue, Brooklyn",40.642876,-74.012919,4.5,141
Nivie Electronics,"140 58th Street #7b, Brooklyn",40.6455045,-74.0238964,N/A,0
Barnes & Noble,"267 7th Avenue, Brooklyn",40.6687671,-73.979766,4.5,2576
Lowe's Home Improvement,"118 2nd Avenue, Brooklyn",40.6719847,-73.9950858,3.9,4153
Pep Boys,"354 4th Avenue, Brooklyn",40.6738826,-73.9870419,3.8,2105
Best Buy,"625 Atlantic Avenue Ste A7, Brooklyn",40.68351499999999,-73.974122,4,6275
Park Slope Food Coop,"782 Union Street, Brooklyn",40.67481019999999,-73.97686279999999,4.7,898
Four & Twenty Blackbirds,"439 3rd Avenue, Brooklyn",40.6720592,-73.9902683,4.5,832
U-Haul Moving & Storage of Park Slope,"394 4th Avenue, Park Slope",40.6726967,-73.9878014,3.4,1001
Party City,"625 Atlantic Avenue, Brooklyn",40.6836148,-73.9743926,3.8,1180
CVS Pharmacy,"139 Flatbush Avenue, Brooklyn",40.6845887,-73.97691920000001,2.3,127
Trader Joe's,"130 Court Street, Brooklyn",40.6895837,-73.9928699,4.5,5948
ShapeShifter Lab,"837 Union Street, Brooklyn",40.674967,-73.9760077,4.4,158
Beacon's Closet Park Slope,"92 5th Avenue, Brooklyn",40.68015980000001,-73.9780866,3.1,352
AT&T Store,"841 Flatbush Avenue, Brooklyn",40.6517887,-73.9587888,4.3,273
Macy's,"422 Fulton Street, Brooklyn",40.6906271,-73.9860836,4.2,7536
Sean Casey Animal Rescue,"153 East 3rd Street, Brooklyn",40.6482426,-73.9781828,4.4,1391
Marshalls,"625 Atlantic Avenue, Brooklyn",40.683696,-73.975546,4,2298
Park Slope Copy Center,"123 7th Avenue, Brooklyn",40.673286,-73.975917,4.5,124
Target,"139 Flatbush Avenue, Brooklyn",40.6845887,-73.97691920000001,4,1996
The UPS Store,"320 7th Avenue, Brooklyn",40.66736179999999,-73.98143,2.6,146
Mattress Firm Atlantic Ctr,"625 Atlantic Avenue Ste 217, Brooklyn",40.6835116,-73.975014,4.6,966
PANDORA Jewelry,"139 Flatbush Avenue, Brooklyn",40.6845968,-73.977166,4.1,279
Extra Space Storage,"312 3rd Avenue, Brooklyn",40.67671399999999,-73.98733899999999,4.9,1230
Fleet Feet Brooklyn,"474 5th Avenue, Brooklyn",40.668296,-73.9873072,4.5,323
Olde Brooklyn Bagel Shoppe,"645 Vanderbilt Avenue, Brooklyn",40.6777427,-73.9686315,4.3,780
Mile End Delicatessen,"97 Hoyt Street, Brooklyn",40.6874457,-73.9870445,4.3,1261
Bagel Pub,"287 9th Street, Brooklyn",40.6696817,-73.9869006,4.2,611
Brooklyn Superhero Supply Co.,"372 5th Avenue, Brooklyn",40.6714496,-73.9847771,4.4,152
Gallery Jewelers,"625 Atlantic Avenue B6, Brooklyn",40.68370599999999,-73.9750196,3.5,35
Brownstone Bagels,"671 Union Street, Brooklyn",40.6774476,-73.9827342,3.9,186
Walgreens,"462 5th Avenue, Brooklyn",40.6685713,-73.9871836,2.3,148
R&A Cycles Brooklyn,"105 5th Avenue, Brooklyn",40.6793937,-73.9782089,3.8,315
Convivium Osteria,"68 5th Avenue, Brooklyn",40.6810713,-73.9775629,4.2,541
The UPS Store,"165 Court Street, Brooklyn",40.68859119999999,-73.9926294,3.1,162
Brooklyn General Store,"128 Union Street, Brooklyn",40.684047,-74.00238999999999,4.5,198
PetSmart,"238 Atlantic Avenue, Brooklyn",40.6891888,-73.9914447,4.3,1606
Staples,"348 4th Avenue, Brooklyn",40.6740372,-73.98684349999999,3.9,458
Scottadito Osteria Toscana,"788A Union Street, Brooklyn",40.6747464,-73.9765376,4.6,908
Terrace Coffee Shop,"598 19th Street, Brooklyn",40.6544403,-73.9792952,4.4,230
Hungry Ghost,"253 Flatbush Avenue, Brooklyn",40.6802981,-73.9743992,4.3,503
Starbucks,"166 7th Avenue, Brooklyn",40.67204230000001,-73.9775536,4,520
Walgreens,"114 Beverley Road, Brooklyn",40.6427907,-73.9789345,3,110
La Villa Pizzeria,"261 5th Avenue, Brooklyn",40.6743251,-73.98168679999999,4.6,1442
Buffalo Exchange,"109 Boerum Place, Brooklyn",40.68817420000001,-73.99120649999999,3.5,351
The Home Depot,"230 Nostrand Avenue, Brooklyn",40.6917871,-73.9528313,3.8,4839
Liberty Hearing Centers,"445 Lenox Road Rm A1-435, Brooklyn",40.6550034,-73.9442519,4.8,550
BJ's Wholesale Club,"900 Remsen Avenue, Brooklyn",40.6453065,-73.9138828,3.8,803
Walgreens Pharmacy,"1040 Saint Johns Place, Brooklyn",40.6710569,-73.9434623,1.9,256
Milk Bar,"620 Vanderbilt Avenue, Brooklyn",40.6778222,-73.96903329999999,4.3,302
Discount Office Furniture Inc.,"4901 Clarendon Road, Brooklyn",40.6445413,-73.93040719999999,4.2,10
Duane Reade,"296 Flatbush Avenue, Brooklyn",40.6779616,-73.973342,2.5,206
Public Storage,"1062 Saint Johns Place, Brooklyn",40.67092960000001,-73.94303339999999,4.8,635
Flatbush Food Co-op,"1415 Cortelyou Road, Brooklyn",40.6412976,-73.96471989999999,4.3,1085
Kith Brooklyn,"233 Flatbush Avenue, Brooklyn",40.6812155,-73.97501369999999,4.2,398
Brooklyn Museum Shop,"200 Eastern Parkway, Brooklyn",40.6710884,-73.9632018,4.4,59
Cookie's Department Stores,"982 Flatbush Avenue, Brooklyn",40.6472718,-73.9585324,4.2,1189
AJ Madison Home & Kitchen Appliances Showroom,"3605 13th Avenue, Brooklyn",40.64188,-73.984512,4.2,4678
BJ's Wholesale Club,"339 Gateway Drive, Brooklyn",40.6509017,-73.8737869,3.8,806
Optimum,"11020 Flatlands Avenue, Brooklyn",40.6494647,-73.88941609999999,3.5,1361
Target,"519 Gateway Drive, Brooklyn",40.6529944,-73.870071,3.9,1486
Best Buy,"369 Gateway Drive, Brooklyn",40.6515516,-73.8726303,4.2,5438
Patrick Nash Design,"373 Van Sinderen Avenue, Brooklyn",40.6677426,-73.9013061,4.9,12
Modell's Sporting Goods,"1000 Granville Payne Avenue, Brooklyn",40.65520069999999,-73.8884371,4.1,683
bp,"1610 Bushwick Avenue, Brooklyn",40.6806741,-73.9032002,3,33
Old Navy,"381 Gateway Drive Space D - 1, Brooklyn",40.651818,-73.87206599999999,4.2,1425
The Home Depot,"579 Gateway Drive, Brooklyn",40.65340379999999,-73.8682063,4,4165
Kingsboro Psychiatric Center,"685 Clarkson Avenue, Brooklyn",40.65700270000001,-73.9382243,2.8,21
Brooklyn Plantology by Lapide,"26 South Market Street, Brooklyn",40.6440951,-73.9149478,4.5,260
Marshalls,"351 Gateway Drive, Brooklyn",40.651325,-73.8731,4.1,1910
Hospital Florist-Plant Shop,"450 Clarkson Avenue, Brooklyn",40.6548033,-73.944383,5,1
PetSmart,"8725 Avenue D, Brooklyn",40.6446467,-73.9138912,4.3,1469
Heights deli and corp,"504 Pennsylvania Avenue, Brooklyn",40.664964,-73.894409,2.7,7
New Lots Furniture,"460 New Lots Avenue, Brooklyn",40.66257959999999,-73.8906586,4.4,411
GameStop,"1622 Pitkin Avenue, Brooklyn",40.669124,-73.9133439,4,574
City Fresh Market,"655 Stanley Avenue, Brooklyn",40.659381,-73.884292,4.1,355
Baskin-Robbins,"610 Utica Avenue, Brooklyn",40.6585492,-73.93156809999999,3,41
Golden Farms Supermarket,"416 Crescent Street, Brooklyn",40.6783718,-73.8710342,4.1,669
S&P Hook Up Inc,"1891 Fulton Street, Brooklyn",40.6790288,-73.92091289999999,N/A,0
L & M Foreign Cars,"1331 Utica Avenue, Brooklyn",40.64006479999999,-73.9287588,4.7,339
Lee's Sneakers,"947 Granville Payne Avenue, Brooklyn",40.6550747,-73.88748989999999,4.4,171
Premier Ford Brooklyn,"5001 Glenwood Road, Brooklyn",40.6354041,-73.9280002,4.1,991
Brookdale Rx,"1275 Linden Boulevard, Brooklyn",40.6546122,-73.912319,3.8,5
Baskin-Robbins,"241-A Rockaway Parkway, Brooklyn",40.661517,-73.9201691,3.5,27
Glenwood Mason Supply,"4100 Glenwood Road, Brooklyn",40.6345584,-73.9368673,4.6,324
Walgreens,"5001 Church Avenue, Brooklyn",40.6519393,-73.9301179,2.4,112
AutoZone Auto Parts,"575 Utica Avenue, Brooklyn",40.6594895,-73.9308389,3.6,1261
D & A Guaranteed Auto Sales,"2417 Linden Boulevard, Brooklyn",40.6658487,-73.8749161,3.2,126
Allegiance Trucks,"9505 Avenue D, Brooklyn",40.6492599,-73.9090341,3.6,72
Famous Footwear,"389 Gateway Drive, Brooklyn",40.6518813,-73.87190240000001,4.2,516
Pathmark,"1525 Albany Avenue, Brooklyn",40.6355027,-73.9368326,4.3,598
Mavis Discount Tire,"611 Utica Avenue, Brooklyn",40.6584836,-73.9306871,4.6,1748
TBG Uniforms Store,"5606 Church Avenue, Brooklyn",40.65234290000001,-73.9243127,4.5,218
Pro Line Archery Lanes,"95-11 101st Avenue, Ozone Park",40.68463949999999,-73.8455246,4.8,214
bp,"130-11 North Conduit Avenue, South Ozone Park",40.667275,-73.809823,3.5,94
Marshalls,"9210 Rockaway Boulevard, Ozone Park",40.680415,-73.846622,4.1,2391
The Home Depot,"11220 Rockaway Boulevard, South Ozone Park",40.6764069,-73.8268837,4,2979
Nissan of Queens,"93-25 Rockaway Boulevard, Ozone Park",40.6811733,-73.8457349,4.3,2075
Starbucks,"157-41 Cross Bay Boulevard, Howard Beach",40.6614687,-73.84011439999999,4.2,1900
Petco,"157-20 Cross Bay Boulevard, Howard Beach",40.6617894,-73.8409637,4.3,1362
Foot Locker,"1166-1168 Liberty Avenue, Brooklyn",40.6788862,-73.8665401,3.7,298
Stop & Shop,"92-10 Atlantic Avenue, Ozone Park",40.6874864,-73.8501352,4.3,1992
Al-Haqq Pharmacy,"7507 101st Avenue, Ozone Park",40.6798511,-73.8620081,3.8,68
HearUSA,"160-08 Cross Bay Boulevard, Howard Beach",40.6571055,-73.83982030000001,4.7,78
Crossbay Motorsports,"164-01 Cross Bay Boulevard, Howard Beach",40.6506406,-73.83735759999999,4.4,785
Mattress Firm Crossbay Blvd,"137-20 Cross Bay Boulevard, Ozone Park",40.671606,-73.8435227,4.8,633
Natural Body Inc.,"135-26 Cross Bay Boulevard, Ozone Park",40.67287759999999,-73.84371879999999,4.6,170
Staples,"409 Gateway Drive, Brooklyn",40.6518614,-73.8714803,3.6,345
Walgreens Pharmacy,"9602 Rockaway Boulevard, Ozone Park",40.6801415,-73.8422176,2.7,106
T-Mobile,"1163 Liberty Avenue, Brooklyn",40.67896899999999,-73.86652800000002,3.7,204
Whitey's Tire Service,"3395 Atlantic Avenue, Brooklyn",40.68187499999999,-73.871135,4.5,882
Optical Illusions,"160-55 Cross Bay Boulevard, Howard Beach",40.6559896,-73.83877869999999,4.9,63
Auction Outlet,"9504 Liberty Avenue, Jamaica",40.680326,-73.84367379999999,4,85
Apna Bazar,"113-18 Liberty Avenue, South Richmond Hill",40.6854642,-73.8287983,4,2222
GameStop,"9110 Atlantic Avenue, Ozone Park",40.68676490000001,-73.85058289999999,4.1,439
24 Dairy Mill,"13720 Cross Bay Boulevard # 5, Ozone Park",40.6714996,-73.84334489999999,4.2,344
CVS,"97-01 Liberty Avenue, Ozone Park",40.6814267,-73.8418573,2.9,233
Reiss Wholesale Hardware Co,"975 Georgia Avenue, Brooklyn",40.65318669999999,-73.8883132,4.2,47
CubeSmart Self Storage of Brooklyn,"486 Stanley Avenue, Brooklyn",40.6559748,-73.8904846,4.7,414
CVS Pharmacy,"519 Gateway Drive, Brooklyn",40.6529944,-73.870071,3.5,48
Community Healthcare Network – East New York / Dr. Betty Shabazz,"999 Blake Avenue, Brooklyn",40.6699553,-73.8814567,3.3,33
BJ's Optical,"339 Gateway Drive, Brooklyn",40.650938,-73.8739817,4.8,18
Relco Transmission Parts Inc,"806 Alabama Avenue, Brooklyn",40.65668609999999,-73.89193999999999,4,27
Starrett City Pharmacy,"1110 Granville Payne Avenue, Brooklyn",40.65342529999999,-73.88745209999999,4.5,12
TOV Cases & Lighting Corporation.,"901 Essex Street, Brooklyn",40.6620934,-73.8754421,N/A,0
Adorable Pillows,"902 Essex Street, Brooklyn",40.6618113,-73.8761348,4.1,32
City Fresh Supermarket.,"1380 Pennsylvania Avenue, Brooklyn",40.6467159,-73.88380409999999,3.9,480
Dixie USA EMS Supply Co.,"10101 Foster Avenue #1, Brooklyn",40.65026640000001,-73.902911,2.6,5
Nelly's Cake & Party Supply,"597 New Lots Avenue, Brooklyn",40.6647709,-73.88696759999999,4,71
Penn Car Wash and Lube,"1130 Granville Payne Avenue, Brooklyn",40.6528275,-73.8873077,3.9,18
Farm Country of East New York,"2205 Linden Boulevard, Brooklyn",40.6630834,-73.8813718,4.1,1744
Beaver Tattoo,"105-10 Cross Bay Boulevard, Ozone Park",40.67991,-73.844915,4.7,152
Empire Salon Furniture & Beauty Equipment,"733 Livonia Avenue, Brooklyn",40.665589,-73.89000639999999,3.9,9
Worksman Cycles-800BUYCART,"84-06 102nd Road, Ozone Park",40.68028099999999,-73.8544435,3.7,30
Carvel,"163-10 Cross Bay Boulevard, Howard Beach",40.6519713,-73.8384195,3.9,121
Howard Beach Bagel Cafe,"162-54 Cross Bay Boulevard, Howard Beach",40.6525735,-73.83857119999999,4.1,640
Starbucks,51 W. Courtyard,40.6474786,-73.7909013,2.5,117
Euro Café,"Terminal 8, Jamaica",40.646923,-73.7902881,3.8,96
Auntie Anne's,"Terminal 8, Jamaica",40.6499222,-73.793289,4.3,67
FedEx Ship Center,"6 North Boundary Road, Jamaica",40.66072889999999,-73.78257889999999,2.8,1218
T-shirt Egypt,"147-29 182nd Street, Springfield Gardens",40.6589119,-73.7655286,3,2
The Home Depot,"13220 Merrick Boulevard, Rochdale Village",40.6769951,-73.75753069999999,3.9,2281
Baskin-Robbins,"11420 Sutphin Boulevard, South Jamaica",40.6856977,-73.7936869,2.7,26
"Gabrielli Truck Sales, Queens","153-20 South Conduit Avenue, Rochdale Village",40.6657389,-73.7863777,4.2,234
Compak New York Corporation,"147-27 175th Street # 1B, Rochdale Village",40.660353,-73.77053819999999,N/A,0
Ellis Ophthalmic Technologies,"14739 175th Street #128, Jamaica",40.6599102,-73.7705209,5,1
iS Duty Free Beauty,"1 Central Terminal Area, Jamaica",40.6426036,-73.78996149999999,2.6,41
AutoZone Auto Parts,"13515 Rockaway Boulevard, South Ozone Park",40.67486830000001,-73.8026292,4.4,1447
Malca Amit New York Inc,"15366 Rockaway Boulevard # 2, Jamaica",40.66882589999999,-73.782513,N/A,0
Trendz and Tresses,"135-31 Springfield Boulevard, Springfield Gardens",40.6779847,-73.7544922,5,25
Tranship Discount Ltd,"15701 Rockaway Boulevard, Jamaica",40.666375,-73.779173,3.3,8
Cosmos Fence Inc.,"14002 Rockaway Boulevard, Jamaica",40.6740982,-73.80035939999999,3.5,16
Woodbury Automotive,"15375 Rockaway Boulevard, Jamaica",40.66895059999999,-73.7815741,5,1
JFK Office Supermarket Inc,"15810 Rockaway Boulevard, Jamaica",40.66520999999999,-73.7788679,4.3,6
Spencer's Auto Sales Inc,"15044 124th Street, Jamaica",40.6640003,-73.8170001,N/A,0
Occasion Favorz LLC,"120-77 132nd Street, South Ozone Park",40.672532,-73.8061338,N/A,0
Walgreens,"11902 Rockaway Boulevard, South Ozone Park",40.6754998,-73.819035,2.5,211
Ozone Park Lumber,"123-24 Rockaway Boulevard Suite A, South Ozone Park",40.6752283,-73.81429059999999,4,9
Junior's Food Outlet,"145-35 Rockaway Boulevard, South Ozone Park",40.67381739999999,-73.79228599999999,4,583
X-P Shipping,"15506 South Conduit Avenue #2, Jamaica",40.66626679999999,-73.7814245,N/A,0
Unico Spring Co,"113-04 Rockaway Boulevard, South Ozone Park",40.67691370000001,-73.8255028,4.6,82
Kid City,"122-12 Liberty Avenue, South Richmond Hill",40.6872956,-73.82110109999999,3.7,211
Sal's Food Market,"102-10 159th Road, Howard Beach",40.65968900000001,-73.83088939999999,4.4,58
Extreme Auto Accessories,"12019 Rockaway Boulevard, Jamaica",40.6760657,-73.8173005,2.3,3
Baskin-Robbins,"13320 Rockaway Boulevard, South Ozone Park",40.67441790000001,-73.80467399999999,3.7,123
Supreme Aviation Services Inc,"14904 Guy R Brewer Boulevard #1, Jamaica",40.6580311,-73.7679119,N/A,0
InMotion,"Terminal 8 Concourse B, Across from Gates B8 & B10, 219th Street",40.6476882,-73.7919725,2.3,7
Starbucks,"Perimeter Road JFK Airport, Jamaica",40.6507567,-73.7913428,3.8,549
Dunkin',"John F. Kennedy International Airport, Terminal 8, Jamaica",40.6474526,-73.7906235,3.6,266
Dior,Jamaica,40.6469431,-73.7907786,3.7,10
Salvatore Ferragamo,"John F. Kennedy International Airport, Terminal 8, Jamaica",40.6474192,-73.7904958,4.7,3
McDonald's,"Jfk Airport - Jfk, Terminal 1, Terminal Drive, Jamaica",40.6430002,-73.790887,2.9,139
Baskin-Robbins,"John F. Kennedy International Airport, 500 Terminal Drive, Jamaica",40.6430002,-73.790887,3,5
Dunkin',"John F. Kennedy International Airport, Terminal 1, Terminal Drive, Queens",40.6430002,-73.790887,2.8,175
Salvatore Ferragamo,"Terminal 1, 1 JFK Expressway, Jamaica",40.6423553,-73.79170189999999,3.3,4
Starbucks,"HMS Host - Terminal one JFK Airport Buil, Central Terminal Area, Jamaica",40.6428867,-73.79081149999999,2.3,243
3FLOZ Kiosk,"across Gate 2, Terminal 7, JFK Access Road, Jamaica",40.6433507,-73.7889689,5,1
Walmart Supercenter,"77 Green Acres Road South, Valley Stream",40.6615739,-73.7268041,3.9,22057
Green Acres,"2034 Green Acres Road East, Valley Stream",40.6627359,-73.7216384,4.2,33420
Target,"500 Sunrise Highway, Valley Stream",40.6645869,-73.72075459999999,4,1254
Auntie Anne's,"2034 Green Acres Mall, 1129, Space K01, Valley Stream",40.6622964,-73.7194925,4,18
AT&T Store,"1096 Green Acres Road South Suite 120, Valley Stream",40.661925,-73.7178229,4,128
Best Buy,"6 West Cir, Valley Stream",40.664,-73.72414599999999,4,5472
ALDO,"2034 Green Acres Road West #106, Valley Stream",40.6622743,-73.71910439999999,4.2,214
Walmart Pharmacy,"77 Green Acres Road South, Valley Stream",40.6611105,-73.7266392,3.9,67
Advantage Toyota of Valley Stream,"400 Sunrise Highway, Valley Stream",40.6635017,-73.7160334,3.9,2522
Charlotte Russe,"1004 Green Acres Road South, Valley Stream",40.662879,-73.71941799999999,4,183
Walmart Photo Center,"77 Green Acres Road South, Valley Stream",40.6611105,-73.7266392,4,39
Forever 21,"2034 Green Acres Mall, 108 Sunrise Highway, Valley Stream",40.6620838,-73.71946729999999,4.1,442
Karaban Edward S,"500 Sunrise Highway, Valley Stream",40.6646291,-73.7206669,3,1
GNC,"1134 Green Acres Road South, Valley Stream",40.663265,-73.71915,4.2,45
BJ's Wholesale Club,"125 Green Acres Road South, Valley Stream",40.6609038,-73.7223408,3.5,695
Trader Joe's,"1280 West Broadway, Hewlett",40.6393609,-73.70171719999999,4.5,3021
Perfumania,"1102 Green Acres Mall Road #102B, Valley Stream",40.66245909999999,-73.7192917,4.4,93
Lane Bryant,"1092 Green Acres Mall, Valley Stream",40.6620861,-73.7179171,4.4,151
The Home Depot,"101 Green Acres Road South, Valley Stream",40.6598107,-73.72475399999999,3.9,2792
Raphael,"1093 Green Acres Road West, Valley Stream",40.66162549999999,-73.71796719999999,4.2,66
City Streets,"2034 Sunrise Highway, Valley Stream",40.66279919999999,-73.7185279,4.1,18
Weisman Home Outlets - Kitchen & Bathroom Cabinets,"218-01 Merrick Boulevard, Springfield Gardens",40.679734,-73.750371,4.1,223
Mazda of Valley Stream,"676 West Merrick Road, Valley Stream",40.67118440000001,-73.7211669,4.4,944
Sunglass Hut,"1055 Green Acres Mall, Valley Stream",40.6619962,-73.7190445,4.3,40
Journeys,"2034 Green Acres Mall, 1057, Valley Stream",40.6620838,-73.71946729999999,4.3,54
South Shore Hyundai,"360 Sunrise Highway, Valley Stream",40.662882,-73.71430959999999,3.8,1439
Honda Of Valley Stream,"164 Sunrise Highway, Valley Stream",40.6577573,-73.692874,4.1,986
Lids,"2052 Green Acres Mall SP2224B, Valley Stream",40.66319790000001,-73.71876619999999,3.8,89
McDonald's,"244-10 Merrick Boulevard, Rosedale",40.6739334,-73.7289972,3.8,1983
Bical Chevrolet,"709 West Merrick Road, Valley Stream",40.6723459,-73.7220686,4.1,1208
American Eagle & Aerie,"1045 Green Acres Mall, Valley Stream",40.662099,-73.71997,4.3,199
Amazing Value Restaurant Equipment,"241-02 South Conduit Avenue, Rosedale",40.6651153,-73.73745389999999,3,8
HomeGoods,"750 Sunrise Highway, Valley Stream",40.664125,-73.7269893,4.2,617
Dunkin',"31 Franklin Avenue, Hewlett",40.637221,-73.703873,4.1,273
Route 22 Honda,"75 U.S. 22, Hillside",40.6973447,-74.2198938,4.7,6670
University Hospital,"150 Bergen Street, Newark",40.740324,-74.1893163,2.2,1033
Empire Nissan of Hillside,"56 U.S. 22, Hillside",40.6967592,-74.2206439,4.4,2838
Route 22 Toyota,"109 U.S. 22, Hillside",40.697499,-74.22187600000001,4,2189
AT&T Store,"160 Market Street, Newark",40.7356009,-74.1728676,4.3,246
Euro Cafe,Newark,40.6956599,-74.17768989999999,4.7,3
Public Storage,"625 Glenwood Avenue, Hillside",40.7036939,-74.2438346,4.7,675
Hudson News,"1 Newark International Airport Street, Newark",40.69038,-74.1775875,3.2,6
Lowe's Home Improvement,"1721 Morris Avenue, Union",40.6945297,-74.2550476,3.8,2779
Gateway Pharmacy,"1 Gateway Center C125, Newark",40.7344571,-74.1657213,5,76
All Sports Apparel,"1 Gateway Center, Newark",40.7344571,-74.1657213,5,3
Creative Kidstuff,"1 Newark International Airport Street, Newark",40.6904717,-74.1764875,3,1
Dunkin',"3 Penn Plz E, Newark",40.7336241,-74.16136689999999,4.3,16
FlynnO'Hara Uniforms,"196-198 Ferry Street, Newark",40.7285574,-74.156245,3.9,548
Gottscho Printing Systems,"835 Lehigh Avenue, Union",40.6813932,-74.24419879999999,N/A,0
Dunkin',"Terminal C, Newark Int'L Airport Newark Airport, By Gate 110, Newark",40.69761949999999,-74.1752022,3.8,657
Hobby's Delicatessen & Restaurant,"32 Branford Place #2723, Newark",40.7350994,-74.1744305,4.5,1044
CVS,"1105A Morris Avenue, Union",40.6830793,-74.23390479999999,3.3,80
CVS,"275 Chestnut Street, Newark",40.7225812,-74.1652897,3.1,114
McDonald's,"101-115 Clinton Avenue, Newark",40.72557879999999,-74.1823495,3.7,1609
ACE TRUCK SALES,"162 U.S. 9, Newark",40.69075309999999,-74.1920808,2.8,8
Walgreens,"361 Bergen Street, Newark",40.73166649999999,-74.1963449,3.1,211
Redbox,"600 Newark Avenue, Elizabeth",40.6772877,-74.21262159999999,3,3
E Mecca Auto Sales,"357 Elizabeth Avenue, Newark",40.7113685,-74.1957855,4.2,60
Walgreens,"140-42 Ferry Street, Newark",40.72978260000001,-74.1592421,3.3,38
Manhattan Drug Co,"225 Long Avenue, Hillside",40.6983334,-74.2285588,4.3,10
Seabra's Market,"260 Lafayette Street, Newark",40.7279518,-74.16104419999999,4.2,2088
Advance Auto Parts,"619 Newark Avenue, Elizabeth",40.6775665,-74.2109299,4.1,497
T-Mobile,"787 Broad Street, Newark",40.73575599999999,-74.1722657,3.7,154
South Street Auto Salvage,"320 South Street, Newark",40.72003340000001,-74.1648344,1.9,44
T-Mobile Authorized Retailer,"1112 Liberty Avenue, Hillside",40.6922332,-74.2370612,3.2,82
IHT Health Products Inc,"225 Long Avenue #15, Hillside",40.6974838,-74.2287309,N/A,0
Extra Supermarket,"125 Avon Avenue, Newark",40.7254234,-74.19367340000001,4,1703
Advance Auto Parts,"158 Clinton Avenue Ste 160, Newark",40.7235575,-74.1843028,4.1,421
Route 22 Honda Service & Honda Parts,"1480 North Broad Street, Hillside",40.6995094,-74.2155543,4.2,2208
CVS,"265 Long Avenue, Hillside",40.69878,-74.2310469,3.2,129
Family Dollar,"1120 Springfield Avenue, Irvington",40.7256965,-74.2346793,3.4,40
McDonald's,"395 Long Avenue, Hillside",40.6989848,-74.2361762,3.9,2062
UCNJ - Elizabeth Campus Bookstore,"Kellogg Building, 40 West Jersey Street, Elizabeth",40.6646917,-74.21762,4.1,14
Brothers Furniture Warehouse,"357 Long Avenue, Hillside",40.6990767,-74.2342123,4,200
Foot Locker,"1033 Springfield Avenue, Irvington",40.72595279999999,-74.2305341,4.2,185
GameStop,"1114 Liberty Court, Hillside",40.6923283,-74.2372018,4.2,266
McDonald's,"872-934 Frelinghuysen Avenue, Newark",40.690105,-74.202313,3.7,1680
Advance Auto Parts,"758 Lyons Avenue, Irvington",40.7218557,-74.2343415,4,353
McDonald's,"561 McCarter Highway, Newark",40.7266713,-74.17325819999999,3.7,2923
NJIT Bookstore,"120 Summit Street, Newark",40.7412053,-74.178097,4.2,140
Shoenet.Com,"150 Avenue L, Newark",40.7217727,-74.1436485,4.6,11
Metro Honda,"540 New Jersey 440 North, Jersey City",40.7148795,-74.09560979999999,4.3,7960
The Home Depot,"440 New Jersey 440, Jersey City",40.7105868,-74.09684779999999,4,1735
Wise Vision,"295 Ferry Street, Newark",40.7271699,-74.14887949999999,4.1,87
Baskin-Robbins,"596 Market Street, Newark",40.7308271,-74.1521506,3.6,42
Hudson Toyota,"599 New Jersey 440, Jersey City",40.71772720000001,-74.09588939999999,4.4,4366
Continental Trading & Hardware,"400 Delancy Street, Newark",40.7163781,-74.1485855,4.3,381
Shifman Mattress Company,"1 Mott Street, Newark",40.7325139,-74.1485725,4,41
Budget Self Storage - Self Storage Newark NJ,"414 Raymond Boulevard, Newark",40.73375009999999,-74.1375704,3.7,62
Walgreens,"1561 John F. Kennedy Boulevard, Jersey City",40.69568930000001,-74.0996672,3.3,80
Hudson Nissan,"585 New Jersey 440, Jersey City",40.7168595,-74.0962371,4.5,2162
McDonald's,"772 Broad Street, Newark",40.735973,-74.17163099999999,3.7,1680
got shoes?,"172 Ferry Street, Newark",40.7289781,-74.15754369999999,4,61
Foot Locker,"701 New Jersey 440 APT 25, Jersey City",40.72115589999999,-74.0959826,3.9,187
Lowe's Home Improvement,"727 New Jersey 440, Jersey City",40.72328359999999,-74.0945414,3.9,1731
P.C. Richard & Son,"727 New Jersey 440, Jersey City",40.7221998,-74.0947621,4.8,2789
Party City,"733 New Jersey 440, Jersey City",40.7228193,-74.0929878,4,784
NJ State Auto Used Cars Jersey City,"406 Sip Avenue, Jersey City",40.734799,-74.07975239999999,4.5,1990
Pep Boys,"701 New Jersey 440, Jersey City",40.71937,-74.094584,3.7,980
Steven's Jersey City Ford,"740 New Jersey 440, Jersey City",40.721249,-74.0918921,3.8,1982
Old Navy,"701 New Jersey 440, Jersey City",40.7215081,-74.0950743,3.9,859
Mattress Firm Jersey City,"701 New Jersey 440, Jersey City",40.7217611,-74.093256,4.7,518
Hudson Hyundai,"977 Communipaw Avenue, Jersey City",40.7234431,-74.0887137,4.7,6233
Marshalls & HomeGoods,"701 New Jersey 440, Jersey City",40.7200665,-74.0962384,4.4,1543
The UPS Store,"910 Bergen Avenue, Jersey City",40.7300462,-74.06501670000002,4.5,579
Hudson Subaru,"943 Communipaw Avenue, Jersey City",40.72301899999999,-74.0877251,4.8,2246
Walgreens,"2395 John F. Kennedy Boulevard, Jersey City",40.7199754,-74.07852609999999,2.3,274
ThreadLab,"2815 John F. Kennedy Boulevard floor 2, Jersey City",40.732166,-74.06700599999999,4.5,15
Hudson Pre-Owned,"625 New Jersey 440, Jersey City",40.71816919999999,-74.0952506,4.2,1412
Dairy Queen (Treat Only),"513 West Side Avenue, Jersey City",40.7185514,-74.0837135,4.5,491
AutoZone Auto Parts,"629 Communipaw Avenue, Jersey City",40.7178388,-74.0745657,4,894
Big Lots,"701 New Jersey 440 Suite 46, Jersey City",40.7196845,-74.096341,4.3,935
Hudson Auto Plaza Service Center,"150 Pacific Avenue, Jersey City",40.7071037,-74.0676422,4,328
Raymour & Flanigan Furniture and Mattress Store,"440 New Jersey 440, Jersey City",40.7113171,-74.0960238,4.5,1107
Patel Brothers,"780-782 Newark Avenue, Jersey City",40.735664,-74.06412,4,3251
99¢ Plus Convenience,"502 West Side Avenue, Jersey City",40.717965,-74.083742,N/A,0
Universal Chemicals Inc,"100 Hackensack Avenue, Kearny",40.734462,-74.09873,3.5,4
Axis Chevrolet,"682 Garfield Avenue, Jersey City",40.70307589999999,-74.07588559999999,4.2,1414
Caso's Gun-A-Rama,"176 Danforth Avenue #2626, Jersey City",40.69772870000001,-74.0921831,4.8,248
Duane Reade,"1 Path Plaza, Jersey City",40.73202509999999,-74.0632287,2.4,129
Advance Auto Parts,"725 New Jersey 440, Jersey City",40.7226898,-74.0927705,4,169
Midtown Lumber,"37 Fairmount Avenue, Jersey City",40.7177662,-74.0626486,4.8,144
Extra Supermarket,"360 Martin Luther King Drive, Jersey City",40.7103021,-74.0771872,4.1,1909
Liquor City,"321 Rt 440 S Stadium Plaza Shopping Center next to ACME, Jersey City",40.7100848,-74.10208949999999,4.4,185
Imago Beauty Group,"673 Bergen Avenue, Jersey City",40.7233225,-74.07075739999999,5,35
Daisy Deli,"551 Communipaw Avenue, Jersey City",40.7164485,-74.0708339,N/A,0
Wonder Bagels,"433 Sip Avenue, Jersey City",40.73412139999999,-74.0804641,4.3,1030
Feed Your Soul,"78 John Miller Way, Kearny",40.7240548,-74.1094183,4.2,11
Dunkin',"511 West Side Avenue, Jersey City",40.7184123,-74.0839089,4.2,337
Fastenal Fulfillment Center,"9 Basin Drive #140, Kearny",40.7271801,-74.1044944,1,1
T-Mobile,"2836 John F. Kennedy Boulevard, Jersey City",40.73157,-74.06597599999999,3.7,244
Big Bazar Indian supermarket - best Indian grocery store,"831 Newark Avenue, Jersey City",40.735656,-74.066267,4.1,916
Whole Foods Market,"270 Greenwich Street, New York",40.71558769999999,-74.0114521,4.4,3790
AT&T Store,"217 Broadway Suite 101, New York",40.7118018,-74.0085588,4,239
Carlo's Bakery,"95 Washington Street, Hoboken",40.73719639999999,-74.0307786,4.4,8945
T.J. Maxx,"14 Wall Street, New York",40.7076082,-74.0104393,4.2,2625
CVS,"129 Fulton Street, New York",40.7102958,-74.007457,3.4,248
Best Buy,"125 18th Street, Jersey City",40.7318749,-74.0382032,4.2,4786
Bubby's,"120 Hudson Street, New York",40.719819,-74.0083829,4.4,6956
Target,"100 14th Street, Jersey City",40.7326867,-74.0362548,3.9,2099
New York Diamond Center Inc,"65 Broadway, New York",40.70739599999999,-74.012571,4.6,10
GNC,"2 Broadway, New York",40.7045973,-74.0130665,3.3,70
Le Pain Quotidien,"81 West Broadway, New York",40.7150161,-74.0092841,4.2,735
Banter by Piercing Pagoda,"KI02A, 30 Mall Drive West, Jersey City",40.72684059999999,-74.0379931,3.5,70
FedEx Office Print & Ship Center,"30 Montgomery Street Suite 110, Jersey City",40.7167231,-74.03525139999999,2.5,219
"Jacob Nachum, OD, PC","26 Broadway Ste 908, New York",40.7055092,-74.0131178,3,62
PANDORA,"B35D, 30 Mall Drive West, Jersey City",40.7268143,-74.03783179999999,4.2,229
Elite Brand,"40 Wall Street 61st floor, New York",40.7069615,-74.0097684,2,11
LensCrafters,"60 Broad Street, New York",40.7051379,-74.0117233,4.7,676
Voice & Wireless Communication Systems,"Trump Building, New York",40.7069066,-74.0097122,N/A,0
Myoptics,"7 Hanover Square, New York",40.70404600000001,-74.0096618,N/A,0
GURHAN - Designer Jewelry,"160 Franklin Street 1st Floor, New York",40.71945480000001,-74.00819419999999,4.3,11
Red Mango,"111 Fulton Street, New York",40.70997029999999,-74.00671,4,283
Duane Reade,"250 Broadway, New York",40.7128423,-74.0077398,3.8,90
Macy's,"Newport Centre Mall, 20 Mall Drive East, Jersey City",40.72625199999999,-74.037353,4.3,5773
Dominique Ansel Bakery,"189 Spring Street, New York",40.7252509,-74.0028734,4.3,8295
Warby Parker HQ and Showroom,"233 Spring Street 6th Floor E, New York",40.7257355,-74.0048856,4.4,223
Lovely Bride New York,"182 Duane Street, New York",40.717149,-74.010093,4.7,538
Zumiez,"30 Mall Drive West, Jersey City",40.7271219,-74.0375942,4.3,86
LOFT,"2 Broadway, New York",40.70469499999999,-74.0130313,4.3,131
Midtown Comics Downtown,"64 Fulton Street, New York",40.708721,-74.00536090000001,4.7,1384
Patagonia,"72 Greene Street, New York",40.72321880000001,-74.0005998,4.5,795
Monster Island Recording,"42 Broadway # 4, New York",40.70597960000001,-74.01260289999999,N/A,0
Bloomingdale's,"504 Broadway, New York",40.7221565,-73.9992178,4.2,2842
Starbucks,"200 Liberty Street, New York",40.71064059999999,-74.01566919999999,3.9,359
Korin,"57 Warren Street, New York",40.7147296,-74.00943,4.7,307
AT&T Store,"260 Canal Street, New York",40.7185239,-74.0010437,4.3,77
The Home Depot,"180 12th Street, Jersey City",40.730658,-74.0404776,4.2,1973
Garic Inc,"26 Broadway #2310, New York",40.705442,-74.01288799999999,N/A,0
UGG Soho,"79 Mercer Street, New York",40.7228732,-74.0003615,3.7,389
Chambers Street Wines,"79 Chambers Street a, New York",40.7146474,-74.006858,4.7,237
Duane Reade,"95 Wall Street, New York",40.70492539999999,-74.0073757,2.6,54
Make-Up Designory,"65 Broadway #15th, New York",40.7075734,-74.01290469999999,4.3,48
New York City Fire Museum,"278 Spring Street, New York",40.7255556,-74.0069444,4.5,876
Billy's Bakery - Tribeca,"75 Franklin Street, New York",40.7177113,-74.00448329999999,3.8,166
Fountain Pen Hospital,"10 Warren Street, New York",40.7140841,-74.00726209999999,4.7,395
Cohen's Fashion Optical,"30 Mall Drive West, Jersey City",40.7276517,-74.03786819999999,4.3,491
ABC Pharmacy,"139 Centre Street, New York",40.7175019,-74.0005449,3.3,7
AT&T Store,"30 Mall Drive West Space B29b, Jersey City",40.7268498,-74.037061,3.7,365
LOFT,"30 Mall Drive West, Jersey City",40.72729750000001,-74.0378807,4.4,76
Lot-Less,"97 Chambers Street # 1805, New York",40.7148895,-74.0076218,4.4,1346
Greenwich St. Jewelers,"93 Reade Street, New York",40.7154284,-74.0079739,4.9,783
Emergency Lights Co.,"11 Stone Street, New York",40.7041666,-74.0122671,N/A,0
Kaffe Landskap NYC (South),"275 Greenwich Street, New York",40.7151157,-74.0111015,4.3,766
Starbucks,"110 Pearl Street, New York",40.704655,-74.009,3.8,318
CB2,"451 Broadway, New York",40.7206808,-74.00122069999999,4.1,450
Leo's Bagels,"3 Hanover Square, New York",40.7049369,-74.0097345,4.3,2380
Anthropologie,"420 West Broadway, New York",40.7251385,-74.0017447,3.9,30
Doughnut Plant,"379 Grand Street, New York",40.7163226,-73.9886495,4.5,2151
Best Buy,"622 Broadway, New York",40.7257151,-73.99593449999999,4.1,3910
Apple SoHo,"103 Prince Street, New York",40.725058,-73.999029,4.2,3825
UNIQLO Soho Store,"546 Broadway, New York",40.7234986,-73.9982019,4.4,4851
Balthazar,"80 Spring Street, New York",40.72266799999999,-73.99822979999999,4.4,6739
Halloween Adventure Shop,"104 4th Avenue, New York",40.73235859999999,-73.9904637,4.4,954
Best Buy,"52 East 14th Street, New York",40.734316,-73.990105,4.1,7966
Magnolia Bakery,"401 Bleecker Street, New York",40.7358891,-74.0049542,4.3,4415
Veniero's Pasticceria & Caffe,"342 East 11th Street, New York",40.72942080000001,-73.9845332,4.6,4762
Max Brenner New York,"841 Broadway, New York",40.73432269999999,-73.991186,4.3,6353
Clinton St. Baking Company,"4 Clinton Street, New York",40.721264,-73.9838497,4.4,5588
Warby Parker Greene St.,"121 Greene Street, New York",40.7254012,-73.9992147,4.5,341
Nordstrom Rack,"60 East 14th Street, New York",40.7343826,-73.990185,4.1,2632
Rice To Riches,"37 Spring Street, New York",40.72185280000001,-73.99580279999999,4.6,3145
Trader Joe's,"142 East 14th Street, New York",40.733371,-73.9878966,4.4,4858
Party City,"38 West 14th Street, New York",40.7366397,-73.9955533,3.8,1431
Spot Dessert Bar,"13 Saint Marks Place, New York",40.7293975,-73.988927,4.5,2881
Forbidden Planet,"832 Broadway, New York",40.733425,-73.99076939999999,4.6,4580
Brooklyn Brewery,"79 North 11th Street, Brooklyn",40.7217625,-73.9577086,4.5,1752
Scuba.com,"50 West 17th Street, New York",40.7387496,-73.9947456,4.5,683
Flight Club,"812 Broadway, New York",40.73271640000001,-73.99106379999999,3.9,3821
Astor Wines & Spirits,"399 Lafayette Street, New York",40.72796199999999,-73.99277459999999,4.7,1852
Irving Plaza,"17 Irving Place, New York",40.73492900000001,-73.988448,4.3,2880
The Public Theater,"425 Lafayette Street, New York",40.7290672,-73.99190329999999,4.7,1587
Amorino Gelato - New York Greenwich Village,"60 University Place, New York",40.732917,-73.993894,4.5,1565
Urban Outfitters,"628 Broadway, New York",40.72594360000001,-73.9958479,4,1232
Russ & Daughters,"179 East Houston Street, New York",40.7225803,-73.9883134,4.6,4068
Palma,"28 Cornelia Street, New York",40.73120109999999,-74.0023412,4.6,962
Paragon Sports,"867 Broadway, New York",40.7377091,-73.9904174,4.1,1927
Il Buco Alimentari & Vineria,"53 Great Jones Street, New York",40.7264539,-73.992549,4.5,970
Rubirosa,"235 Mulberry Street, New York",40.7227383,-73.99613470000001,4.6,4829
Ferrara Bakery & Cafe,"195 Grand Street, New York",40.71907789999999,-73.9970913,4.4,6663
Osteria Morini,"218 Lafayette Street, New York",40.72201669999999,-73.9977806,4.4,1281
SEPHORA,"557 Broadway, New York",40.7239309,-73.9983268,4.4,820
Guitar Center,"25 West 14th Street, New York",40.736742,-73.9947538,4.4,2545
Buffalo Exchange,"332 East 11th Street, New York",40.7296018,-73.984837,3.6,282
The UPS Store,"144 North 7th Street, Brooklyn",40.71823049999999,-73.9586269,3.6,444
Beacon's Closet,"74 Guernsey Street, Brooklyn",40.7236258,-73.95258319999999,4.3,947
Buffalo Exchange,"504 Driggs Avenue, Brooklyn",40.7183246,-73.95528159999999,3.5,383
Marlow & Sons,"81 Broadway, Brooklyn",40.710686,-73.965671,4.4,596
Evan Eisman Company,"Building 280, Brooklyn Navy Yard, 63 Flushing Avenue Suite 817, Brooklyn",40.69865610000001,-73.9753866,5,2
Blick Art Materials,"536 Myrtle Avenue, Brooklyn",40.6934448,-73.9637226,4.6,704
Dun-Well Doughnuts,"222 Montrose Avenue, Brooklyn",40.7074134,-73.9402643,4.6,1149
Economy Candy,"108 Rivington Street, New York",40.720105,-73.987861,4.7,2240
Starbucks,"80 Delancey Street, New York",40.719333,-73.989977,3.8,1101
AT&T Store,"21 Graham Avenue, Brooklyn",40.7019894,-73.94255369999999,4.5,400
Staples,"535 Morgan Avenue, Brooklyn",40.72228299999999,-73.939168,3.7,296
H&M,"497-501 Fulton Street, Brooklyn",40.6909713,-73.98496999999999,4.2,1301
Portabella,"423 Knickerbocker Avenue, Brooklyn",40.6996474,-73.9195585,3.9,58
Sugar Sweet Sunshine Bakery,"365 Grand Street, New York",40.716406,-73.9887986,4.6,671
Essex Market,"88 Essex Street, New York",40.7180004,-73.98819,4.5,6338
Three Kings Tattoo Brooklyn,"572 Manhattan Avenue, Brooklyn",40.7225583,-73.9499556,4.6,362
Cafe Colette,"79 Berry Street, Brooklyn",40.71974830000001,-73.9576144,4.4,1022
Bagelsmith,"566 Lorimer Street, Brooklyn",40.7138889,-73.94916669999999,3.8,767
Heavy Metal Drummer,"630 Flushing Avenue, Brooklyn",40.69982409999999,-73.94809819999999,5,1
il laboratorio del gelato,"188 Ludlow Street, New York",40.7220845,-73.9871545,4.6,1117
Jacques Torres Chocolate - Dumbo,"66 Water Street, Brooklyn",40.7032083,-73.99142499999999,4.4,913
Brooklyn Ice Cream Factory,"14 Old Fulton Street, Brooklyn",40.70268720000001,-73.9946422,4.3,2142
The Natural Wine Company,"211 North 11th Street, Brooklyn",40.7188628,-73.95326419999999,4.7,110
Catbird Jewelry Williamsburg,"108 North 7th Street, Brooklyn",40.7189865,-73.9598883,4.2,384
Babeland,"94 Rivington Street, New York",40.72029999999999,-73.988531,4.1,51
Duane Reade,"756 Myrtle Avenue, Brooklyn",40.69481710000001,-73.95228139999999,2.7,124
Sahadi's,"187 Atlantic Avenue, Brooklyn",40.69022470000001,-73.9933623,4.7,1053
Oliphant Studios,"449 Troutman Street Suite B, Brooklyn",40.7082529,-73.92151609999999,4.8,21
Artist & Craftsman Supply Williamsburg,"761 Metropolitan Avenue, Brooklyn",40.714746,-73.943569,4.7,448
bp,"256 McGuinness Boulevard, Brooklyn",40.73095229999999,-73.9514957,3.8,55
The Shops at Atlas Park,"8000 Cooper Avenue, Glendale",40.70866969999999,-73.86936659999999,4.4,7356
Trader Joe's,"9030 Metropolitan Avenue, Rego Park",40.7109939,-73.8581298,4.4,5959
FedEx Ship Center,"58-95 Maurice Avenue, Maspeth",40.72583799999999,-73.910597,2.2,1352
Party City,"74-17 Grand Avenue, Elmhurst",40.7311111,-73.8872222,4,657
Sally Beauty,"7417 Grand Avenue, Elmhurst",40.7306377,-73.8874152,4.1,69
Macy's,"9001 Queens Boulevard, Elmhurst",40.7343519,-73.87158769999999,4.3,9247
The Home Depot,"75-09 Woodhaven Boulevard, Glendale",40.7085881,-73.858203,4.1,3984
Grainger Industrial Supply,"58-45 Grand Avenue, Maspeth",40.7205444,-73.9099872,4,112
Bob’s Discount Furniture and Mattress Store,"72-25 Woodhaven Boulevard, Glendale",40.7110512,-73.8591819,4.7,7831
AT&T Store,"8000 Cooper Avenue Space 6106, Glendale",40.7082029,-73.8681722,4.3,11
Target,"8801 Queens Boulevard, Elmhurst",40.7357181,-73.8744498,4,1496
ACCESSORIES BY MOMO,"80-82 Cooper Avenue, Glendale",40.708019,-73.868036,4.2,16
J.K. & Sons,"801 Broadway, Brooklyn",40.699847,-73.940017,4.4,448
Walgreens,"8011 Eliot Avenue, Middle Village",40.72545170000001,-73.87875749999999,3.2,69
bp,"59-36 Maurice Avenue, Maspeth",40.72691349999999,-73.9071604,3.2,41
Miracle-Ear Hearing Aid Center,"71-19 80th Street #8303, Glendale",40.7075293,-73.8687375,4,23
Walgreens,"755 Broadway, Brooklyn",40.7006858,-73.94145639999999,2.5,263
bp,"1049 Grand Street, Brooklyn",40.714042,-73.93355,3,38
QUAILS,"90-15 Queens Boulevard, Elmhurst",40.73427160000001,-73.8703822,3.9,48
Crest Office Products Legacy Workplace Solutions,"754 Jamaica Avenue, Brooklyn",40.6879405,-73.8763632,N/A,0
The Lobby Chemists,"374 Stockholm Street, Brooklyn",40.70408200000001,-73.9177493,3.6,9
Michaels,"Metropolitan Plaza, 9030 Metropolitan Avenue, Rego Park",40.71085660000001,-73.8583482,4.2,1980
Swarovski,"Center Mall, 90-15 Queens Boulevard Spc 2028, Elmhurst",40.73444440000001,-73.87,4.1,77
Starbucks,"8000 Cooper Avenue, Glendale",40.7082088,-73.869089,3.7,511
BJ's Wholesale Club,"66-26 Metropolitan Avenue, Middle Village",40.7115149,-73.892085,3.6,518
Rite Aid,"55-60 Myrtle Avenue, Ridgewood",40.69987200000001,-73.906277,3.6,146
Pep Boys,"61-01 Metropolitan Avenue, Ridgewood",40.713063,-73.902239,3.6,1774
Hot Topic,"90-15 Queens Boulevard SPC 1076, Elmhurst",40.734459,-73.8699135,4.5,1285
Circo's Pastry Shop,"312 Knickerbocker Avenue, Brooklyn",40.7015068,-73.9233323,4.6,632
Eye World Optical LTD,"66-26 Metropolitan Avenue, Middle Village",40.7113697,-73.8916826,4.8,459
Kings Building Material,"303 Johnson Avenue, Brooklyn",40.7072431,-73.9382388,4.1,60
Calibella Bakery & Piqueteadero,"164 Wyckoff Avenue, Brooklyn",40.702284,-73.916225,4.3,359
KIKO Group USA (KIKO Wireless Inc.),"1345 Flushing Avenue Corner of Flushing Ave and, Seneca Avenue, Brooklyn",40.7105172,-73.9211493,4.9,293
Walgreens,"210 Union Avenue, Brooklyn",40.7068767,-73.9500479,2.5,192
Amazing Savings Williamsburg,"331 Rutledge Street, Brooklyn",40.7058576,-73.9514465,4.4,1294
HearUSA,"91-31 Queens Boulevard #214, Elmhurst",40.73358829999999,-73.86956289999999,4.8,72
Walgreens,"1366 Broadway, Brooklyn",40.68925309999999,-73.92217,1.9,268
FlynnO'Hara Uniforms,"80-40 Cooper Avenue Bldg 4, Glendale",40.7091386,-73.8685576,4.7,1277
Williamsburg Animal Clinic,"760 Grand Street, Brooklyn",40.7116449,-73.94272629999999,4.2,437
BJ's Optical,"66-26 Metropolitan Avenue, Middle Village",40.7115149,-73.892085,4.8,57
Material World Records & Tapes,"184 Noll Street Office #1, Brooklyn",40.704071,-73.9298525,4.7,89
Office 11206 - Pack and Ship Center,"442 Lorimer Street # D, Brooklyn",40.71021229999999,-73.9484927,4.1,231
GLENDALE INK STUDIO,"66-15 Myrtle Avenue, Glendale",40.7015645,-73.88770389999999,4.6,92
99¢ Deal,"80-16 Jamaica Avenue, Jamaica",40.6919616,-73.8617057,4.2,26
Fortunato Brothers,"289 Manhattan Avenue, Brooklyn",40.7137213,-73.9461759,4.6,1637
"HG Stones - Granite Stone, Marble Flooring, Onyx, Kitchen Countertops, Slabs in Brooklyn NY","179 Morgan Avenue, Brooklyn",40.7103043,-73.9337335,4.4,5
Costco Wholesale,"6135 Junction Boulevard, Rego Park",40.73297249999999,-73.86275700000002,4.3,6848
Hillside Honda,"13907 Hillside Avenue, Briarwood",40.70488040000001,-73.8140978,4.1,3933
"Queens Auto Mall, Inc. - Used Car Dealership New York","134-01 Atlantic Avenue, Richmond Hill",40.6972409,-73.8150374,4.2,3528
ALDI,"61-11 Junction Boulevard, Rego Park",40.7335112,-73.8630979,4.2,4335
Panera Bread,"61-35 Junction Boulevard Suite D102, Rego Park",40.7328712,-73.8635047,3.7,772
Auntie Anne's,"61-35 Junction Boulevard, Rego Park",40.73307730000001,-73.8629763,3.4,45
Martha's Country Bakery,"70-28 Austin Street, Forest Hills",40.7203863,-73.8460099,4.4,5303
The Vitamin Shoppe,"61-35 Junction Boulevard, Rego Park",40.7327906,-73.8635602,4.1,99
The UPS Store,"138-44 Queens Boulevard Ste C, Briarwood",40.7076216,-73.81797879999999,4.1,151
Best Buy,"6135 Junction Boulevard, Rego Park",40.73364290000001,-73.864081,4.2,5863
JCPenney,"92-59 59th Avenue, Elmhurst",40.73495399999999,-73.867778,4.3,4173
Hillside Toyota,"139-65 Queens Boulevard, Jamaica",40.7046826,-73.81504249999999,4.5,5867
AT&T Store,"107-24 Continental Avenue, Forest Hills",40.7207011,-73.8440107,4.1,195
T.J. Maxx,"6101 Junction Boulevard, Rego Park",40.7327795,-73.8633653,4.3,1380
Ann Taylor Factory Store,"71-09 Austin Street, Forest Hills",40.7201752,-73.8443288,4.5,175
Walgreens,"13250 Metropolitan Avenue, Richmond Hill",40.702613,-73.818595,2.7,74
Marshalls,"96-05 Queens Boulevard, Rego Park",40.73061599999999,-73.86225449999999,4.2,1691
bp,"134-30 Atlantic Avenue, South Richmond Hill",40.696918,-73.813976,3.9,213
USS Auto Sound & Security,"144-24 Hillside Avenue, Jamaica",40.705112,-73.81084299999999,3.7,20
American Eagle & Aerie,"90 15 Queens Boulevard Space 3006, Elmhurst",40.734356,-73.870359,4.4,480
Forest Hills Vision Associates,"6939 Austin Street, Forest Hills",40.7212506,-73.84748650000002,4.7,201
AT&T Store,"90-15 Queens Boulevard Space 25, Elmhurst",40.73443679999999,-73.8699596,3.9,206
Steve Madden,"90-15 Queens Boulevard Suite# 1063, Elmhurst",40.7346716,-73.8692875,4.4,65
Good guys grocery & deli,"10248 Jamaica Avenue, Richmond Hill",40.695124,-73.8435511,4.2,42
SEPHORA,"7130 Austin Street, Forest Hills",40.7196225,-73.8437497,4.1,583
FedEx Office Print & Ship Center,"11810 Queens Boulevard, Forest Hills",40.71475,-73.832374,2.6,262
Stop & Shop,"8989 Union Turnpike, Glendale",40.7071685,-73.854721,4.2,1989
Burlington,"9605 Queens Boulevard, Rego Park",40.731424,-73.8618461,3.9,1310
CVS,"118-10 Queens Boulevard, Forest Hills",40.7146041,-73.8324877,3.4,175
The UPS Store,"95-22 63rd Road, Rego Park",40.7305183,-73.8610501,2.8,323
Staples,"9030 Metropolitan Avenue Suite 3, Rego Park",40.7110201,-73.85842420000002,3.7,341
The Home Depot,"92-30 168th Street, Jamaica",40.7051616,-73.7927393,4.1,2983
Marshalls,"168-23 Jamaica Avenue, Jamaica",40.70695,-73.79155519999999,4,2515
Kohl's,"6111 188th Street, Fresh Meadows",40.74023179999999,-73.7856827,4.2,3473
Sneaker Choice,"8902 165th Street Mw11, Jamaica",40.70713899999999,-73.79642199999999,4.1,7
Kids Foot Locker,"164-15 Jamaica Avenue, Jamaica",40.7055523,-73.79523970000001,4.1,55
AT&T Store,"164-11 Jamaica Avenue, Jamaica",40.70550439999999,-73.79535779999999,4.2,191
I DJ NOW,"181-24 Horace Harding Expressway, Fresh Meadows",40.7389427,-73.7919792,4.5,267
Aron's Kissena Farms,"72-15 Kissena Boulevard, Flushing",40.7281381,-73.8140665,4.3,1429
AT&T Store,"16713 Union Turnpike, Fresh Meadows",40.7229914,-73.8006786,3.9,53
Sports In Effect Inc,"8902 165th Street #130, Jamaica",40.70713899999999,-73.79642199999999,5,3
AT&T Store,"61-44 188th Street, Fresh Meadows",40.7393671,-73.7864247,4,196
John's Jewelry Inc.,"89-02 165th Street, Jamaica",40.70713899999999,-73.79642199999999,5,7
nikfinestore,"89-02 165th Street, Jamaica",40.70713899999999,-73.79642199999999,3.9,17
EmblemHealth Pharmacy,"18005 Hillside Avenue, Jamaica",40.7134181,-73.7819324,2.5,4
"Jamilah Aromatherapy, Inc.","161-10 Jamaica Avenue, Jamaica",40.7037585,-73.7978388,5,1
All In One Pharmacy,"7568 187th Street, Flushing",40.7292011,-73.78231389999999,4.4,18
Starbucks,"118-24 Queens Boulevard, Kew Gardens",40.7143857,-73.8319424,4.1,829
"Benny's Jewelry, LTD.","89-02 165th Street b1, Jamaica",40.70719340000001,-73.7958398,3.8,66
P.C. Richard & Son,"113-14 Queens Boulevard, Forest Hills",40.71717909999999,-73.83565829999999,4.8,3801
Fabco Shoes (Former Payless ShoeSource),"14705 Jamaica Avenue #07, Jamaica",40.7019499,-73.807568,4.3,100
Baskin-Robbins,"8347 Parsons Boulevard, Jamaica",40.7144261,-73.8072478,3.4,19
Amazing Savings Queens,"69-68 Main Street, Flushing",40.7293968,-73.82348209999999,4.4,1161
CVS,"61-26 188th Street, Fresh Meadows",40.7396609,-73.78635670000001,2.7,227
Dale Pro Audio,"148-04 95th Avenue, Jamaica",40.69907359999999,-73.80428719999999,4.7,35
Cookie's Department Stores,"16621 Jamaica Avenue, Jamaica",40.7063177,-73.7932355,4.1,329
Ambica Stationary & Legal Form INC.,"8787 Sutphin Boulevard, Jamaica",40.7049927,-73.80918199999999,4,26
Lefferts Animal Hospital,"86-37 Lefferts Boulevard, Richmond Hill",40.7003555,-73.8309142,4.1,530
AutoZone Auto Parts,"16020 Union Turnpike, Fresh Meadows",40.72047209999999,-73.8064879,3.8,1014
VIM,"164-01 Jamaica Avenue, Jamaica",40.7055953,-73.7956904,4.2,1702
Old Navy,"159-18 Jamaica Avenue, Jamaica",40.7033615,-73.7995268,4.3,1192
Seasons Queens - Kosher Supermarket,"68-18 Main Street, Flushing",40.7326732,-73.82539129999999,4.3,878
Peter Lam Violins,"67 48 173rd Street, Fresh Meadows",40.7332195,-73.7969877,4.2,13
Queens Health Emporium,"15901 Horace Harding Expressway, Fresh Meadows",40.738984,-73.80910709999999,4.4,523
AutoZone Auto Parts,"11220 Atlantic Avenue, Jamaica",40.6923146,-73.8331582,3.8,1266
Tower Pharmacy & Surgical,"185-12 Hillside Avenue, Jamaica",40.714182,-73.776483,4.6,14
Cold Stone Creamery,"17660 Union Turnpike, Flushing",40.7256616,-73.791372,4,510
Pep Boys,"1802 Hempstead Turnpike, Elmont",40.70834199999999,-73.706169,4,1225
The Home Depot,"600 Hempstead Turnpike, Elmont",40.7096538,-73.7022758,4,3332
Mattress Firm Elmont,"821 Hempstead Turnpike, Elmont",40.70692400000001,-73.694738,4.9,559
Staples,"25121 Jericho Turnpike Suite B, Queens",40.7276476,-73.71333039999999,4.1,316
Advance Auto Parts,"2 Jericho Turnpike, Floral Park",40.7265597,-73.7122124,4.1,424
Pep Boys,"208-22 Jamaica Avenue, Queens Village",40.71422559999999,-73.7514152,3.9,1333
Cross Island Tire & Wheel,"216-02 Hempstead Avenue, Queens Village",40.7151677,-73.7433011,4.5,249
Marshalls,"600 Hempstead Turnpike, Elmont",40.709402,-73.701086,4,1638
Shaheen Sweets of Queens,"23609 Braddock Avenue, Jamaica",40.72751,-73.73101299999999,4.8,440
Star Cars Auto Mall,"210-11 Jamaica Avenue, Queens Village",40.71524229999999,-73.7503502,3.6,56
The UPS Store,"204-17 Hillside Avenue, Hollis",40.72098980000001,-73.7609571,3,141
Star Auto Group,"211-52 Jamaica Avenue, Jamaica",40.7150875,-73.74728,2.5,15
Doren Car Stereo & Alarm,"215-12 Jamaica Avenue, Queens Village",40.7169444,-73.7402778,4.2,236
CVS,"1797 Dutch Broadway, Elmont",40.6897667,-73.7095564,3,111
Amco Uniform Rental,"21916 Linden Boulevard, Jamaica",40.694974,-73.74052379999999,4.4,20
GB'S Sneaker Boutique,"164th st and, 89th Avenue, Jamaica",40.7071698,-73.7964662,4.9,2472
Key Food Supermarkets,"220-46 Hillside Avenue, Queens Village",40.7309718,-73.7421659,3.8,725
New York Motorcycle,"222-02 Jamaica Avenue, Queens Village",40.72029029999999,-73.7319105,4.1,333
Soul 2 Sole Sneaker Center,"190-17 Linden Boulevard, St. Albans",40.6923684,-73.7605185,4,18
McDonald's,"159-01 Jamaica Avenue, Jamaica",40.703579,-73.800079,3.5,1915
Hollis Drugs & Surgicals,"20608 Hollis Avenue, Queens Village",40.7071686,-73.7506853,4.9,39
Western Beef Supermarket,"1717 Old, Dutch Broadway, Elmont",40.6878184,-73.7055797,4,681
Jimmy Jazz,"162-23 Jamaica Avenue, Jamaica",40.7046029,-73.7970529,4.1,209
Nutracare Pharmacy,"22036 Hillside Avenue, Queens",40.7308147,-73.7424858,4.5,15
The Home Depot,"60 Orange Street, Bloomfield",40.7860331,-74.1981733,4.1,2385
Marshalls,"8-12 Franklin Street, Bloomfield",40.78231600000001,-74.184322,4.1,1533
"Patricia A. Findley, DRPH","385 Tremont Avenue, East Orange",40.7525482,-74.23613639999999,N/A,0
BMW of Bloomfield,"425 Bloomfield Avenue, Bloomfield",40.7890386,-74.194728,4.5,3138
Marshalls,"175 Passaic Avenue, Kearny",40.760792,-74.161294,4.3,2026
ShopRite of Kearny Square,"100 Passaic Avenue, Kearny",40.7568511,-74.16056820000001,4.3,4732
Staples,"135 Bloomfield Avenue, Bloomfield",40.7790603,-74.18708869999999,4,2500
Lynnes Hyundai,"401 Bloomfield Avenue, Bloomfield",40.7882535,-74.1943129,4.2,3122
Titillations Go-Go Bar,"12 Willow Street, Bloomfield",40.7836091,-74.1990402,4.2,247
Lynnes Nissan City,"318 Bloomfield Avenue, Bloomfield",40.7849331,-74.1934398,4.4,3351
Seton Hall University Bookstore,"Duffy Hall, 400 South Orange Avenue, South Orange Village",40.74265820000001,-74.24570489999999,4.4,150
St Lucy's Roman Catholic Church,"118 7th Avenue, Newark",40.75095109999999,-74.1763855,4.7,94
Calandra's Bakery,"204 1st Avenue, Newark",40.767581,-74.18174499999999,4.5,2613
Walgreens,"508 Main Street, East Orange",40.7662375,-74.2160583,2.5,158
Windsor Services,"50 South Center Street, City of Orange",40.7698233,-74.2284791,5,1
The Vector Student Newspaper,"150 Bleeker Street, Newark",40.7431275,-74.177782,4,1
Nujoom Hookah Lounge,"9 Central Avenue, Newark",40.7416893,-74.169648,3.2,77
Extra Space Storage,"37 Oakwood Avenue, City of Orange",40.76767,-74.224362,4.8,1291
Discount Furniture,"29 Broadway, Newark",40.751147,-74.1704796,5,2
F&D Supermarket,"71 7th Avenue, Newark",40.75120630000001,-74.17432509999999,4.3,43
Nanina's In the Park,"540 Mill Street, Belleville",40.7889454,-74.1715488,4.7,1148
Children's Eye Care Center,"1 Clara Maass Drive, Belleville",40.7855978,-74.1759801,1.9,11
Starbucks,"350 Doctor Martin Luther King Junior Boulevard, Newark",40.741904,-74.176017,3.5,150
Walgreens Express 1 Hour Photo,"77-105 Bloomfield Avenue, Bloomfield",40.7777755,-74.1878945,4.8,12
Bravo Supermarkets,"260 Roseville Avenue, Newark",40.75968599999999,-74.18964299999999,3.7,571
Dunkin',"150 Halsey St Prudential Plaza Mall, 1st Flr, Newark",40.7374214,-74.1727784,4,128
Academy Fence Company Inc,"119 North Day Street, City of Orange",40.77551680000001,-74.2278731,4.1,120
Universal Food Market,"16-26 North Day Street, City of Orange",40.7727662,-74.2289658,3.6,425
Walgreens,"240 Central Avenue, City of Orange",40.7651808,-74.23306869999999,3.7,76
Morillo Eye Centers (formerly Dr. Michael Feinstein,"17 Academy Street, Newark",40.737528,-74.172313,4.5,124
Newark Car Care Center Goodyear,"313 West Market Street, Newark",40.7451276,-74.1889358,3.9,426
CVS,"451-461 Bloomfield Avenue, Newark",40.7713615,-74.1831706,2.7,165
Brick City Motors,"346 Broadway, Newark",40.7625605,-74.1677595,4.1,575
Dollar General,"397 Springdale Avenue, East Orange",40.772642,-74.2067103,3.8,655
Walgreens,"561579 Irvington Avenue, Newark",40.7350352,-74.2490011,2.8,109
Trans Caribe Express Shippers Inc,"163 Tremont Avenue, East Orange",40.75042,-74.2252627,3.8,91
Joanka Auto Sales,"9 Broadway, Newark",40.7508826,-74.1701373,4.8,551
Family Dollar,"62 Broadway, Newark",40.7524322,-74.1709398,3.8,237
Dolce Vita Intimates LLC,"1000 1st Street, Harrison",40.740265,-74.161712,5,1
Auto Plaza Sales Inc,"562 Broadway A, Newark",40.76967309999999,-74.1633014,2,4
"Bullet Hole, Inc","78 Rutgers Street, Belleville",40.7873375,-74.15173460000001,3.9,299
Wawa,"200 Harrison Avenue, Kearny",40.7489011,-74.136578,3.6,508
Seasons by State Fair,"45 River Road, North Arlington",40.7879321,-74.1450074,4,637
Eminent Paintball & Airsoft,"863 Kearny Avenue, Kearny",40.78166669999999,-74.13888890000001,4.7,273
DG Market,"11 River Road, North Arlington",40.7868518,-74.1461084,4.2,736
Unicare Pharmacy,"122 Washington Avenue, Belleville",40.7852311,-74.1532265,4.9,50
Walmart Pharmacy,"150 Harrison Avenue, Kearny",40.7475887,-74.1375757,3.6,46
Mandee,"270-272, 274 Kearny Avenue, Kearny",40.760292,-74.15083899999999,3.8,210
Walgreens,"175 Washington Avenue, Belleville",40.7870787,-74.15334,3.3,112
McDonald's,"621 Broadway, Newark",40.7718959,-74.16152620000001,3.5,1730
Sunoco,"264 Park Avenue, Newark",40.7587186,-74.1867709,3.6,8
7-Eleven,"897 Schuyler Avenue, Kearny",40.7775581,-74.1309371,3.4,43
"FRAGRANTICS, PERFUME STORE","210 Meadowlands Parkway, Secaucus",40.7840169,-74.0759209,4.7,42
Alexander Hamilton Service Area,"New Jersey Turnpike, Secaucus",40.7697538,-74.0652286,3.4,188
Stop & Shop,"232 Central Avenue, Jersey City",40.7428113,-74.05134629999999,4.1,2444
Red Ribbon Bakeshop,"591 Summit Avenue, Jersey City",40.73480059999999,-74.0594625,4.4,644
Hudson Eye Physicians & Surgeons,"600 Pavonia Avenue, Jersey City",40.7329519,-74.0603247,3,70
Auction Direct NJ Auto Sales Inc,"624 Tonnelle Avenue, Jersey City",40.75158769999999,-74.057886,4.7,426
Putnam Truck Stop; 7-Eleven (next to Liquor Store and Restaurant),"565 Tonnelle Avenue, Jersey City",40.7503249,-74.060041,4,174
St Jude Medical,"333 Meadowlands Parkway, Secaucus",40.7795601,-74.0822414,5,3
Coach House,"921 John F. Kennedy Boulevard, North Bergen",40.76021709999999,-74.0442496,4.1,4475
Cohen's Fashion Optical,"2877 John F. Kennedy Boulevard, Jersey City",40.7317421,-74.0645175,3.4,141
Walgreens Pharmacy,"337 Central Avenue, Jersey City",40.74657620000001,-74.04926739999999,2.3,217
AutoZone Auto Parts,"745 Secaucus Road, Jersey City",40.756437,-74.04497889999999,4.2,688
Cummins Sales and Service,"435 Bergen Avenue, Kearny",40.7530261,-74.1291263,3.9,109
Campbell Supply Company Of Port Newark,"299 Roanoke Avenue, Newark",40.72861109999999,-74.12500000000001,3.4,204
Select Kitchen,"245 Secaucus Road, Secaucus",40.772115,-74.05869799999999,4.7,31
Hudson Food Market,"312 11th Avenue, New York",40.7530999,-74.0037181,3.2,236
Apple West 14th Street,"401 West 14th Street, New York",40.74127,-74.005389,4.1,2734
B&H Photo Video - Electronics and Camera Store,"420 9th Avenue, New York",40.7529444,-73.99632760000001,4.6,33991
Bowlero Chelsea Piers,"60 Chelsea Piers, New York",40.7460064,-74.0089854,4.3,3119
Kleinfeld Bridal,"110 West 20th Street, New York",40.74124349999999,-73.9949808,4.4,2148
Best Buy,"3 Mill Creek Drive, Secaucus",40.79222759999999,-74.0514353,4.2,5304
The Home Depot,"1055 Paterson Plank Road, Secaucus",40.7833401,-74.05016359999999,4.2,1883
Burlington,"707 6th Avenue, New York",40.7426666,-73.99325569999999,4,3161
Posman Books,"75 9th Avenue, New York",40.7430093,-74.0068178,4.3,150
The Container Store,"629 6th Avenue, New York",40.7403433,-73.994933,4.4,1478
Warby Parker Washington St.,"819 Washington Street, New York",40.73960649999999,-74.00782029999999,4.7,234
RH New York | The Gallery in the Historic Meatpacking District,"9 9th Avenue, New York",40.739994,-74.0066009,4.2,663
Whole Foods Market,"250 7th Avenue, New York",40.7449592,-73.99529129999999,4.2,2940
Marshalls,"620 6th Avenue, New York",40.740067,-73.9945349,4.3,4767
Trader Joe's,"675 6th Avenue, New York",40.74209010000001,-73.9941211,4.6,6706
Adorama,"42 West 18th Street, New York",40.7393143,-73.99409330000002,4.3,5968
Billy's Bakery - Chelsea,"184 9th Avenue, New York",40.7453393,-74.00191740000001,4.2,651
Boogie Woogie Cafe,"1200 Harbor Boulevard # 155, Weehawken Township",40.7600517,-74.02314940000001,4.4,44
Chelsea Piers Golf Club,"59 Chelsea Piers, New York",40.74553549999999,-74.0087126,4.2,324
T.J. Maxx,"620 6th Avenue, New York",40.740022,-73.9946556,4.3,2747
Pleasure Chest,"156 7th Avenue South, New York",40.7353071,-74.0020672,4.4,74
Murray's Cheese,"254 Bleecker Street, New York",40.7309772,-74.0030711,4.6,1336
Hudson News,"429 11th Avenue, New York",40.75710569999999,-74.0014075,2.8,6
KUUALA,"601 West 26th Street #325, New York",40.75152670000001,-74.0067017,N/A,0
Anadol Rug Co.,Union City,40.77957929999999,-74.02372369999999,N/A,0
CVS,"81 8th Avenue, New York",40.7401171,-74.0027977,3.7,151
Dave's New York,"581 6th Avenue, New York",40.7390883,-73.9959547,4.7,1378
Williams-Sonoma,"110 7th Avenue, New York",40.7403278,-73.9986708,4.2,288
west elm,"119 West 17th Street, New York",40.7397596,-73.99630669999999,3.5,514
Murray's Bagels,"500 6th Avenue, New York",40.7363806,-73.9972889,4.1,2022
Global IT,"111 8th Avenue, New York",40.7409142,-74.0019865,3,2
Cursive New York,"17 8th Avenue, New York",40.7378171,-74.0048321,4.5,33
AT&T Store,"106 Washington Street, Hoboken",40.7378164,-74.0310894,4,147
Brooklyn Bagel & Coffee Company,"286 8th Avenue, New York",40.74616739999999,-73.99764069999999,4.6,3520
Best Buy,"60 West 23rd Street, New York",40.7426187,-73.99271399999999,4,6309
42nd Street Pizza,"647 West 42nd Street, New York",40.7617897,-74.0001052,4.2,824
The Commons Chelsea,"128 7th Avenue, New York",40.7409417,-73.998175,4.4,164
Exquisite Surfaces,"95 Vandam Street, New York",40.72689899999999,-74.00836799999999,5,5
Moderne Hotel NYC,"243 West 55th Street, New York",40.7651625,-73.9829544,4.1,386
American Girl Place New York,"75 Rockefeller Plaza Floor 1, New York",40.7599932,-73.9778027,4.5,4625
Barnes & Noble,"555 5th Avenue, New York",40.7557334,-73.9789175,4.5,9591
The Home Depot,"40 West 23rd Street, New York",40.7418476,-73.9913589,4.3,4668
Apple Fifth Avenue,"767 5th Avenue, New York",40.7638478,-73.9729785,4.4,20466
Nintendo,"10 Rockefeller Plaza, New York",40.7580443,-73.9794795,4.7,17707
Magnolia Bakery - Rockefeller Center,"1240 6th Avenue, New York",40.75928830000001,-73.9806133,4.4,7095
Urban Outfitters,"521 5th Avenue, New York",40.7541314,-73.9798826,4.1,1927
Apple Upper West Side,"1981 Broadway, New York",40.7750054,-73.9825066,4.1,2698
The LEGO® Store Fifth Avenue,"636 5th Avenue, New York",40.7591338,-73.9771693,4.6,6799
Museum of Sex,"233 5th Avenue, New York",40.7440291,-73.9872529,4.3,4761
UNIQLO 5th Avenue,"660 5th Avenue, New York",40.7604228,-73.9760834,4.5,7589
Mood Fabrics,"225 West 37th Street 3rd floor, New York",40.7535023,-73.9903011,4.4,1536
Tiffany & Co. - The Landmark,"727 5th Avenue, New York",40.7626931,-73.9739144,4.6,3319
M&M'S New York,"1600 Broadway, New York",40.7601775,-73.9843631,4.4,37334
Apple Grand Central,"45 Grand Central Terminal, New York",40.752735,-73.977002,4.3,4791
Best Buy,"1880 Broadway, New York",40.7700221,-73.9817138,4.1,5070
Pershing Square,"90 East 42nd Street, New York",40.7520244,-73.97782579999999,4.2,4410
Midtown Comics Times Square,"200 West 40th Street, New York",40.7548485,-73.9883862,4.6,9018
Bergdorf Goodman,"754 5th Avenue, New York",40.7634824,-73.9740152,4.3,2623
Whole Foods Market,"10 Columbus Circle Ste Sc101, New York",40.7685526,-73.9831866,4.3,4012
Disney Store,"1540 Broadway, New York",40.7582524,-73.9850513,4.5,10334
Forever 21,"435 7th Avenue, New York",40.7506425,-73.99042,4,1166
Ann Inc,"7 Times Square, New York",40.755409,-73.98680999999999,3.7,29
Abracadabra,"19 West 21st Street, New York",40.740934,-73.9918788,4.5,914
ZARA,"101 5th Avenue, New York",40.7381493,-73.99185969999999,3.8,1000
Champs Sports,"10 Times Square, New York",40.7550241,-73.98713839999999,4.1,1351
Trader Joe's,"2073 Broadway, New York",40.77856389999999,-73.98231419999999,4.5,5802
The Home Depot,"50-10 Northern Boulevard, Long Island City",40.7521473,-73.91204479999999,4.1,4668
Best Buy,"1280 Lexington Avenue, New York",40.7797686,-73.9556412,4.1,5333
Best Buy,"5001 Northern Boulevard, Long Island City",40.753683,-73.911731,4.2,7286
Ladurée,"864 Madison Avenue, New York",40.7708283,-73.9663593,4.4,1448
Major World,"43-40 Northern Boulevard, Long Island City",40.75326930000001,-73.9182855,4.5,13488
Ess-a-Bagel,"831 3rd Avenue, New York",40.7561836,-73.9701973,4.1,3945
Baked by Melissa,"109 East 42nd Street, New York",40.7517919,-73.9764075,4.1,235
Bath & Body Works,"441 Lexington Avenue, New York",40.7528234,-73.97479349999999,4.5,1855
Capezio Flagship Store,"1650 Broadway 2nd floor, New York",40.7617748,-73.9833203,4.3,465
Green Symphony,"255 West 43rd Street, New York",40.7576912,-73.9885419,4.5,342
Macy's,"151 West 34th Street, New York",40.75083099999999,-73.9890961,4.4,74968
2nd Ave Deli,"162 East 33rd Street, New York",40.7451944,-73.97918349999999,4.4,1956
T.J. Maxx,"250 West 57th Street, New York",40.7665182,-73.9827963,4.1,5254
Whole Foods Market,"226 East 57th Street, New York",40.7595913,-73.9663198,4.2,2690
Lady M Cake Boutique - Upper East Side,"41 East 78th Street, New York",40.7756461,-73.9621627,4.3,881
Bowlero Queens,"69-10 34th Avenue, Woodside",40.7520739,-73.8967388,4.3,3284
Pep Boys,"38-19 21st Street, Long Island City",40.7564271,-73.9397355,3.7,1594
The Home Depot,"73-01 25th Avenue, East Elmhurst",40.7631162,-73.8947243,4.2,2198
Marshalls,"48-18 Northern Boulevard, Long Island City",40.7529144,-73.91444589999999,4,3078
Paragon Honda,"57-02 Northern Boulevard, Woodside",40.753388,-73.90359339999999,4.6,8899
Guitar Center,"34-17 48th Street, Long Island City",40.7530362,-73.9143368,4.3,1408
Paragon Acura,"56-02 Northern Boulevard, Woodside",40.7531867,-73.90465069999999,4.2,2446
Unidentified Flying Chickens - JH,"7122 Roosevelt Avenue, Jackson Heights",40.74637359999999,-73.8940487,4.3,793
"Red Wing - Sunnyside, NY","4701 Queens Boulevard STORE A, Sunnyside",40.7434153,-73.91738769999999,4.4,416
FedEx Office Print & Ship Center,"3146 Steinway Street, Astoria",40.76021999999999,-73.91819559999999,3.1,242
CityView Racquet Club,"43-34 32nd Place, Long Island City",40.7455126,-73.93268189999999,4,46
Michaels,"Tower Square Shopping Center, 5106 Northern Boulevard, Woodside",40.7521138,-73.9094274,4.4,2627
KVL Audio Visual Services,466 Saw Mill River Road,40.7671571,-73.8671664,5,1
AT&T Store,"3067 Steinway Street, Astoria",40.7620688,-73.9161202,4.1,264
Old Navy,"34-03 48th Street Ste #6, Long Island City",40.7533023,-73.9144171,4.2,927
Jay Gems,"46-24 28th Street, Long Island City",40.7438861,-73.9395653,1,1
Koeppel Nissan,"74-15 Northern Boulevard, Jackson Heights",40.7550373,-73.8920916,4.1,1224
My Most Favorite Dessert,"37-22 13th Street, Long Island City",40.7586704,-73.9399813,4.1,485
Bagels & Brew,"4305 Broadway, Astoria",40.7578413,-73.91627919999999,4.3,263
Queensboro Toyota,"62-10 Northern Boulevard, Woodside",40.7536583,-73.8997873,3.9,2142
Martha's Country Bakery,"36-21 Ditmars Boulevard, Astoria",40.7740762,-73.9074464,4.5,4098
Baring Industries,"3724 24th Street # 217A, Long Island City",40.7566266,-73.9364873,N/A,0
Tuscan Fine Wood Floors,"3718 24th Street suite 300, Long Island City",40.756651,-73.9364914,N/A,0
Myradiostore Inc,"3724 24th Street, Long Island City",40.7571698,-73.9370228,5,1
Koeppel Mazda,"77-12 Northern Boulevard, Queens",40.7548127,-73.8894092,4.5,1374
AT&T Store,"37-36 82nd Street, Jackson Heights",40.7486333,-73.8843383,3.9,175
Macy's Furniture Gallery,"88-01 Queens Boulevard, Elmhurst",40.735559,-73.8749122,4.1,346
Walgreens,"8277 Broadway, Elmhurst",40.7417604,-73.88049219999999,2.4,84
Lexus of Queens,"36-20 Steinway Street, Long Island City",40.7531832,-73.92411469999999,4.2,1153
Toast & Roast Bagels and Coffee,"3207 Broadway, Astoria",40.7615934,-73.9241967,4.6,381
SkyFoods-Elmhurst,"7955 Albion Avenue, Elmhurst",40.73960140000001,-73.8837114,4,606
AT&T Store,"37-14 Junction Boulevard, Corona",40.7498818,-73.8696664,4.2,143
Sage Music School,"44-02 23rd Street #204, Long Island City",40.7488762,-73.9447268,4.9,71
Public Storage,"3128 Northern Boulevard, Long Island City",40.75161869999999,-73.9327123,4.7,547
Macy's,"13650 Roosevelt Avenue, Flushing",40.759792,-73.828272,4.1,4403
The UPS Store,"35-11B Farrington Street, Flushing",40.7641791,-73.8313869,4.3,515
Old Navy,"40-24 College Point Boulevard, Flushing",40.75754,-73.8350332,4.3,417
Target,"4024 College Point Boulevard Ste F600, Flushing",40.7573044,-73.835146,3.6,981
Best Buy,"13107 40th Road C300, Flushing",40.75638999999999,-73.836987,4,2761
Lori's Gifts,"5645 Main Street, Flushing",40.7470438,-73.8256717,2,3
Engross Trading Inc,"13620 38th Avenue # 9B, Flushing",40.7608044,-73.8296149,N/A,0
Raymond Fong Eye Care,"136-20 38th Avenue STE 6H, Flushing",40.7608014,-73.8297618,3.8,59
The Home Depot,"131-35 Avery Avenue, Flushing",40.7526416,-73.8350773,4,2994
Union Street Wine & Liquor,"28-20 Union Street, Flushing",40.772361,-73.826824,4.4,57
CVS Pharmacy,"4024 College Point Boulevard, Flushing",40.7573044,-73.835146,4.3,68
Happytel,"30-50 Whitestone Expressway #302, College Point",40.7705383,-73.83648459999999,N/A,0
The Home Depot,"124-04 31st Avenue, Flushing",40.7671557,-73.8435604,3.9,1895
Benfaremo- The Lemon Ice King Of Corona,"52-02 108th Street, Corona",40.74318059999999,-73.8550806,4.6,1638
Hudson Booksellers,"100-15 Ditmars Boulevard, East Elmhurst",40.7730769,-73.8716049,3.1,9
Empire Puppies,"164-13 Northern Boulevard, Flushing",40.76069799999999,-73.8014944,3.6,296
Fay Da Bakery,"40-24 College Point Boulevard, Flushing",40.75752780000001,-73.8353333,3.1,80
Anime Castle,"35-32 Union Street, Flushing",40.7645562,-73.82829149999999,4.6,642
Target,"13505 20th Avenue, College Point",40.7837661,-73.83332639999999,4.2,1839
Petco,"13311 20th Avenue, College Point",40.7831929,-73.83577120000001,4.2,1585
Champs Sports,"9015 Queens Boulevard, Elmhurst",40.73442900000001,-73.86900100000001,3.9,224
"Bayside Chrysler Jeep Dodge Ram - Sales, Service, Parts","212-19 Northern Boulevard, Bayside",40.760228,-73.7707889,3.8,2693
Vanity Pups Boutique,"3813 Bell Boulevard, Bayside",40.7661919,-73.77195300000001,3.8,268
Foot Locker,"211-39 26th Avenue Space B5, Bay Terrace",40.77863350000001,-73.7782632,4,101
Queens Archery,"170-20 39th Avenue, Flushing",40.761481,-73.795553,4.4,205
Star Toyota,"190-01 Northern Boulevard, Flushing",40.7579934,-73.79073330000001,3.1,609
bp,"218-01 Northern Boulevard, Bayside",40.76143099999999,-73.76336409999999,2.9,44
Staples,"209-34 Northern Boulevard, Bayside",40.7590955,-73.77293519999999,4,398
Prince Pharmacy,"3907 Prince Street # 1E, Flushing",40.7595264,-73.8321268,3.1,12
Amazing Toe Rings,"43-32 Kissena Boulevard, Flushing",40.754406,-73.824474,N/A,0
Cafe Bench | Crêpe Flushing,"194-07 Northern Boulevard, Flushing",40.758138,-73.787292,4.2,1131
Starbucks,"61-51 188th Street, Fresh Meadows",40.7394418,-73.7854773,4.1,1262
Panera Bread,"23-58 Bell Boulevard, Bayside",40.77998569999999,-73.7758715,4,904
Walgreens,"14928 14th Avenue, Whitestone",40.7883501,-73.81501820000001,2.6,74
Bayside Volkswagen,"208-12 Northern Boulevard, Bayside",40.7585934,-73.7749943,4.5,644
Aerus,"4706 Bell Boulevard, Bayside",40.7566319,-73.76774720000002,4,4
Kinray Inc.,"152-35 10th Avenue, Whitestone",40.7944106,-73.80914589999999,2.8,22
Target Optical,"13505 20th Avenue, College Point",40.78368150000001,-73.8334785,4.8,333
Primacare Pharmacy Inc,"4128 Main Street # 5, Flushing",40.7571727,-73.8293161,2.6,15
Flushing Mac and PC Repair (Neighbor Computer) Services,"162-13 46th Avenue, Flushing",40.75395270000001,-73.8043131,5,437
Auburndale Mason Supply,"4002 Francis Lewis Boulevard, Bayside",40.7612788,-73.785567,3.7,19
The UPS Store,"213-37 39th Avenue, Bayside",40.765548,-73.7714467,4.5,142
Duane Reade,"13602 Roosevelt Avenue, Flushing",40.7594983,-73.82980289999999,2.7,173
AutoZone Auto Parts,"15505 Northern Boulevard, Flushing",40.7645479,-73.80977560000001,3.9,996
Hanyang Mart,"150-51 Northern Boulevard, Flushing",40.765274,-73.81334690000001,3.7,1734
FOOD BAZAAR,"242-02 61st Avenue, Douglaston",40.7547747,-73.73987170000001,4.1,2492
Burlington,"258-01 Union Turnpike, Glen Oaks",40.7464337,-73.7137328,3.7,1025
Parker Jewish Institute for Health Care and Rehabilitation,271-11 76th Avenue,40.7555476,-73.7074942,2.8,199
Polo Gem Co,"98 Cuttermill Road #490, Great Neck Plaza",40.78363950000001,-73.73243169999999,5,5
BMW of Bayside,"247-21 Northern Boulevard, Douglaston",40.7669896,-73.73947299999999,4.8,2249
Privee Showroom,"185 Great Neck Road Suite 313, Great Neck",40.7827306,-73.7317422,N/A,0
AT&T Store,"47 Northern Boulevard, Great Neck",40.7740321,-73.7331438,4.1,167
Douglaston Plaza Wines & Spirits,"242-02 61st Avenue, Douglaston",40.7549552,-73.73798029999999,4.4,141
Skywire Communications,"1979 Marcus Avenue # 216, New Hyde Park",40.75502729999999,-73.69356239999999,N/A,0
East Hills Chevrolet of Douglaston,"240-02 Northern Boulevard, Douglaston",40.764502,-73.7462706,4.4,2045
AT&T Store,"181 Jericho Turnpike, Floral Park",40.7288547,-73.7039422,4,342
Mike’s Delicatessen,"4225 235th Street, Douglaston",40.7679771,-73.74812039999999,4.4,13
Stop & Shop,"653 Hillside Avenue, New Hyde Park",40.7414369,-73.6987705,4.3,2489
Auto Expo,"46 Northern Boulevard, Great Neck",40.7733237,-73.7328383,4.4,2997
Great Neck Car Buyers & Sellers Inc.,"195 Northern Boulevard, Great Neck",40.7762419,-73.7296349,4.7,1217
R X Drug Corporation,"410 Lakeville Road # 102, New Hyde Park",40.75781159999999,-73.7052147,N/A,0
Sabrina Designs,"98 Cuttermill Road, Great Neck",40.78363950000001,-73.73243169999999,N/A,0
GB Audiology,"107 Northern Boulevard #309, Great Neck",40.775204,-73.73164899999999,4.9,130
Davis Visionworks Little Neck Plaza,"254-69 Horace Harding Expressway, Little Neck",40.765299,-73.725213,3.5,255
Panera Bread,"669 Hillside Avenue, New Hyde Park",40.742273,-73.69837,4,878
Baskin-Robbins,"24809 Northern Boulevard, Douglaston",40.7674318,-73.7391186,4,35
Starbucks,"215-29 Northern Boulevard, Bayside",40.7608912,-73.7665169,4.2,822
Star Hyundai,"201-16 Northern Boulevard, Bayside",40.75731639999999,-73.78120179999999,4.2,666
McDonald's,"250-01 Northern Boulevard, Little Neck",40.7688865,-73.7375347,3.7,1615
V & S Motor Service,"207-20 Northern Boulevard, Bayside",40.7584793,-73.7757245,4.5,171
Asher Jewelry Co,"175 Great Neck Road Suite 201, Great Neck",40.7830848,-73.73146109999999,5,1
Best Kept Secret,"216-15 Northern Boulevard, Bayside",40.7610732,-73.7652331,4.1,23
Top Shelf Tattooing,"213-02 42nd Avenue, Bayside",40.7624173,-73.7710902,4.8,81
North Bay Cadillac,"720 Northern Boulevard, Great Neck",40.7827346,-73.71438429999999,4.4,574
Full Throttle Parts & Performance,"185-08 Horace Harding Expressway, Fresh Meadows",40.73985839999999,-73.7888833,4.7,107
Arby's,"175-14 Horace Harding Expressway, Fresh Meadows",40.73849219999999,-73.7936023,4.1,2424
Powerful Wireless Inc.,"70 Middle Neck Road #2, Great Neck",40.788503,-73.729683,3,2
Ismaili Diamonds,"98 Cuttermill Road, Great Neck",40.78363950000001,-73.73243169999999,N/A,0
Whole Foods Market,"701 Bloomfield Avenue, Montclair",40.8184587,-74.2229766,4.1,1334
Whole Foods Market,"235 Prospect Avenue, West Orange",40.8043382,-74.24890289999999,4.3,1947
Verizon,"235 Prospect Avenue, West Orange",40.8034466,-74.2481597,4.4,1080
B & B Eye Group Dr Robert G Kirczow OD,"235 Prospect Avenue #20, West Orange",40.8047846,-74.24845979999999,N/A,0
Urban Outfitters,"20 South Park Street, Montclair",40.8147453,-74.21985,4.2,230
DCH Montclair Acura,"100 Bloomfield Avenue, Verona",40.8258655,-74.23123480000001,4.5,2064
Petco,"339 Pompton Avenue, Verona",40.83589629999999,-74.2247608,4.3,516
Motorcycle Mall,"655 Washington Avenue, Belleville",40.8022649,-74.14647269999999,4.2,2948
West Orange Family Eyecare,"414 Eagle Rock Avenue Ste 206A, West Orange",40.802349,-74.2455368,4.5,104
Starbucks,"The Siena, 40 South Park Street, Montclair",40.8141934,-74.2203293,3.9,447
Oasis,"40 Church Street, Montclair",40.81394340000001,-74.2194145,3.3,24
The Shop at MAM,"3 South Mountain Avenue, Montclair",40.8186568,-74.2239985,N/A,0
Macy's Backstage,"495 Prospect Avenue, West Orange",40.79379429999999,-74.2549169,4.2,1120
Starbucks,"710 Bloomfield Avenue, Glen Ridge",40.79729599999999,-74.2012774,4,1096
HearUSA,"1255 Broad Street Suite 206, Bloomfield",40.8328439,-74.18028559999999,4.8,93
"Glen Ridge Bottle King - Discount Wine, Beer & Liquor","710 Bloomfield Avenue, Glen Ridge",40.79729729999999,-74.2012811,4.5,944
Mavis Discount Tire,"235 Prospect Avenue, West Orange",40.8066957,-74.2469077,4.7,2001
AT&T Store,"15 Broad Street, Bloomfield",40.7937613,-74.1974499,4.5,94
ShopRite of Nutley,"437 Franklin Avenue, Nutley",40.8218608,-74.15803509999999,4.4,2267
Panera Bread,"15 Bloomfield Avenue, Montclair",40.8062012,-74.2081937,4,1236
Bowlero Belleville,"679 Washington Avenue, Belleville",40.80397,-74.14627,4.3,1670
NAPA Auto Parts,"1278 Broad Street, Bloomfield",40.8337637,-74.18103839999999,4,12
College Women's Club-Montclair,"26 Park Street, Montclair",40.816071,-74.21857159999999,3,4
Jerry's artist outlet,"495 Prospect Avenue, West Orange",40.7932095,-74.25528109999999,4.4,268
ShopRite of Brookdale,"1409 Broad Street, Bloomfield",40.837682,-74.18383399999999,4.3,2585
Verizon,"46a South Park Street, Montclair",40.81400439999999,-74.2202825,4.8,307
DeCozen Chrysler Jeep Dodge RAM,"225 Bloomfield Avenue, Verona",40.8259857,-74.2359855,3.2,651
Watchung Booksellers,"54 Fairfield Street, Montclair",40.82950100000001,-74.20631759999999,4.9,279
Party Fair,"93 Pompton Avenue, Cedar Grove",40.8358955,-74.2248077,4,59
Ahava Felicidad Hair and Body Montclair,"Studio PURE and The Natural Store, 4 Midland Avenue, Montclair",40.816298,-74.22013369999999,4.2,5
Park Avenue Bridals,"Pilgrim Shopping Plaza, 105 Pompton Avenue, Cedar Grove",40.8365372,-74.2258305,4.8,422
Walgreens,"17 Belleville Avenue, Bloomfield",40.7975916,-74.1793361,3.3,36
Montclair Bread Company,"16 Label Street, Montclair",40.81861219999999,-74.21140989999999,4.4,871
Arlene's Bridal Salon,"606 Bloomfield Avenue, Bloomfield",40.7943108,-74.198538,3.8,135
CVS,"49 Claremont Avenue, Montclair",40.8130073,-74.2073822,3.1,124
The UPS Store,"623 Eagle Rock Avenue, West Orange",40.8099826,-74.2572945,4.7,175
The Pie Store,"100 Watchung Avenue, Montclair",40.8310869,-74.2073796,4.6,373
Toni's Closet,"73 South Fullerton Avenue, Montclair",40.8101475,-74.2182418,4.7,11
Aaron's Rent To Own,"598 Bloomfield Avenue, Bloomfield",40.7939251,-74.1985626,4.2,163
Shell,"115 Bloomfield Avenue, Montclair",40.8076575,-74.2100127,3.1,48
Trend Coffee & Tea House,"411 Bloomfield Avenue, Montclair",40.8131065,-74.2163009,4.4,538
Dr. Charlie Cummins,"1255 Broad Street, Bloomfield",40.8328428,-74.1802352,3,1
Target Optical,"30 Kingsland Road, Clifton",40.824562,-74.135143,4.9,1303
Costco Wholesale,"20 Bridewell Place, Clifton",40.8314891,-74.1367906,4.5,8709
Barnes & Noble,"Clifton Commons 395 Route 3 East, Clifton",40.82923279999999,-74.1385801,4.6,3588
Kohl's,"14 Main Avenue, Clifton",40.8295488,-74.1429974,4.2,3662
Michaels,"Riverfront Center, 348 New Jersey 3, Clifton",40.82965830000001,-74.13630239999999,4.4,1915
Trader Joe's,"259 Allwood Road, Clifton",40.83653019999999,-74.15131459999999,4.6,4019
Costco Pharmacy,"20 Bridewell Place, Clifton",40.8314218,-74.1363705,4.3,12
Western Beverage Inc,"COSTCO Building, 20 Bridewell Place, Clifton",40.831785,-74.1366209,4.7,27
Target,"30 Kingsland Road, Clifton",40.8245909,-74.1351901,4,2029
Ulta Beauty,"225 Allwood Road, Clifton",40.8361184,-74.1504231,4,547
Amazing Savings Clifton,"225 Allwood Road #1803, Clifton",40.8364685,-74.150271,4.5,828
CVS Pharmacy,"30 Kingsland Road, Clifton",40.8245909,-74.1351901,3.9,21
Lane Bryant,"394 New Jersey 3, Clifton",40.830558,-74.13810099999999,4.1,113
T.J. Maxx,"423 Valley Brook Avenue, Lyndhurst",40.8127176,-74.122596,4.4,1205
AT&T Store,"776 New Jersey 3, Clifton",40.837169,-74.152788,3.7,301
Amaral Auto Sales & Service,"295 Park Avenue, Lyndhurst",40.8169913,-74.1316074,4.7,316
Garden State Honda,"584 New Jersey 3, Clifton",40.8335873,-74.1456955,4.8,4744
Brennan's Secaucus Meadowlands Florist,"301 New Jersey 17 #800, Rutherford",40.817801,-74.1014661,4.5,2
Petco,"780 New Jersey 3, Clifton",40.83711889999999,-74.1526737,4.3,1741
Riverside Liquors,"601 Riverside Avenue, Lyndhurst",40.80950619999999,-74.137374,4.8,93
Fabric Warehouse,"In the Planet Fitness Center, 382 Main Street, Belleville",40.7920167,-74.14534619999999,4.5,177
Panera Bread,"352 New Jersey 3 Unit C6, Clifton",40.82981899999999,-74.13651899999999,4,1029
Party City,"385 New Jersey 3, Clifton",40.829001,-74.1389559,4,873
Nutley Kia,"66 Washington Avenue, Nutley",40.808532,-74.14654399999999,4.6,1920
The Home Depot,"955 Bloomfield Avenue, Clifton",40.8434257,-74.15790550000001,4.1,2346
T-Mobile Experience Store,"852 New Jersey 3 #206, Clifton",40.839085,-74.15500999999999,3.7,371
Stop & Shop,"425 Lewandowski Street, Lyndhurst",40.80410509999999,-74.1178814,4.2,670
Narmada Indian Groceries,"58 Main Avenue, Clifton",40.8285971,-74.14209269999999,4.1,952
ShopRite of Belleville,"726 Washington Avenue, Belleville",40.80488039999999,-74.1456627,4.5,3412
Underground Skate Shop,"66 Franklin Avenue, Nutley",40.8106136,-74.165354,4.9,146
McDonald's,"425 Broad Street Ctr, Bloomfield",40.8081574,-74.1919696,3.5,1295
HomeGoods,"558 New York Avenue, Lyndhurst",40.812816,-74.120768,4.5,666
Marshalls,"65 New Jersey 17, East Rutherford",40.83115599999999,-74.0933733,4.2,986
Lowe's Home Improvement,"150 New Jersey 17, East Rutherford",40.8280401,-74.09229289999999,4.2,2047
Bob’s Discount Furniture and Mattress Store,"3 Mill Creek Drive, Secaucus",40.7941729,-74.0510038,4.7,9149
AT&T Store,"20 Meadowlands Parkway Unit A, Secaucus",40.7978163,-74.06509919999999,4.5,124
CVS,"101 Plaza Center, Secaucus",40.7917259,-74.0569089,2.9,112
Walmart Supercenter,"400 Park Place, Secaucus",40.79298029999999,-74.0423136,4.3,18133
Audi Meadowlands,"425 New Jersey 3, Secaucus",40.7890018,-74.052003,4.7,1671
Ashley Store,"3 Mill Creek Drive, Secaucus",40.7926772,-74.0515094,4.5,2255
Kohl's,"3 Mill Creek Drive, Secaucus",40.7917366,-74.0520629,4.3,2598
BJ's Wholesale Club,"300 New Jersey 17, East Rutherford",40.8235974,-74.0968427,4,591
Walgreens,"637 Hoboken Road, Carlstadt",40.8408636,-74.1005194,2.7,106
T.J. Maxx,"21 Mill Creek Drive, Secaucus",40.793153,-74.0514962,4.3,1087
ALDI,"59 New Jersey 17, East Rutherford",40.8313934,-74.0927182,4.3,936
PetSmart,"400 Mill Creek Drive, Secaucus",40.7919867,-74.04781369999999,4.2,1428
Starbucks,"10 New Jersey 17, East Rutherford",40.8313367,-74.08900899999999,4.2,675
Maggy London,"55 Madison Circle Drive, East Rutherford",40.819409,-74.0904783,4.5,6
Quality Auto Mall,"55 New Jersey 17, Rutherford",40.8214218,-74.0989563,4.4,1314
Marshalls & HomeGoods,"400 Mill Creek Drive, Secaucus",40.7923413,-74.04856529999999,4.4,1917
The UPS Store,"1 Orient Way F, Rutherford",40.8272347,-74.1009456,3.1,97
Baskin-Robbins,"20 Meadowlands Parkway, Secaucus",40.7975464,-74.0651984,3.4,20
Sam's Club,"300 Park Plaza Drive, Secaucus",40.7917442,-74.043312,4.4,2199
Cones NJ,"15 Sylvan Street, Rutherford",40.82716490000001,-74.1032918,4.6,739
Rose Brand,"4 Emerson Lane, Secaucus",40.7839883,-74.063422,4.2,93
East Coast Toyota,"85 New Jersey 17, Wood-Ridge",40.8419619,-74.0823738,4.4,1970
Panera Bread,"95 New Jersey 17, East Rutherford",40.8301663,-74.0932395,3.9,963
17 Farmers Market,"17 East Union Avenue, East Rutherford",40.8247675,-74.09531009999999,4.5,893
Fun Ghoul,"155 Park Avenue, Rutherford",40.8252502,-74.1089693,4.4,46
Wine Outlet,"10 Meadowlands Parkway, Secaucus",40.79856499999999,-74.0649205,4.4,263
Natoli's Italian Deli,"300 Clarendon Street, Secaucus",40.7950806,-74.0631922,4.7,899
Dunkin',"Meadow Plaza Shopping Center, 700 Plaza Drive, Secaucus",40.78556549999999,-74.0456485,3.9,190
Harbor Freight,"2100 88th Street, North Bergen",40.8120085,-74.01408359999999,4.4,547
H Mart Ridgefield,"321 Broad Avenue, Ridgefield",40.8244424,-74.0104123,4.3,1213
Burlington,"8101 Tonnelle Avenue, North Bergen",40.8088956,-74.0189244,4.2,1079
Walmart Supercenter,"2100 88th Street, North Bergen",40.8140446,-74.0134869,4.3,17164
Walmart Photo Center,"2100 88th Street, North Bergen",40.8140446,-74.0134869,4.2,22
Lowe's Home Improvement,"7801 Tonnelle Avenue, North Bergen",40.806697,-74.018981,3.9,2221
Health Information Designs,"777 Central Boulevard, Carlstadt",40.82805,-74.043528,N/A,0
Hudson Honda,"6608 John F. Kennedy Boulevard, West New York",40.7953891,-74.0162975,4.2,2849
PetSmart,"2100 88th Street B, North Bergen",40.8135697,-74.01531,4.3,1197
Vince Lombardi Service Area,"116E New Jersey Turnpike, Ridgefield",40.8227778,-74.0297222,3.9,6871
Target,"7101 Tonnelle Avenue, North Bergen",40.8015426,-74.0221469,4.1,1176
The Home Depot,"7605 Tonnelle Avenue, North Bergen",40.8045424,-74.0198799,4.1,2988
4Wall New York,"1 Carol Place, Moonachie",40.835247,-74.0487442,4.7,132
AT&T Store,"5527 Bergenline Avenue, West New York",40.7863938,-74.01849039999999,4.2,359
CVS Pharmacy,"7101 Tonnelle Avenue, North Bergen",40.8015426,-74.0221469,3.3,16
M Mark Products Inc,"100 Redneck Avenue, Moonachie",40.8424071,-74.0534857,4,1
bp,"8012 Tonnelle Avenue, North Bergen",40.8069074,-74.0162951,3.3,50
P.C. Richard & Son,"5200 John F. Kennedy Boulevard, West New York",40.7858617,-74.0230504,4.8,2703
Walmart Photo Center,"400 Park Place, Secaucus",40.7930378,-74.0421274,3.8,30
Extra Space Storage,"7020 John F. Kennedy Boulevard, North Bergen",40.798539,-74.01406899999999,4.9,2037
Drape Kings,"2C Rentals & Office 5M Sales, 3200 Liberty Avenue, North Bergen",40.7761055,-74.0366993,4.4,49
Shoppers World,"3127 John F. Kennedy Boulevard, North Bergen",40.77550859999999,-74.0364015,4.3,392
Dunkin',"4100 Park Avenue, Weehawken Township",40.7739617,-74.0205948,3.5,173
Walmart Vision & Glasses,"400 Park Place, Secaucus",40.7926884,-74.0420887,4.4,101
SalonCentric,"4914 John F. Kennedy Boulevard, West New York",40.7833689,-74.0222921,4.1,51
Old Navy,"3115 John F. Kennedy Boulevard, North Bergen",40.7750989,-74.03562149999999,4.3,990
BJ's Optical,"2100 88th Street, North Bergen",40.8130138,-74.0163535,4.6,11
FedEx Ship Center,"100 Redneck Avenue, Moonachie",40.84238500000001,-74.05346999999999,3,743
Walgreens,"3508 John F. Kennedy Boulevard, Union City",40.7751753,-74.0300444,3,119
Baskin-Robbins,"4801 Park Avenue, Union City",40.77911290000001,-74.0158758,3.7,24
Starbucks,"55-1 Riverwalk Place, West New York",40.78299799999999,-74.007059,4.1,651
Raymour & Flanigan Furniture and Mattress Store,"150 Harmon Meadow Boulevard, Secaucus",40.78720060000001,-74.0480133,4.5,2090
Anything IT,"2075 91st Street #2, North Bergen",40.8158883,-74.01419349999999,4.6,11
NJ Restaurant Equipment Corporation,"4200 West Side Avenue, North Bergen",40.7832412,-74.0384368,4.2,103
Minas Jewelry,"700 Plaza Drive, Secaucus",40.7862975,-74.0460344,4.5,30
JJ Marble and Granite LLC,"2021 40th Street, North Bergen",40.7817405,-74.03731049999999,4.8,112
Barnes & Noble,"2289 Broadway, New York",40.7862392,-73.9787281,4.6,3066
"Levain Bakery – Original Location, 74th St, NYC","167 West 74th Street, New York",40.7799589,-73.9802984,4.7,6457
Target,"543 River Road, Edgewater",40.8140101,-73.9817174,4,962
Magnolia Bakery,"200 Columbus Avenue, New York",40.7756833,-73.9803361,4.3,2946
Zabar's,"2245 Broadway, New York",40.78475900000001,-73.9796504,4.5,5964
Fairway Market of 74th Street,"2131 Broadway, New York",40.78076530000001,-73.9816666,4.2,2218
BMW of Manhattan,"555 West 57th Street, New York",40.77032609999999,-73.9908154,4.3,2110
Alice's Tea Cup,"102 West 73rd Street, New York",40.77804099999999,-73.978683,4.3,1672
Bar Boulud,"1900 Broadway, New York",40.7718627,-73.98185169999999,4.2,1156
Ulta Beauty,"82 The Promenade, Edgewater",40.8063107,-73.9886271,4,417
RK Bridal,"619 West 54th Street 5th Floor between 11th Avenue & The, West Side Highway, New York",40.76892,-73.9937025,4,809
H&M,"10 Columbus Circle, New York",40.7685604,-73.9835094,4.2,612
The Food Emporium & Amish Kitchen,"810 8th Avenue, New York",40.7617385,-73.98619040000001,4,1495
Trader Joe's,"715 River Road, Edgewater",40.8196686,-73.9775851,4.6,3411
SEPHORA,"2103 Broadway, New York",40.7799108,-73.9819639,4.1,303
Mercedes-Benz Manhattan,"770 11th Avenue, New York",40.76800009999999,-73.9927804,4.7,7269
The Museum Shop,"200 Central Park West, New York",40.781007,-73.97371600000001,4.4,125
Spectrum Store,"2554 Broadway, New York",40.794409,-73.971634,3.3,1126
Peacefood - Upper West Side,"460 Amsterdam Avenue, New York",40.785275,-73.977012,4.4,1523
T.J. Maxx,"808 Columbus Avenue, New York",40.79489239999999,-73.9663853,4.4,1353
Sur La Table,"306 West 57th Street, New York",40.76676,-73.98365559999999,3.6,202
Absolute Bagels,"2788 Broadway, New York",40.8025065,-73.9674142,4.6,3591
T-Mobile,"167 West 57th Street, New York",40.7654912,-73.9795189,4.1,231
Barney Greengrass,"541 Amsterdam Avenue, New York",40.7879654,-73.9745734,4.4,1382
Pottery Barn,"1965 Broadway, New York",40.7745069,-73.98270670000001,3.7,161
The UPS Store,"119 West 72nd Street, New York",40.7779368,-73.979361,3.7,91
"Bike Rent NYC - Central Park Scooter Rentals, Bicycle Rentals & Tours, Bicycle & Scooter Sales","203 West 58th Street, New York",40.7664582,-73.97983529999999,3.8,475
Amy's Bread,"672 9th Avenue, New York",40.761253,-73.990308,4.4,1287
Broadway.com,"729 7th Avenue 6th Floor, New York",40.7602421,-73.983606,4.5,1947
Whole Foods Market,"808 Columbus Avenue, New York",40.7939667,-73.9671163,4.2,2667
TKTS Times Square,"Broadway at, West 47th Street, New York",40.7591682,-73.984939,4.5,2935
Patagonia,"426 Columbus Avenue, New York",40.7830456,-73.9750827,4.6,394
Staples,"1755 Broadway, New York",40.7659979,-73.982143,3.5,130
AT&T Store,"2727 Broadway, New York",40.8001931,-73.9683354,4.8,719
Bob’s Discount Furniture and Mattress Store,"517 East 117th Street, New York",40.7952416,-73.9306489,4.8,6621
Target,"700 Exterior Street, The Bronx",40.823963,-73.9302874,4,1605
Burlington,"517 East 117th Street, New York",40.795386,-73.9310222,4,239
Marshalls,"517 East 117th Street, New York",40.7955804,-73.9314109,4.3,757
H&M,"150 East 86th Street, New York",40.77918469999999,-73.9553549,4.1,1225
Two Little Red Hens,"1641 2nd Avenue NW corner of, East 85th Street, New York",40.7773928,-73.95240129999999,4.6,700
Costco Wholesale,"517 East 117th Street, New York",40.795386,-73.9310222,4.4,5187
Gap Factory,"264 West 125th Street, New York",40.8097419,-73.9506301,4.2,690
Allsaints Bloomingdales 59th Ave,"1000 3rd Avenue Womenswear: Third Floor Menswear: Lower Level, 3rd Avenue, New York",40.7620957,-73.96645149999999,2.8,14
AT&T Store,"200 East 86th Street, New York",40.7785551,-73.9538668,3.9,318
Starbucks,"1128 3rd Avenue, New York",40.7659266,-73.963622,3.8,520
Marshalls,"125 West 125th Street, New York",40.8081263,-73.94585649999999,4.2,2897
Suitsupply NY Madison Avenue,"635 Madison Avenue, New York",40.7636184,-73.9710563,4.8,2295
Clinique Laboratories LLC,"767 5th Avenue, New York",40.7635843,-73.9723967,3.1,8
The Home Depot,"600 Exterior Street, The Bronx",40.8239746,-73.9298282,4,3255
"Guy Rabut, Violin Maker","251 West 93rd Street #2d, New York",40.7930298,-73.9735938,N/A,0
West NYC,"147 West 72nd Street, New York",40.7783157,-73.9803179,4.4,119
The Vitamin Shoppe,"12 The Promenade, Edgewater",40.8068594,-73.9903563,4.1,68
Petco,"1280 Lexington Avenue, New York",40.78002720000001,-73.9555154,4.4,1647
Via Quadronno,"25 East 73rd Street, New York",40.7727446,-73.9651572,4,883
Tip Top Shoes,"155 West 72nd Street, New York",40.7784145,-73.9805007,4.3,568
Best Buy,"610 Exterior Street, The Bronx",40.8230435,-73.9299557,4.2,4251
BJ's Wholesale Club,"610 Exterior Street, The Bronx",40.8214274,-73.9301519,3.5,929
Burlington,"700 Exterior Street Suite 302A, The Bronx",40.8239106,-73.92992,3.9,404
bp,"281 Bruckner Boulevard, The Bronx",40.80549440000001,-73.9111623,3.7,49
Gap Factory,"845 White Plains Road, The Bronx",40.8236159,-73.85888419999999,4.2,477
AT&T Store,"2882C Third Avenue, The Bronx",40.816689,-73.916236,4.2,183
Extra Space Storage,"58 West 143rd Street, New York",40.81842449999999,-73.93636440000002,4.9,3179
AT&T Store,"1559 Westchester Avenue, The Bronx",40.8289734,-73.8775261,4.1,140
TriBoro Beverage,"41-08 Astoria Boulevard South, Astoria",40.76839999999999,-73.90967800000001,4,49
Forever Beauty Supply,"995 Southern Boulevard, The Bronx",40.8227103,-73.891955,4.3,495
AT&T Store,"81 West 125th Street, New York",40.80784510000001,-73.9449982,3.9,278
Marshalls,"610 Exterior Street, The Bronx",40.8218624,-73.930208,4.2,959
Jackson Industries Inc,"432 Austin Place, The Bronx",40.809069,-73.90534,4,1
AT&T Store,"1014 Southern Boulevard, The Bronx",40.8235227,-73.8915616,4.4,106
Optimum,"961 East 174th Street, The Bronx",40.8370429,-73.885144,3.3,1893
Orion Electronics NYC,"904 Morris Avenue, The Bronx",40.8262367,-73.9177725,3.8,21
"Gullwing Motor Cars, Inc","24-30 46th Street, Astoria",40.76727589999999,-73.906176,4.5,77
Verde Flowers,"11 Bruckner Boulevard, The Bronx",40.8079226,-73.92965389999999,5,26
Staples,"24-41 31st Street, Astoria",40.77119799999999,-73.916266,4.2,277
The UPS Store,"28-24 Steinway Street, Astoria",40.7649741,-73.9144251,4,444
Tirth Card & Gift Shop,"7520 Astoria Boulevard South, Flushing",40.7644307,-73.8935434,N/A,0
Cycle Therapy NYC,"230 East 127th Street, New York",40.8043659,-73.9336065,4.1,470
Franklin Gourmet Deli Inc,"621 East 169th Street, The Bronx",40.8317284,-73.90161739999999,3.5,6
Walgreens,"43-02 Ditmars Boulevard, Astoria",40.77094,-73.903717,2.4,49
J Department Store,"2254 3rd Avenue, New York",40.80216060000001,-73.9371802,4.2,24
Old Navy,"845 White Plains Road, The Bronx",40.82343420000001,-73.8587885,4.2,897
MetcareRX Pharmacy @ Montefiore,"305 East 161st Street, The Bronx",40.8254275,-73.91698290000001,3.9,9
Cookie's Department Stores,"567 Melrose Avenue, The Bronx",40.816638,-73.9177948,4.2,1425
Rite Aid,"950-960 Southern Boulevard, The Bronx",40.8219551,-73.8915036,3.1,116
Shell,"1855 1st Avenue, New York",40.7830687,-73.9451863,3.7,313
Santana Grocery,"1208 Stratford Avenue, The Bronx",40.8296895,-73.8754841,4.6,5
Spoiled Rotten USA Inc,"605 East 132nd Street, The Bronx",40.80256299999999,-73.918764,5,2
U-Save Car & Truck Rental,"84-15 Astoria Boulevard, East Elmhurst",40.7649395,-73.8847645,4.3,242
CVS Pharmacy,"700 Exterior Street, The Bronx",40.823963,-73.9302874,4.4,44
AT&T Store,"1949 Turnbull Avenue, The Bronx",40.8233801,-73.8573033,4.1,203
Key Food Supermarket,"42-15 30th Avenue, Astoria",40.7629444,-73.9126028,3.9,509
Forman Mills,"3036 Third Avenue, The Bronx",40.81979800000001,-73.9128709,4.2,2351
The UPS Store,"1636 3rd Avenue, New York",40.7824434,-73.9516551,3,121
"Quattro Frameworks, Inc.","44-14 Astoria Boulevard South 2nd floor, Astoria",40.7679634,-73.9063625,5,7
SingleCut Beersmiths QNS,"19-33 37th Street, Astoria",40.77829699999999,-73.90168,4.6,550
FedEx Ship Center,"670 East 132nd Street, The Bronx",40.7996439,-73.9171319,2.8,1007
Sol's Pharmacy,"1515 Southern Boulevard, The Bronx",40.83330050000001,-73.89057079999999,3.6,35
Fling Design,"48-02 25th Avenue #407, Long Island City",40.76445030000001,-73.9050277,N/A,0
Safeway Gourmet Deli,"1901 Story Avenue, The Bronx",40.824279,-73.859688,4.3,23
Astoria Liquors Inc,"1948 37th Street, Astoria",40.7786076,-73.9026451,4.7,55
Macy's,"1441 Metropolitan Avenue Fl 2, The Bronx",40.8364825,-73.8612062,4.1,4069
The Home Depot,"2560 Bruckner Boulevard, The Bronx",40.8273715,-73.8393923,4.2,4401
Pep Boys,"2633 East Tremont Avenue, The Bronx",40.843364,-73.84626999999999,3.4,1652
Walgreens,"1371 Metropolitan Avenue, The Bronx",40.8351309,-73.8613637,2.3,166
Dollar Tree,"132-23 14th Avenue, College Point",40.7874755,-73.8356745,4.3,358
Public Storage,"875 Brush Avenue, The Bronx",40.8257597,-73.84009189999999,4.9,681
Cherry Valley Deli & Grill,"12-29 150th Street, Whitestone",40.789934,-73.814089,4.4,1146
BJ's Wholesale Club,"13705 20th Avenue, College Point",40.7833644,-73.83081150000001,3.9,780
CVS,"3775 East Tremont Avenue, The Bronx",40.8255689,-73.8205401,3.1,194
Alaod Deli & Grocery Corporation,"2366 Westchester Avenue, The Bronx",40.83654119999999,-73.8467084,3,2
Jimmy Jazz,"835 White Plains Road, The Bronx",40.82269129999999,-73.8586076,3.9,143
Walgreens,"55 Westchester Square, The Bronx",40.8416818,-73.8432682,3.2,71
Starbucks,"1385 Metropolitan Avenue, The Bronx",40.83542500000001,-73.8613878,4,877
Jackson Corporation,"1831 131st Street, College Point",40.7822212,-73.83757829999999,3.6,5
Follett Higher Education Group,"6 Pennyfield Avenue, The Bronx",40.8092024,-73.8010583,N/A,0
Plymouth Beef Co Inc,"355 Food Center Drive, The Bronx",40.8061948,-73.8763038,4,23
Marshalls,"845 White Plains Road, The Bronx",40.82307309999999,-73.8590291,4.2,1077
P.C. Richard & Son,"13603 20th Avenue, College Point",40.783671,-73.8317979,4.9,4180
Baskin-Robbins,"2172 Westchester Avenue, The Bronx",40.8339981,-73.8517791,2.8,33
ZEE'S GOURMET DELI - HILL'S TRADING Corp.,"13207 14th Avenue, College Point",40.7865089,-73.83593499999999,4.2,65
DBF Associate,"1150 East 156th Street, The Bronx",40.8126828,-73.8938982,N/A,0
S & D Dely,"3639 East Tremont Avenue, The Bronx",40.82832779999999,-73.8236754,N/A,0
Extra Space Storage,"1037 Zerega Avenue, The Bronx",40.8293505,-73.84439449999999,4.8,1725
Canada Dry Bottling Co,"112-02 15th Avenue, Flushing",40.7829041,-73.8541663,3,21
Trinity,"114-02 15th Avenue, College Point",40.7830357,-73.85265749999999,N/A,0
St. Lawrence D.V. Pizza,"1788 Westchester Avenue, The Bronx",40.831522,-73.866817,4.1,123
T.J. Maxx,"136-03 20th Avenue, College Point",40.7836412,-73.831533,4.2,1886
Jetro/Restaurant Depot,"1506 132nd Street, College Point",40.7841339,-73.83675029999999,3.8,93
"AFC Industries, Inc.","13-16 133rd Place, College Point",40.7870886,-73.8345968,3.5,13
LOFT,"2344 Bell Boulevard C, Bayside",40.780669,-73.775622,4.2,99
Roberts Bicycles,"33-13 Francis Lewis Boulevard, Flushing",40.7670709,-73.7899685,3.5,167
Men's Wearhouse,"2420 Bell Boulevard, Bay Terrace",40.77928,-73.77597999999999,3.7,214
Durso's Pasta & Ravioli Company,"18901 Crocheron Avenue, Flushing",40.763344,-73.792985,4.7,433
Carter's,"211-15C 26th Avenue, Bayside",40.7793779,-73.77875159999999,4.5,74
Key Food Supermarkets Whitestone,"153-55 Cross Island Parkway, Whitestone",40.7883333,-73.8097222,2.9,101
Frank Bee Stores Inc,"3435 East Tremont Avenue, The Bronx",40.8326195,-73.8275574,3.8,95
"Jerome G. Hersh, BS","2 Bay Club Drive, Bayside",40.77803590000001,-73.7808993,N/A,0
CVS Pharmacy,"13505 20th Avenue, College Point",40.7837661,-73.83332639999999,4.1,33
H Mart Union,"29-02 Union Street, Flushing",40.7720996,-73.8269108,4.2,2052
Crosstown Diner,"2880 Bruckner Boulevard, The Bronx",40.832521,-73.828592,4,2321
Paris Baguette,"156-24 Northern Boulevard, Queens",40.7633458,-73.8088282,3.7,347
Walgreens Pharmacy,"3590 East Tremont Avenue, The Bronx",40.82932100000001,-73.82534969999999,2.7,106
Harpell Chemists,"12-65 150th Street, Whitestone",40.7889819,-73.81364239999999,4.5,38
Bayside Thrift Shop Ltd,"14402 Northern Boulevard, Flushing",40.7643767,-73.82314199999999,4.3,80
Martha’s Country Bakery,"41-06 Bell Boulevard, Bayside",40.7633318,-73.7710462,4.4,3350
Merit Cars,"132-01 14th Avenue, College Point",40.7872716,-73.8364443,4.2,33
Flowers by Frankie,"3240 East Tremont Avenue, The Bronx",40.8354267,-73.8330799,4.3,62
Helen Chiasson Salon,"Shopping Center, 153-35 Cross Island Parkway, Whitestone",40.7877928,-73.8095948,5,10
Pibbs Industries,"13315 32nd Avenue, Flushing",40.7671921,-73.83569539999999,3.2,13
"Utopia Optometry P.C. (Gloria Chung, OD)","20-03 Utopia Parkway, Whitestone",40.7798072,-73.7936642,4.2,19
Dunkin',"Gulf Gas Station, 1755 Francis Lewis Boulevard, Whitestone",40.782426,-73.8034441,4,118
Zerach.com Inc,"129-20 18th Avenue, College Point",40.78303409999999,-73.8389198,4,4
Old Navy,"13915 20th Avenue, College Point",40.7822716,-73.8293738,4.3,539
Macy's,"1100 Northern Boulevard, Manhasset",40.78846819999999,-73.702364,4.2,3218
Audi Great Neck,"795 Northern Boulevard, Great Neck",40.7847222,-73.7116667,4.4,2127
MAC Cosmetics,"1100 Northern Boulevard, Manhasset",40.7886538,-73.70221029999999,3.8,5
Long Island Audiology,"1000 Northern Boulevard, Great Neck",40.7848297,-73.70852359999999,4.9,124
Michaels,"1350 Northern Blvd Manhasset Center, Manhasset",40.7925494,-73.6964787,4.3,908
Manhasset Superstore,"1225 Northern Boulevard, Manhasset",40.79196919999999,-73.70042409999999,4.5,874
Honda of Manhasset,"1260 Northern Boulevard, Manhasset",40.7917234,-73.69955929999999,4.2,2742
Kashi 4 C's Intl llc,"16 Middle Neck Road suite 272, Great Neck",40.7871725,-73.72821069999999,N/A,0
The UPS Store,"10 Bond Street, Great Neck",40.7882024,-73.7276943,3.9,69
Pet Supplies Plus Manhasset,"1170 Northern Boulevard, Manhasset",40.79084820000001,-73.7020749,4.6,295
Great Neck Music Conservatory,"625 Middle Neck Road, Great Neck",40.80350019999999,-73.7355927,4.2,6
Raindew Manhasset True Value And Pharmacy,"465 Plandome Road, Manhasset",40.7989277,-73.70061679999999,4.6,148
Led Outfitters,"14 Bond Street # 301, Great Neck",40.7888787,-73.7278235,2.6,7
Carnation Designs,"98 Cuttermill Road Suite 201, Great Neck",40.7834826,-73.73259999999999,5,1
CVS,"1 Gussack Plaza, Great Neck",40.7880536,-73.7299355,3.5,77
Norman Yohay Associates Inc,"80 Cuttermill Road, Great Neck",40.785022,-73.7313284,N/A,0
Region Care Infusion,"200 Community Drive # 1, Great Neck",40.7814517,-73.70743159999999,1.8,5
Mavis Discount Tire,"200 Northern Boulevard, Great Neck",40.775955,-73.7289878,4.3,1542
Deli On the Green,"647 Middle Neck Road, Great Neck",40.8040378,-73.7352358,4,221
"Lisa C. Predmore, AUD","1165 Northern Boulevard, Manhasset",40.7912907,-73.7029617,5,1
FedEx Office Print & Ship Center,"800 Northern Boulevard, Great Neck",40.7843598,-73.71068129999999,3.8,48
Askari Kaveh,"225 Community Drive Suite 100, Great Neck",40.78212,-73.706009,N/A,0
Lichtenberg,"1010 Northern Boulevard #400, Great Neck",40.784989,-73.70731169999999,N/A,0
Little Neck Drug Store,"252-11 Northern Boulevard, Little Neck",40.7700088,-73.7362753,4.6,20
The UPS Store,"565 Plandome Road, Manhasset",40.799937,-73.7016708,3.6,177
Staples,"1410 Northern Boulevard, Manhasset",40.79220189999999,-73.69389249999999,3.7,145
KooChooLoo Baby,"11 Middle Neck Road #209, Great Neck",40.7873618,-73.7276491,3,2
North Shore Farms,"90 Horace Harding Boulevard, Great Neck",40.7688061,-73.7218518,4.3,271
Best Buy,"30 Andrews Drive, Woodland Park",40.887485,-74.212972,4.1,4512
Xerox Of Nyc/Philly Metro,"150 Clove Road, Little Falls Township",40.8712623,-74.194929,N/A,0
Sentrx,"150 Clove Road, Little Falls Township",40.8713048,-74.19503999999999,N/A,0
Big Lots,"1006 U.S. 46, Clifton",40.8731573,-74.1782217,4.3,837
Tri-State Bearing & Supply Co,"14 Sebago Street, Clifton",40.8638633,-74.1560947,4.4,7
The UPS Store,"163 East Main Street, Little Falls Township",40.8768942,-74.21711160000001,3.2,115
Absolutely Fish,"1080 U.S. 46, Clifton",40.8711156,-74.1813979,4.6,1444
Dave's Time Warp Comics & Games,"555A Pompton Avenue, Cedar Grove",40.8522496,-74.2291217,4.6,514
Route 46 Chrysler Jeep Dodge,"1655 U.S. 46, Little Falls Township",40.8850632,-74.21619,3.6,2925
David's Cookies,"11 Cliffside Drive, Cedar Grove",40.867031,-74.2192993,4,150
Barnes & Noble,"1156 U.S. 46, Woodland Park",40.8862199,-74.2135377,4.5,1756
Upper Montclair Country Club,"177 Hepburn Road, Clifton",40.8477,-74.1750972,4.5,121
ShopRite Wines & Spirits of Little Falls,"171 Browertown Road, Little Falls Township",40.8818013,-74.21151549999999,4.6,561
Smacktone Studios,"86 Lackawanna Avenue #218, Woodland Park",40.8888239,-74.2135631,4.5,80
Schumacher Chevrolet of Little Falls,"8 Main Street, Little Falls Township",40.8810834,-74.2244281,4.5,920
Kern Services Inc,"86 Lackawanna Avenue #105, Woodland Park",40.8887975,-74.2136464,N/A,0
Walgreens,"342 Claremont Avenue, Verona",40.83079229999999,-74.2430469,2.3,80
Fette INFINITI,"1137 U.S. 46, Clifton",40.8691946,-74.1848803,4.2,748
Kohl's,"1710 U.S. 46, Woodland Park",40.8857556,-74.21249259999999,4.3,1998
AutoZone Auto Parts,"977 Bloomfield Avenue, Clifton",40.8438119,-74.15860669999999,4,807
Amazing Savings Verona,"335 Pompton Avenue, Verona",40.8352436,-74.22518649999999,4.3,216
McDonald's,"405 U.S. 46, Little Falls Township",40.8723447,-74.1947218,3.6,2129
Williams-Sonoma,"630 Valley Road, Montclair",40.8423767,-74.20830579999999,4.3,111
Gun For Hire at The Woodland Park Range,"1267 McBride Avenue, Woodland Park",40.8897691,-74.2164755,4.8,2291
Staples,"91 Pompton Avenue, Cedar Grove",40.8359911,-74.2246491,4.4,95
McGuire Buick GMC,"1625 U.S. 46, Little Falls Township",40.885134,-74.21531879999999,4.2,490
CubeSmart Self Storage,"1234 U.S. 46, Clifton",40.87112939999999,-74.187506,4.7,248
Sally Beauty,"1006 U.S. 46 Suite 12, Clifton",40.87343990000001,-74.17777509999999,3.8,66
Schumacher Chevrolet Clifton,"999 U.S. 46, Clifton",40.8719583,-74.1765424,4.2,935
New Jersey Vision Associates,"1455 Broad Street # 110, Bloomfield",40.8393194,-74.1841997,4.5,44
Tri-County Lexus,"700 U.S. 46, Little Falls Township",40.8818435,-74.2079696,4.2,4418
Stop & Shop,"1189 Broad Street, Clifton",40.85552879999999,-74.1763186,4.3,1539
Dollar Tree,"1006 U.S. 46, Clifton",40.8732096,-74.178386,3.9,235
The UPS Store,"1360 Clifton Avenue, Clifton",40.8536514,-74.1732581,3.3,134
Walmart Supercenter,"174 Passaic Street, Garfield",40.8666623,-74.1010551,4.1,10490
Bowlero Wallington,"299 Paterson Avenue, Wallington",40.8467326,-74.1101612,4.3,3553
The Home Depot,"103-179 Dayton Avenue, Passaic",40.8716252,-74.1204479,4.1,2349
Corrado's Market,"1578 Main Avenue, Clifton",40.88819599999999,-74.1518076,4.1,2869
Harbor Freight,"1016 Main Avenue, Clifton",40.8722118,-74.134951,4.4,1038
AT&T Store,"598 Main Avenue, Passaic",40.8594642,-74.1241316,4.7,346
Noches De Colombia Clifton,"1 village square east In Botany Village Square, Clifton",40.8761117,-74.122363,4.7,8641
Digital Press Videogames,"387 Piaget Avenue, Clifton",40.8791769,-74.15147999999999,4.5,766
Alamo,"51 Lexington Avenue, Passaic",40.86427070000001,-74.12745389999999,3.8,28
Walgreens,"101 President Street, Passaic",40.8731733,-74.12197429999999,3.7,57
CVS,"572 Paterson Avenue, East Rutherford",40.8424559,-74.1057383,2.8,106
"American Coin & Stamp Co.,Inc.","1273 Main Avenue, Clifton",40.87868890000001,-74.14328259999999,4.6,220
Garden State Honda Pre-Owned,"225 River Drive, Passaic",40.85170400000001,-74.12034059999999,4,1273
Furniture Expo,"1378 Main Avenue, Clifton",40.88243670000001,-74.14598629999999,4.4,236
Extra Space Storage,"515 Broad Street, Clifton",40.87815,-74.167074,4.8,1343
Visionworks Doctors of Optometry,"251 Clifton Avenue, Clifton",40.8757758,-74.1352411,3.5,242
Jos A. Bank,"852 New Jersey 3 STE 238, Clifton",40.8396277,-74.1557926,4.1,123
Costco Wholesale,"2 Teterboro Landing Drive, Teterboro",40.8607928,-74.0644863,4.5,8864
Chris's Cookies,"100 Hollister Road #5, Teterboro",40.8621366,-74.05536529999999,4.2,29
Teterboro Chrysler Jeep Dodge RAM,"469 U.S. 46, Little Ferry",40.85692340000001,-74.0514472,3.6,974
Swift Electrical Supply,"100 Hollister Road #5, Teterboro",40.8624616,-74.0558904,4.4,38
The Wine Rack,"69 New Jersey 17 South, Hasbrouck Heights",40.8524656,-74.0752661,4.2,119
ShopRite of Lodi,"175 Main Street, Lodi",40.8790996,-74.084924,4.2,2527
Walmart,"189 U.S. 46, Saddle Brook",40.8917599,-74.0935598,4.1,5988
Lodi Lanes,"58 Terhune Avenue, Lodi",40.8639028,-74.0909332,4.3,642
Walgreens,"20 Arnot Street, Lodi",40.8774799,-74.08603010000002,2.5,92
T.J. Maxx,"189 U.S. 46, Saddle Brook",40.8910877,-74.0953261,4.2,622
Mazda of Lodi,"130 U.S. 46 Suite 100, Lodi",40.8774853,-74.0756845,4.3,1747
Sally Beauty,"189 U.S. 46, Saddle Brook",40.89170189999999,-74.0949297,4,56
NJModern Furniture,"200 South Newman Street, Hackensack",40.87407029999999,-74.05635079999999,N/A,0
New Balance,"459 New Jersey 17, Hasbrouck Heights",40.86461999999999,-74.06506,4.5,349
General Floor - Hackensack,"403 West Pleasantview Avenue, Hackensack",40.8761558,-74.068063,4.4,8
Cars Buyer Inc,"346 Phillips Avenue, South Hackensack",40.85508960000001,-74.0465952,3.5,290
Ice House,"111 Midtown Bridge Street, Hackensack",40.88328879999999,-74.0378983,4,191
H Mart Little Ferry,"260 Bergen Turnpike, Little Ferry",40.8564643,-74.03396599999999,4.4,2419
Pep Boys,"65 Court Street, Hackensack",40.87851679999999,-74.04044429999999,3.7,1401
GNC,"500 South River Street, Hackensack",40.8634469,-74.0344239,2.5,23
iWire Distribution Inc.,"85 Main Street, Hackensack",40.8808623,-74.04419539999999,5,1
Hilti Store - Hackensack,"500 South River Street, Hackensack",40.8638454,-74.03483229999999,4.3,19
Coinstar Kiosk - Bitcoin ATM,"500 South River Street ShopRite, Hackensack",40.863505,-74.03451059999999,2.5,2
Toyota of Hackensack,"278 River Street, Hackensack",40.8865674,-74.0393301,4,2175
ShopRite of Hackensack,"500 South River Street, Hackensack",40.8626533,-74.0341122,4.1,2171
Girl on the Go Wigs,"20 Prospect Avenue, Hackensack",40.88320569999999,-74.0571963,2,2
The Home Depot,"99 New Jersey 17 North, Lodi",40.88567700000001,-74.0654452,4.1,1978
Hackensack Audiology & Hearing Aid Associates,"20 Prospect Avenue # 808, Hackensack",40.883453,-74.0571037,4.9,169
Gundam Planet,"140 Lawrence Street, Hackensack",40.88415999999999,-74.04874199999999,4.8,484
Marble.com,"1 Mount Vernon Street, Ridgefield Park",40.8571095,-74.02923849999999,4.6,353
Freedom Medical Inc,"376 North Street Unit D, Teterboro",40.8690086,-74.0583892,N/A,0
Extra Space Storage,"270 South River Street, Hackensack",40.8699228,-74.0376955,4.8,734
The Jewelry Exchange in New Jersey | Jewelry Store | Engagement Ring Specials,"171 Main Street, Hackensack",40.883751,-74.04337199999999,4.9,1424
Plaza bagels & deli,"500 South River Street, Hackensack",40.8643205,-74.03549129999999,3.4,62
Uomo Venetto Inc,"375 North Street # T, Teterboro",40.86942739999999,-74.0584623,5,6
Sunny Tech Inc,"375 North Street, Teterboro",40.86907349999999,-74.0583892,N/A,0
Baskin-Robbins,"250 Bergen Turnpike, Little Ferry",40.8557327,-74.03451849999999,3.9,28
Jetcraft Corporation,"112 Charles A Lindbergh Dr, Teterboro",40.8417651,-74.0660877,N/A,0
ADI Global Distribution - Teterboro,"100 Hollister Road Unit #3, Teterboro",40.8630536,-74.05584619999999,5,22
AC Art & Mirrors,"395 Broad Avenue, Ridgefield",40.8279402,-74.011248,4.3,4
Kundert Volvo Cars,"140 New Jersey 17, Hasbrouck Heights",40.85392179999999,-74.071744,4.7,1084
Disc Disease Solutions Inc,"700 Grand Avenue #14, Ridgefield",40.8393063,-74.0066987,N/A,0
Marble Systems - Tile Store & Natural Stone Showroom,"610 Washington Avenue, Carlstadt",40.8264172,-74.05910659999999,4.8,19
Starbucks,"Sanzari Medical Arts Building, 360 Essex Street, Hackensack",40.8840556,-74.0586438,4.1,1036
Lumber Liquidators,"14 East Wesley Street, South Hackensack",40.869261,-74.0482243,4.3,130
Michael Andrews Audio Visual Services,"150 Louis Street, South Hackensack",40.85789,-74.0481107,4.8,16
Extra Space Storage,"140 New Jersey 17, Lodi",40.88431,-74.06897,4.9,1005
Atlantic Plywood,"75 Amor Avenue, Carlstadt",40.83256,-74.0685257,3,29
Unisource,"282 Main Street, Little Ferry",40.8538491,-74.04439710000001,N/A,0
Outwater Industries,"24 River Road, Bogota",40.869743,-74.03267679999999,4.6,96
Woodburymall Corp,"2 Executive Drive #425, Fort Lee",40.8651902,-73.97283879999999,3.6,8
H Mart Fort Lee,"112 Linwood Drive, 130 Linwood Plaza, Fort Lee",40.8610891,-73.97098380000001,3.9,303
AT&T Store,"92 Linwood Plaza, Fort Lee",40.860524,-73.9713396,3.8,241
"Couristan, Inc.","3380, 2 Executive Drive # 400, Fort Lee",40.8651781,-73.9725538,3.7,3
Hudson Surface Tech,"3 Executive Drive, Fort Lee",40.8651496,-73.9730426,N/A,0
The UPS Store,"96 Linwood Plaza 9 W, Fort Lee",40.8606227,-73.9714398,4.5,845
Parkway Toyota,"50 Sylvan Avenue #9w, Englewood Cliffs",40.868649,-73.9590769,4.5,1752
Takarajima USA Inc,"595 River Road, Edgewater",40.81606530000001,-73.9800537,4,1
Audi Englewood,"400 South Dean Street, Englewood",40.882237,-73.9826983,4.8,2628
Marshalls,"497 River Road, Edgewater",40.8113044,-73.98204179999999,4.3,787
Mattress Firm Edgewater,"469 River Road, Edgewater",40.8122927,-73.98543409999999,4.8,586
T.J. Maxx,"477 River Road, Edgewater",40.811843,-73.984927,4.1,1498
Fuze Beverage LLC,"140 Sylvan Avenue, Englewood Cliffs",40.8697446,-73.9576276,N/A,0
CVS Pharmacy,"543 River Road, Edgewater",40.8140101,-73.9817174,3.7,18
Metropolitan Plant and Flower Exchange,"2125 Fletcher Avenue, Fort Lee",40.85888889999999,-73.9733333,4.2,463
CVS,"1681 FLETCHER AVE, Linwood Plaza, Fort Lee",40.86171170000001,-73.9694581,2.8,114
Cosmos,"1642 Schlosser Street FL#1, Fort Lee",40.8505477,-73.9697875,4.6,85
York Supply Co Inc,"500 Nordhoff Place # 2, Englewood",40.87933820000001,-73.9870723,3,2
Against All Odds Corporate Office,"222 Bruce Reynolds Boulevard, Fort Lee",40.85417099999999,-73.9705562,5,4
Crown Jewel Importers Inc,"140 Sylvan Avenue # 2-4, Englewood Cliffs",40.869787,-73.9576075,N/A,0
Mikey's LLC,"2 Executive Drive, Fort Lee",40.8651902,-73.97283879999999,N/A,0
Walgreens,"2151 Lemoine Avenue, Fort Lee",40.8561781,-73.9681871,2.2,115
Starbucks,"457 River Road Edgewater Commons, Edgewater",40.81316,-73.98446080000001,3.9,1081
Bizzaro Turci,"410 South Dean Street, Englewood",40.8813714,-73.983322,5,1
Meira T Designs,"2 Executive Drive SUITE 205, Fort Lee",40.8655754,-73.9727765,3.2,9
Baskin-Robbins,"1430 U.S. 46, Fort Lee",40.85064999999999,-73.9857073,2.9,81
The UPS Store,"725 River Road #32, Edgewater",40.8184396,-73.97704,3.3,212
Super Edibles,"725 River Road, Edgewater",40.8200655,-73.97721659999999,5,1
Target,"40 West 225th Street #50, The Bronx",40.8733943,-73.90778929999999,4.1,3169
ROYAL PRESTIGE NEW YORK,"5030 Broadway #647, New York",40.868961,-73.916703,3.2,23
CVS Pharmacy,"40 West 225th Street, The Bronx",40.8734127,-73.9077537,2.9,95
MYTICKETPREMIUM LLC.,"5030 Broadway #672, New York",40.8688715,-73.9166929,N/A,0
AT&T Store,"3545 Broadway, New York",40.8268188,-73.9506906,4.1,114
Frank's Sports Shop,"430 East Tremont Avenue, The Bronx",40.8472436,-73.9000551,4.3,833
"PJ Wine, Inc.","4898 Broadway, New York",40.8669777,-73.9222336,4.6,1712
Marshalls,"50 West 225th Street, The Bronx",40.87323899999999,-73.90847000000001,4.2,1520
Dyckman Farmhouse Museum,"4881 Broadway @, West 204th Street, New York",40.8673838,-73.9229408,4.5,202
Staples,"4320 Broadway Front 3, New York",40.852251,-73.934315,3.6,353
bp,"265 Nagle Avenue, New York",40.8630605,-73.9202512,3.5,8
bp,"4353 Broadway, New York",40.8535526,-73.9342786,3.5,25
The UPS Store,"4867 Broadway, New York",40.8669887,-73.92390999999999,4,140
Sanders Fred,"1650 Grand Concourse, The Bronx",40.8434664,-73.91103509999999,N/A,0
272 Grocery Inc,"272 Sherman Avenue, New York",40.8666393,-73.9181771,4.3,3
Starbucks,"301 West 145th Street, New York",40.8232986,-73.9423572,4.1,757
bp,"1740 Jerome Avenue, The Bronx",40.8473956,-73.9122715,3,33
Starbucks,"803 West 181st Street, New York",40.8511398,-73.9384226,4,671
Fordham Toyota Service & Toyota Parts,"235 West 154th Street, New York",40.82803500000001,-73.936097,4.4,3266
P R O B U S,"4857 Broadway, New York",40.8668868,-73.9243007,4.9,76
Eden Deli Grocery,"5 East Mount Eden Avenue, The Bronx",40.8443318,-73.9144424,4,61
Food Universe Marketplace,"1187 Jerome Avenue, The Bronx",40.835905,-73.922973,3.9,159
Shell,"4116 Broadway, New York",40.84517699999999,-73.938526,3.5,68
Starbucks,"4001 Broadway, New York",40.84137609999999,-73.93993069999999,4,891
Izi Creations,"560 Sylvan Avenue Suite 3155, Englewood Cliffs",40.884479,-73.9489323,N/A,0
"Mei H. Chang, Ba","130 West Kingsbridge Road, Bronx, NY 10468, 130 West Kingsbridge Road, The Bronx",40.868521,-73.90527209999999,N/A,0
Yee Amy,"130 West Kingsbridge Road, The Bronx",40.868521,-73.90527209999999,N/A,0
Lee Leslie K,"130 West Kingsbridge Road, The Bronx",40.868521,-73.90527209999999,N/A,0
Best Buy,"402 East Fordham Road, The Bronx",40.8608744,-73.8916732,4.1,9651
AT&T Store,"381 East Fordham Road, The Bronx",40.8621078,-73.8919512,4.1,157
Walgreens,"5564 Broadway, The Bronx",40.8785384,-73.90477969999999,2.4,215
CVS,"732 Allerton Avenue, The Bronx",40.86519699999999,-73.8658921,2.4,224
Party City,"1 Fordham Plaza, The Bronx",40.8606075,-73.88981509999999,4.1,1210
Staples,"2040 White Plains Road, The Bronx",40.8520502,-73.86737699999999,3.6,340
JD Sports,"215 East Fordham Road, The Bronx",40.8624868,-73.8961046,3.7,369
bp,"824 Allerton Avenue, The Bronx",40.865246,-73.8622058,4,41
Rodrigue's Coffee House,"441 East Fordham Road, The Bronx",40.8634426,-73.8874293,3.3,146
Forever,"Wagner Building, 210 East Fordham Road, The Bronx",40.8622641,-73.8965753,4,215
P.C. Richard & Son,"2501 Grand Concourse, The Bronx",40.8627166,-73.8974609,4.6,7309
Yeh Jessica,"130 West Kingsbridge Road, The Bronx",40.868521,-73.90527209999999,N/A,0
Patel Ujwal,"130 West Kingsbridge Road, The Bronx",40.868521,-73.90527209999999,N/A,0
Salbu Rebecca L,"130 West Kingsbridge Road, The Bronx",40.868521,-73.90527209999999,N/A,0
Felix's Custom T-Shirts,"Inside The Arthur Avenue Retail Market Felix's Custom T-shirts, 2344 Arthur Avenue, The Bronx",40.8540854,-73.888123,2.5,13
Artuso Pastry Shop,"670 East 187th Street, The Bronx",40.8541724,-73.8852291,4.6,1905
Walgreens,"541 West 235th Street, The Bronx",40.8856195,-73.90914,2,97
T.J. Maxx,"961 East 174th Street, The Bronx",40.8366649,-73.8852478,4.2,1345
JCPenney,"100 Baychester Avenue, The Bronx",40.8647649,-73.8263809,4.2,4251
Mercy College - Bronx Campus Bookstore,"1200 Waters Place #3, The Bronx",40.85375659999999,-73.8371318,4.3,72
Marshalls,"352 Baychester Avenue, The Bronx",40.8684064,-73.829878,4.2,1953
JCPenney Optical,"100 Baychester Avenue, The Bronx",40.8647084,-73.82648449999999,3.4,9
SNIPES,"2196 Bartow Avenue Spc 196, The Bronx",40.867408,-73.8250662,3.7,94
The Home Depot,"1806 East Gun Hill Road, The Bronx",40.8615753,-73.8327773,4.1,3700
AT&T Store,"2152 Bartow Avenue, The Bronx",40.8682679,-73.82484199999999,4.2,315
Rite Aid,"2063 Bartow Avenue, The Bronx",40.8703449,-73.828302,3.2,67
Walgreens,"2504 Eastchester Road, The Bronx",40.8630428,-73.84315459999999,2.7,55
Eastchester Chrysler Jeep Dodge Ram,"4007 Boston Road, The Bronx",40.88530509999999,-73.8318898,3.8,3072
Teddy Volkswagen,"3743 Boston Road, The Bronx",40.8810699,-73.8400261,4.1,1324
Walgreens,"3575 Boston Road, The Bronx",40.8788908,-73.84405869999999,3.1,110
P.C. Richard & Son,"356 Baychester Avenue, The Bronx",40.8682324,-73.830709,4.7,5348
Carter's,"2146 Bartow Avenue, The Bronx",40.86683650000001,-73.8271942,4.4,193
Men's Wearhouse,"2021 Bartow Avenue, The Bronx",40.869184,-73.83094299999999,3.9,460
City World Toyota,"3333 Boston Road, The Bronx",40.87433499999999,-73.85291149999999,4,1332
Zoo-Rama Pet Shop,"2566 East Tremont Avenue, The Bronx",40.8429344,-73.8479905,4.4,483
Walgreens,"691 Co-op City Boulevard Ste L, The Bronx",40.881139,-73.823758,2.3,72
Bella Vista Optics,"736 Allerton Avenue # A, The Bronx",40.8653235,-73.8659268,4.8,76
Bowlerland,"2417 Hollers Avenue, The Bronx",40.8860495,-73.82336070000001,3.8,1228
4 Bean Cafe,"1740 Eastchester Road, The Bronx",40.84806589999999,-73.8438278,4.3,3
Harbor Freight,"2441 Boston Road, The Bronx",40.8623387,-73.8670904,4.4,1913
Quality Tile,"2541 Boston Road, The Bronx",40.86434089999999,-73.86425369999999,4.3,187
Life is Good Wireless,"260 East Fordham Road, The Bronx",40.8619107,-73.8953058,N/A,0
City World Hyundai,"3350 Boston Road, The Bronx",40.87436339999999,-73.8518502,4.3,1285
ShopRite of Pelham Parkway,"847 Pelham Parkway, Pelham",40.8917584,-73.82057019999999,4.3,4419
Delta Electronics,"3108 East Tremont Avenue, The Bronx",40.838341,-73.835802,4.3,85
McDonald's,"1826 Eastchester Road, The Bronx",40.8495661,-73.8446447,3.8,1832
Perotto Aldo MD,"1825 Eastchester Road, The Bronx",40.849066,-73.8458929,N/A,0
Cingular Wireless,"3011 Middletown Road, The Bronx",40.844311,-73.83008699999999,3.3,3
Partopia Party Rental,"1601 East Gun Hill Road, The Bronx",40.866872,-73.838867,4.4,124
Tattoo Seen,"3177 East Tremont Avenue, The Bronx",40.8372487,-73.8338752,4.6,239
Panera Bread,"340 Baychester Avenue, The Bronx",40.8678646,-73.8279026,3.8,1211
Extra Space Storage,"2875 Edson Avenue, The Bronx",40.8695826,-73.83430299999999,4.9,2564
Waters Place Pharmacy,"1200 Waters Place # M114, The Bronx",40.8528373,-73.83706800000002,N/A,0
Public Storage,"925 Spring Road, Pelham",40.8901899,-73.81715,4.7,295
Pascap Co. Inc.,"4250 Boston Road, The Bronx",40.8880213,-73.8220436,4.3,88
CubeSmart Self Storage of the Bronx,"1880 Bartow Avenue, The Bronx",40.8664626,-73.8346048,4.2,466
"Joseph D'Agostino, Bspharm",The Bronx,40.8564757,-73.8472361,1,1
"Owen E. Youn, Doctor","1400 Pelham Parkway South, The Bronx",40.8561364,-73.8473559,5,2
Claire's,"2208 Bartow Avenue, The Bronx",40.86720620000001,-73.82513519999999,4.1,278
Walgreens,"1710 Crosby Avenue, The Bronx",40.845876,-73.8312143,2.5,164
CVS,"1916 Williamsbridge Road, The Bronx",40.8529468,-73.8529791,2.8,262
Party City,"310-320 Baychester Avenue, The Bronx",40.866858,-73.828884,4,1025
lenslab,"2124 Bartow Avenue, The Bronx",40.8687905,-73.82617450000001,4.2,10
bp,"3333 East Tremont Avenue, The Bronx",40.835102,-73.83013,3.9,18
AutoZone Auto Parts,"4026 Boston Road, The Bronx",40.8844035,-73.83146599999999,3.9,437
The Children's Place,"2244 Bartow Avenue SPACE 244, The Bronx",40.8667463,-73.8256866,2,46
Pelham Bay Home Center,"3073 Westchester Avenue, The Bronx",40.84907379999999,-73.8308234,4.7,27
Golden Glow Cookie Company,"1844 Givan Avenue, The Bronx",40.87633669999999,-73.83928829999999,4.8,130
Victory Mitsubishi and Pre-Owned Super Center,"4070 Boston Road, The Bronx",40.8852696,-73.8286684,4.3,11382
Eye-Deal Optical,"2136 Bartow Avenue, The Bronx",40.8682769,-73.8251982,4.8,127
The UPS Store,"130 Shore Road, Port Washington",40.84175800000001,-73.7072283,3.1,60
Walgreens Pharmacy,"14 Soundview Market Place, Port Washington",40.842389,-73.70509799999999,2.1,45
Sunoco Gas Station,"410 City Island Avenue, The Bronx",40.8500287,-73.7872407,3.3,11
Kaleidoscope Gallery,"271 City Island Avenue, The Bronx",40.8461526,-73.7863048,4.9,17
Buddys hardware and marine,"268 City Island Avenue, The Bronx",40.84616949999999,-73.78592139999999,4.5,21
Brooklyn Sailbags,"225 Fordham Street, The Bronx",40.84816379999999,-73.7830847,N/A,0
Castaways Yacht Sales,"86 Orchard Beach Boulevard, Port Washington",40.8372682,-73.7206254,N/A,0
Boatmax Brokerage,"150 City Island Avenue, The Bronx",40.8432844,-73.7846028,4.5,92
Dan’s Parents’ House / 239 Play,"239 City Island Avenue, The Bronx",40.844963,-73.7858959,4.8,100
Carvel,"30 Soundview Market Place, Port Washington",40.842692,-73.7058833,3.8,32
Kostal Paddle Manorhaven Beach Park,"158 Manorhaven Boulevard, Port Washington",40.839259,-73.713927,4.9,59
Baskin-Robbins,"636 City Island Avenue, The Bronx",40.8554893,-73.79118679999999,3.8,36
Deith Distributing,"2 Yennicock Avenue, Port Washington",40.8373796,-73.7063615,N/A,0
KCAMG,"130 Shore Road Unit 147, Port Washington",40.8417015,-73.7072474,5,13
REMY N.,"38 Nesaquake Avenue, Port Washington",40.837544,-73.710771,N/A,0
Bob's Quality Auto Repair Port Washington NY,"66 Sintsink Drive East, Port Washington",40.83817699999999,-73.70626299999999,4.8,32
Walter Stern Inc,"68 Sintsink Drive East, Port Washington",40.8383367,-73.7064773,2,1
"PGEE's Custom Upholstery, Canvas and Cushions","20 Sintsink Drive East, Port Washington",40.8375648,-73.7059376,4.5,4
Soundview Hardware,"19 Soundview Market Place, Port Washington",40.84185430000001,-73.7048976,4.4,112
Shell,"99 Shore Road, Port Washington",40.840716,-73.7051424,3.4,41
Target,"101 Shore Road, Port Washington",40.8412312,-73.70480189999999,3.9,161
Oztec Business Machines Inc,"65 Channel Drive, Port Washington",40.8420995,-73.7014889,N/A,0
Shell,"80 Shore Road, Port Washington",40.8389742,-73.70344399999999,4.5,130
Stop & Shop Pharmacy,"65 Shore Road, Port Washington",40.83708000000001,-73.70223,5,10
Stop & Shop,"65 Shore Road, Port Washington",40.8378389,-73.7016115,4.2,611
Sherwin-Williams Paint Store,"59 Shore Road, Port Washington",40.8371575,-73.7010306,4.8,30
Atlantic Outfitters,"405 Main Street #2, Port Washington",40.8296635,-73.7022277,4.8,36
Tonsa Automotive,"83 Harbor Road, Port Washington",40.8407382,-73.6973512,4.5,17
Thomas Curley Plumbing & Heating,"67 Steamboat Road, Great Neck",40.8088864,-73.742554,4.3,54
Theta Industries Inc,"26 Valley Road, Port Washington",40.8425091,-73.69572149999999,N/A,0
Charlotte's Closet,"405 Main Street #6, Port Washington",40.8295772,-73.7024048,4.5,6
AlcovePro,"1 Orchard Beach Boulevard, Port Washington",40.8380768,-73.7168421,N/A,0
Safe Harbor Capri,"15 Orchard Beach Boulevard, Port Washington",40.83785109999999,-73.7178122,4.1,29
Spellbound Fine Jewelry & Watch Repair,"287 Main Street, Port Washington",40.832486,-73.6985294,4.8,38
House of Crystal,"268 Main Street #2704, Port Washington",40.8320596,-73.6976001,4,3
7-Eleven,"788 Middle Neck Road, Great Neck",40.80838920000001,-73.73597149999999,2.5,59
JULIANNE,"274 Main Street, Port Washington",40.83222560000001,-73.69804719999999,N/A,0
Blue & Gray Golf Classics,"300 Steamboat Road, Kings Point",40.8127699,-73.7588596,2,1
West Marine,"16 Soundview Market Place, Port Washington",40.84257749999999,-73.7052307,4.3,57
St. Stephen's Consignment Shop,"9 Carlton Avenue, Port Washington",40.8316019,-73.6978436,4.3,4
Sippy's Babes,"8 Margaret Court, Great Neck",40.8062993,-73.7405699,5,1
David Vincent Woodwork,"551 City Island Avenue, The Bronx",40.8532295,-73.7902179,N/A,0
Barrons Boatyard,"350 Fordham Place, The Bronx",40.8486111,-73.7833333,4.8,20
Jack's Bait and Tackle,"551 City Island Avenue, The Bronx",40.853247,-73.79016399999999,4.6,483
Andrew Stergiopoulos Ice Rink,"65 Arrandale Avenue, Great Neck",40.80581869999999,-73.744542,4.6,118
Shake-N-Go,"85 Harbor Road, Port Washington",40.84172539999999,-73.6968389,4.1,15
Affy's Party,"727 Middle Neck Road, Great Neck",40.806603,-73.7351043,2,1
"EyeSite In Sight, Inc","Stop & Shop/HOME GOODS Plaza, 25 Old Shore Road, Port Washington",40.838793,-73.702702,4.8,213
Daniel's Bait & Tackle Shop of City Island,"632 City Island Avenue, The Bronx",40.8553456,-73.79121190000001,4.6,126
GNC,"17 Soundview Market Place Unit 17, Port Washington",40.8420764,-73.7054905,4.3,480
Anthony's World of Floors,"49 Manorhaven Boulevard, Port Washington",40.8422378,-73.71037439999999,4.8,24
Navy Exchange Fleet,"300 Steamboat Road Delano Hall, Kings Point",40.8109094,-73.76252339999999,4.5,26
Photography by Ron Terner,"321 City Island Avenue, The Bronx",40.8475835,-73.7867953,5,2
City Island Yacht Sales & Marina,"673 City Island Avenue, The Bronx",40.8567411,-73.7914091,4.3,23
Strong's Marine Port Washington,"86 Orchard Beach Boulevard, Port Washington",40.837266,-73.7207049,3,9
Early Ruth Art & Antiques,"319 City Island Avenue #A, The Bronx",40.847449,-73.78685,4,4
New Time Art Glass Etching,"143 Manorhaven Boulevard #2, Port Washington",40.8408743,-73.7145195,5,1
Dunkin',"158 Shore Road, Port Washington",40.8423219,-73.7078356,4.2,128
AmandaBear PartyRentals,"225 Fordham Street, The Bronx",40.8482197,-73.78304020000002,5,3
Ultra Sports Center,"225 Fordham Street, The Bronx",40.8482197,-73.78304020000002,N/A,0
