Name,Address,Latitude,Longitude,Income,Density
La Bella Marketplace,"99 Ellis Street, Staten Island",40.516877,-74.243895,"$103,200 ",2786.24347826087
Scotty's Marketplace,"240 Page Avenue, Staten Island",40.51791600000001,-74.236158,"$103,200 ",2786.24347826087
Target Grocery,"2900 Veterans Road West, Staten Island",40.5287037,-74.2326435,"$103,200 ",2786.24347826087
Frank and Sal Italian Market Staten Island,"4060 Hylan Boulevard, Staten Island",40.5405837,-74.1471979,"$103,200 ",2786.24347826087
Top Tomato Supermarket - Amboy,"4045 Amboy Road, Staten Island",40.549669,-74.151583,"$103,200 ",2786.24347826087
Freddies Supermarket,"3830 Richmond Avenue Suite B, Staten Island",40.5448014,-74.16585660000001,"$103,200 ",2786.24347826087
Key Food Supermarkets,"244 Arden Avenue, Staten Island",40.5529558,-74.1938911,"$103,200 ",2786.24347826087
bp,"2151 Arthur Kill Road, Staten Island",40.558008,-74.2067074,"$103,200 ",2786.24347826087
Ideal Fresh of Rossville,"1006 Rossville Avenue, Staten Island",40.5516175,-74.2125744,"$103,200 ",2786.24347826087
Ideal Food Basket,"1006 Rossville Avenue, Staten Island",40.551603,-74.21270489999999,"$103,200 ",2786.24347826087
ALDI,"3285 Richmond Avenue, Staten Island",40.55965210000001,-74.16884399999999,"$103,200 ",2786.24347826087
La Primera Grocery,"63 Union Street #3325, Carteret",40.5701486,-74.2254749,"$103,200 ",2786.24347826087
Target Grocery,"2873 Richmond Avenue, Staten Island",40.5748033,-74.16679069999999,"$103,200 ",2786.24347826087
bp,"756 Roosevelt Avenue, Carteret",40.58652319999999,-74.2259256,"$103,200 ",2786.24347826087
Lidl,"283 Platinum Avenue, Staten Island",40.5801965,-74.16716219999999,"$103,200 ",2786.24347826087
Trader Joe's,"2385 Richmond Avenue, Staten Island",40.58989939999999,-74.1658016,"$81,111 ",2295.704347826087
Family Fruit Hylan – Staten Island Catering and Supermarket,"2270 Hylan Boulevard, Staten Island",40.57528689999999,-74.10455320000001,"$81,111 ",2295.704347826087
Gourmet Island,"2107 Richmond Road, Staten Island",40.58177269999999,-74.1120212,"$81,111 ",2295.704347826087
Istanbul Grand Bazaar,"2189 Hylan Boulevard, Staten Island",40.577167,-74.103416,"$81,111 ",2295.704347826087
bp,"2111 Hylan Boulevard, Staten Island",40.5790621,-74.1015168,"$81,111 ",2295.704347826087
AV FOOD MARKET,"530 Midland Avenue, Staten Island",40.57300489999999,-74.094638,"$81,111 ",2295.704347826087
FINE FARE,"1689 Richmond Road, Staten Island",40.588852,-74.10240999999999,"$81,111 ",2295.704347826087
Key Food Supermarkets,"300 Sand Lane, Staten Island",40.5921917,-74.0683365,"$81,111 ",2295.704347826087
Key Food Supermarkets,"3485 Neptune Avenue, Brooklyn",40.5772486,-74.00182459999999,"$41,541 ",1502.564841498559
bp,"2978 Cropsey Avenue, Brooklyn",40.582438,-73.98643419999999,"$41,541 ",1502.564841498559
Best Buy International Food,"411 Brighton Beach Avenue, Brooklyn",40.5776414,-73.96298089999999,"$41,541 ",1502.564841498559
Key Food Supermarkets,"505 Neptune Avenue, Brooklyn",40.58002889999999,-73.9722852,"$41,541 ",1502.564841498559
Fine Fare Supermarkets,"2901 Mermaid Avenue, Brooklyn",40.5759294,-73.9960534,"$41,541 ",1502.564841498559
Shop fair supermarket,"1901 Surf Avenue, Brooklyn",40.575407,-73.985815,"$41,541 ",1502.564841498559
Lone Star Gourmet Market,"1901 Surf Avenue, Brooklyn",40.575407,-73.985815,"$41,541 ",1502.564841498559
Food Bazaar,"2965 Cropsey Avenue, Brooklyn",40.582842,-73.9850053,"$41,541 ",1502.564841498559
Big Bazaar,"100 Brighton Beach Avenue, Brooklyn",40.5761561,-73.96806169999999,"$41,541 ",1502.564841498559
Fruit Dynasty,"259 Brighton Beach Avenue, Brooklyn",40.5769771,-73.9653119,"$41,541 ",1502.564841498559
Key Food Supermarket - Avenue Z,"599 Avenue Z, Brooklyn",40.58645009999999,-73.9717926,"$41,541 ",1502.564841498559
DOLLAR BAZAAR,"611 Brighton Beach Avenue, Brooklyn",40.5779703,-73.9611792,"$41,541 ",1502.564841498559
Tashkent Supermarket - Brighton Beach,"713 Brighton Beach Avenue, Brooklyn",40.5781768,-73.9599013,"$41,541 ",1502.564841498559
Vostochny Bazaar Supermarket,"1003-1007, 1009 Brighton Beach Avenue, Brooklyn",40.5781895,-73.9594268,"$41,541 ",1502.564841498559
Samarkand Bazar,"1003-1007, 1009 Brighton Beach Avenue, Brooklyn",40.57821089999999,-73.9594271,"$41,541 ",1502.564841498559
"New Eastern II Fruits, Vegetables, and Grocery Inc","231 Neptune Avenue, Brooklyn",40.58156759999999,-73.9622953,"$41,541 ",1502.564841498559
Golden Key 2,"1067 Brighton Beach Avenue, Brooklyn",40.57842429999999,-73.957576,"$41,541 ",1502.564841498559
Target Grocery,"8973-95 Bay Parkway, Brooklyn",40.5933704,-74.00108709999999,"$55,977 ",2622.2046109510084
bp,"3031 Coney Island Avenue, Brooklyn",40.5823848,-73.9596213,"$41,541 ",1502.564841498559
ALDI,"3785 Nostrand Avenue, Brooklyn",40.59125339999999,-73.9397973,"$64,106 ",2300.4322766570604
bp,"3010 Ocean Avenue, Brooklyn",40.5877381,-73.9494799,"$64,106 ",2300.4322766570604
American Grocery Outlet,"2914 Coney Island Avenue, Brooklyn",40.5853694,-73.9606278,"$41,541 ",1502.564841498559
Cherry Hill Gourmet Inc,"1901 Emmons Avenue, Brooklyn",40.5838861,-73.9487833,"$64,106 ",2300.4322766570604
bp,"2624 Coney Island Avenue, Brooklyn",40.592651,-73.9610351,"$64,106 ",2300.4322766570604
Deirdre Maeve's Supermarket,"202-36 Rockaway Point Boulevard, Breezy Point",40.5614151,-73.9124215,"$64,106 ",2300.4322766570604
Deirdre Maeve's Summer Store,Queens,40.5589878,-73.91995779999999,"$64,106 ",2300.4322766570604
Bay Fresh Supermarket Inc,"1510 Sheepshead Bay Road, Brooklyn",40.587075,-73.9535933,"$64,106 ",2300.4322766570604
Portokali Gourmet Market,"1509 Sheepshead Bay Road, Brooklyn",40.587381,-73.953667,"$64,106 ",2300.4322766570604
Sheepshead Bay Marketplace,"1717 Avenue Z, Brooklyn",40.5883695,-73.9518068,"$64,106 ",2300.4322766570604
Mtskheta Georgian Food Market,"389 Avenue X, Brooklyn",40.5909129,-73.9686639,"$41,541 ",1502.564841498559
fruit and vegetable Brothers,"249 Avenue X, Brooklyn",40.590294,-73.9736157,"$41,541 ",1502.564841498559
Gourmet Boutique,"3688 Nostrand Avenue, Brooklyn",40.594089,-73.94096549999999,"$64,106 ",2300.4322766570604
bp,"10017 Beach Channel Drive, Rockaway Park",40.5858292,-73.8227424,"$51,643 ",1057.7552897884084
Key Food Supermarkets,"87-15 Rockaway Beach Boulevard, Far Rockaway",40.58696459999999,-73.8125896,"$51,643 ",1057.7552897884084
AAA,"69-15 Beach Channel Drive, Far Rockaway",40.59256329999999,-73.7989125,"$51,643 ",1057.7552897884084
SuperFresh Arverne,"5725 Beach 56th Place, Arverne",40.59182070000001,-73.7876989,"$51,643 ",1057.7552897884084
Key Food Supermarkets,"1080 West Beech Street, Long Beach",40.5858749,-73.7002522,"$51,643 ",1057.7552897884084
bp,"1705 Richmond Avenue, Staten Island",40.60685929999999,-74.16193799999999,"$72,727 ",1900.704347826087
ALDI,"1705 West Edgar Road, Linden",40.6115549,-74.2525497,"$103,200 ",2786.24347826087
Associated Fresh of Victory Blvd,"3579 Victory Boulevard, Staten Island",40.6011846,-74.177127,"$72,727 ",1900.704347826087
ShopRite of Linden,"637 W. Edgar Rd, Aviation Plaza North, Linden",40.61845839999999,-74.2459942,"$103,200 ",2786.24347826087
Western Beef Supermarket,"2040 Forest Avenue, Staten Island",40.624927,-74.1572896,"$72,727 ",1900.704347826087
ampm,"1705 Richmond Avenue, Staten Island",40.6068901,-74.1619466,"$72,727 ",1900.704347826087
Lander Market,"1430 Richmond Avenue # 1, Staten Island",40.6134189,-74.1587232,"$72,727 ",1900.704347826087
MEKKAH MART MEDITERRANEAN SUPERMARKET,"2256 Forest Avenue, Staten Island",40.6267175,-74.1651371,"$72,727 ",1900.704347826087
Target Grocery,"621 West Edgar Road, Linden",40.61902969999999,-74.24342659999999,"$103,200 ",2786.24347826087
Asian Food Market of Staten Island,"2343 Forest Avenue, Staten Island",40.6287446,-74.16687639999999,"$72,727 ",1900.704347826087
bp,"487 Blair Road, Avenel",40.5955981,-74.2529715,"$103,200 ",2786.24347826087
Taster's Market,"330 Bradley Avenue, Staten Island",40.6031875,-74.1318332,"$72,727 ",1900.704347826087
Met Food Victory Blvd,"1795 Victory Boulevard, Staten Island",40.6134364,-74.12345890000002,"$72,727 ",1900.704347826087
Olive Tree Marketplace,"1490 Clove Road, Staten Island",40.6122154,-74.0995203,"$72,727 ",1900.704347826087
Mexico Supermarket Monte Alban,"170 Port Richmond Avenue, Staten Island",40.6370618,-74.1343849,"$72,727 ",1900.704347826087
Beyar's Market,"2241 Victory Boulevard, Staten Island",40.6122582,-74.1378388,"$72,727 ",1900.704347826087
Island Kosher,"2200-2210 Victory Boulevard, Staten Island",40.6120301,-74.13680370000002,"$72,727 ",1900.704347826087
bp,"2071 Victory Boulevard, Staten Island",40.6127219,-74.1325567,"$72,727 ",1900.704347826087
SuperFresh Staten Island,"778 Manor Road, Staten Island",40.6082458,-74.1216354,"$72,727 ",1900.704347826087
Target Grocery,"1520 Forest Avenue, Staten Island",40.6239589,-74.1392272,"$72,727 ",1900.704347826087
Stephenies Deli,"234 Jewett Avenue, Staten Island",40.63123840000001,-74.1308549,"$72,727 ",1900.704347826087
Castleton deli,"1400 Castleton Avenue, Staten Island",40.6337223,-74.1298559,"$72,727 ",1900.704347826087
J yJ General Store,"233 Port Richmond Avenue, Staten Island",40.63561540000001,-74.1349054,"$72,727 ",1900.704347826087
Mi Pueblo Meat Market Inc.,"189 Port Richmond Avenue, Staten Island",40.6365679,-74.13401200000001,"$72,727 ",1900.704347826087
King Food,"281 Broadway, Staten Island",40.634491,-74.117049,"$72,727 ",1900.704347826087
bp,"1098 Richmond Road, Staten Island",40.5999623,-74.0918408,"$81,111 ",2295.704347826087
CTown Supermarkets,"2071 Clove Road, Staten Island",40.6049962,-74.0830544,"$81,111 ",2295.704347826087
Western Beef Supermarket,"425 Bay Street, Staten Island",40.6316885,-74.07581979999999,"$72,727 ",1900.704347826087
bp,"175 Targee Street, Staten Island",40.6231289,-74.0836088,"$72,727 ",1900.704347826087
bp,"248 Bay Street, Staten Island",40.6360738,-74.07622289999999,"$72,727 ",1900.704347826087
Key Food Supermarkets,"155 Bay Street, Staten Island",40.6379751,-74.0757593,"$72,727 ",1900.704347826087
Met Food Hylan Blvd,"1177 Hylan Boulevard, Staten Island",40.598783,-74.0822941,"$81,111 ",2295.704347826087
bp,"1416 Hylan Boulevard, Staten Island",40.5938642,-74.0864526,"$81,111 ",2295.704347826087
Aljazeera Halal Meat Market,"1101 Hylan Boulevard, Staten Island",40.5988072,-74.0792535,"$81,111 ",2295.704347826087
Stop 1 Supermarket,"515-517 Targee Street, Staten Island",40.6146882,-74.08453879999999,"$72,727 ",1900.704347826087
Market Fresh Supermarket,"570 Tompkins Avenue, Staten Island",40.61195639999999,-74.07148269999999,"$81,111 ",2295.704347826087
Associated Marketplace of Broad St,"170 Broad Street, Staten Island",40.6240232,-74.0804172,"$72,727 ",1900.704347826087
Food Dynasty Supermarkets,"1071 Bay Street, Staten Island",40.61746,-74.06784019999999,"$81,111 ",2295.704347826087
La Quebradita Supermarket,"405 Jersey Street, Staten Island",40.6386201,-74.0874163,"$72,727 ",1900.704347826087
SuperFresh Bay Ridge,"242 Bay Ridge Avenue, Brooklyn",40.636009,-74.02721249999999,"$73,633 ",1793.8184438040344
Bath Avenue Market Corporation,"1572 Bath Avenue, Brooklyn",40.6066064,-74.0111383,"$55,977 ",2622.2046109510084
Fei Long Market,"6301 8th Avenue, Brooklyn",40.6330565,-74.010881,"$57,754 ",2757.665706051873
Three Guys from Brooklyn,"6502 Fort Hamilton Parkway, Brooklyn",40.630632,-74.009585,"$57,754 ",2757.665706051873
Met Fresh of Bay Ridge,"9606 3rd Avenue, Brooklyn",40.6165099,-74.034089,"$73,633 ",1793.8184438040344
Associated Fresh Of Bay Ridge-93rd St,"9310 4th Avenue, Brooklyn",40.6173884,-74.0308074,"$73,633 ",1793.8184438040344
The Food Emporium,"7510 5th Avenue, Brooklyn",40.6292963,-74.0230753,"$73,633 ",1793.8184438040344
Foodtown of Bay Ridge,"9105-27 3rd Avenue, Brooklyn",40.6198056,-74.03230730000001,"$73,633 ",1793.8184438040344
bp,"1601 86th Street, Brooklyn",40.610169,-74.00700499999999,"$55,977 ",2622.2046109510084
Key Food Marketplace,"7414 3rd Avenue, Brooklyn",40.6317466,-74.02789899999999,"$73,633 ",1793.8184438040344
bp,"6401 4th Avenue, Brooklyn",40.6383202,-74.0207136,"$73,633 ",1793.8184438040344
Jmart,"8121 New Utrecht Avenue, Brooklyn",40.6099243,-74.0014267,"$55,977 ",2622.2046109510084
Dean Mini Market,"7224 13th Avenue, Brooklyn",40.6216693,-74.00631,"$55,977 ",2622.2046109510084
Green Food Supermarket,"8508 20th Avenue, Brooklyn",40.6051006,-73.99794899999999,"$55,977 ",2622.2046109510084
bp,"8775 Bay Parkway, Brooklyn",40.5982281,-73.9973962,"$55,977 ",2622.2046109510084
bp,"802 65th Street, Brooklyn",40.6323031,-74.0124501,"$73,633 ",1793.8184438040344
bp,"1781 Bay Ridge Parkway, Brooklyn",40.613709,-73.996049,"$55,977 ",2622.2046109510084
La Bella Marketplace,"7907 13th Avenue, Brooklyn",40.61779240000001,-74.0098198,"$55,977 ",2622.2046109510084
Key Food Supermarkets,"8772 18th Avenue, Brooklyn",40.6037808,-74.006501,"$55,977 ",2622.2046109510084
Balady Halal Foods,"7128 5th Avenue, Brooklyn",40.6320636,-74.02190449999999,"$73,633 ",1793.8184438040344
Vucciria Food & Gourmet,"2275 86th Street, Brooklyn",40.60100790000001,-73.9917202,"$55,977 ",2622.2046109510084
Almonte's Food Dynasty Supermarket,"1525 86th Street, Brooklyn",40.611361,-74.0083506,"$55,977 ",2622.2046109510084
Met Foodmarkets of Bay Ridge,"8210 5th Avenue, Brooklyn",40.6241348,-74.0250318,"$73,633 ",1793.8184438040344
Brooklyn Harvest Market,"8102 3rd Avenue, Brooklyn",40.6269874,-74.02997239999999,"$73,633 ",1793.8184438040344
Fort Hamilton Commissary,"115 White Avenue, Brooklyn",40.6115539,-74.0275539,"$73,633 ",1793.8184438040344
Gourmet Fresh,"530 86th Street, Brooklyn",40.620778,-74.0253899,"$73,633 ",1793.8184438040344
FalahiFarms,"8501 3rd Avenue, Brooklyn",40.6241544,-74.03050940000001,"$73,633 ",1793.8184438040344
Emily Farm Corp.,"8118 5th Avenue, Brooklyn",40.6246787,-74.0249463,"$73,633 ",1793.8184438040344
CTown Supermarket,"7918 3rd Avenue, Brooklyn",40.6282364,-74.0294218,"$73,633 ",1793.8184438040344
"DELI,GROCERY & BEER STORE","7826 3rd Avenue, Brooklyn",40.6287208,-74.0291336,"$73,633 ",1793.8184438040344
Greek Bakaliko Gourmet Food Market,"7615 5th Avenue, Brooklyn",40.6281895,-74.02286289999999,"$73,633 ",1793.8184438040344
17 gourmet deli grill. 24/7,"1702 86th Street, Brooklyn",40.6084041,-74.0048736,"$55,977 ",2622.2046109510084
Karelia,"2010 Cropsey Avenue, Brooklyn",40.59981030000001,-74.00277899999999,"$55,977 ",2622.2046109510084
MPY International Food,"2010 Cropsey Avenue, Brooklyn",40.5998164,-74.00277009999999,"$55,977 ",2622.2046109510084
Key Food Supermarkets,"2014 Cropsey Avenue, Brooklyn",40.5997662,-74.00252789999999,"$55,977 ",2622.2046109510084
Star Market,"1772 86th Street, Brooklyn",40.6072066,-74.0031578,"$55,977 ",2622.2046109510084
18th Ave Supermarket,"1811 86th Street, Brooklyn",40.6071663,-74.0021343,"$55,977 ",2622.2046109510084
Mong Kok Supermarket,"1815 86th Street, Brooklyn",40.60708169999999,-74.0020428,"$55,977 ",2622.2046109510084
Skyway Supermarket,"2001 Bath Avenue, Brooklyn",40.6013537,-74.00114020000001,"$55,977 ",2622.2046109510084
Capitan Supermarkets,"1880 86th Street, Brooklyn",40.60591929999999,-74.0007483,"$55,977 ",2622.2046109510084
7201 Fort Hamilton Pkwy Food Corp.,"7201 Fort Hamilton Parkway, Brooklyn",40.6270529,-74.0142834,"$73,633 ",1793.8184438040344
ALOSRA MARKET,"7013 3rd Avenue, Brooklyn",40.6344653,-74.0264053,"$73,633 ",1793.8184438040344
bp,"2620 86th Street, Brooklyn",40.5962729,-73.9848444,"$55,977 ",2622.2046109510084
bp,"1105 60th Street, Brooklyn",40.6314988,-74.002595,"$57,754 ",2757.665706051873
Zaitoon Halal Meat & Grocery,"1082 Coney Island Avenue, Brooklyn",40.6312113,-73.9667827,"$66,097 ",2315.0432276657057
National Wholesale Liquidators,"2201 59th Street, Brooklyn",40.61712709999999,-73.9772152,"$55,977 ",2622.2046109510084
Paperific Supermarket,"1482 Coney Island Avenue, Brooklyn",40.621345,-73.964822,"$66,097 ",2315.0432276657057
Mountain Fruit of Ave. M,"1523 Avenue M, Brooklyn",40.61822,-73.959285,"$66,097 ",2315.0432276657057
Pomegranate Supermarket,"1507 Coney Island Avenue, Brooklyn",40.6206474,-73.9639969,"$66,097 ",2315.0432276657057
KRM Kollel Supermarket,"1325 39th Street, Brooklyn",40.64043,-73.9854749,"$57,754 ",2757.665706051873
CTown Supermarkets,"6614 18th Avenue, Brooklyn",40.6183001,-73.9912269,"$55,977 ",2622.2046109510084
Associated Supermarkets of Midwood,"480 Avenue P, Brooklyn",40.6090097,-73.9696341,"$55,977 ",2622.2046109510084
Food Universe Marketplace,"237-243 Avenue U, Brooklyn",40.5968732,-73.9754816,"$41,541 ",1502.564841498559
bp,"2317 Coney Island Avenue, Brooklyn",40.6003569,-73.96107119999999,"$64,106 ",2300.4322766570604
Super 13,"5214 13th Avenue, Brooklyn",40.6331255,-73.9943289,"$57,754 ",2757.665706051873
Breadberry,"1689 60th Street, Brooklyn",40.6238994,-73.9895516,"$55,977 ",2622.2046109510084
Jerusalem Glatt Meat,"710 Kings Highway, Brooklyn",40.6061437,-73.9652104,"$64,106 ",2300.4322766570604
Scaturro Supermarkets,"6301 11th Avenue, Brooklyn",40.6292643,-74.0048794,"$57,754 ",2757.665706051873
Biedronka,"5703 New Utrecht Avenue, Brooklyn",40.62966999999999,-73.995694,"$57,754 ",2757.665706051873
Chang Fa Food Market,"1418 Avenue U, Brooklyn",40.59858999999999,-73.9566651,"$64,106 ",2300.4322766570604
Parkville Food Center,"109 Lawrence Avenue, Brooklyn",40.6301513,-73.97501600000001,"$57,754 ",2757.665706051873
Organic Circle,"1415 Avenue M, Brooklyn",40.6180943,-73.96045819999999,"$66,097 ",2315.0432276657057
Glatt Mart,"1205 Avenue M, Brooklyn",40.6178385,-73.9626468,"$66,097 ",2315.0432276657057
Certo Market,"1274 39th Street, Brooklyn",40.6407025,-73.9867068,"$57,754 ",2757.665706051873
Ocean Bay Market,"2424 Coney Island Avenue, Brooklyn",40.59754,-73.961446,"$64,106 ",2300.4322766570604
GSA King Tomato Farm Inc.,"1140 McDonald Avenue, Brooklyn",40.6253065,-73.9763816,"$57,754 ",2757.665706051873
Paperific Supermarket,"1465 38th Street, Brooklyn",40.639037,-73.981608,"$57,754 ",2757.665706051873
Ocean Fruit & Supermarket Inc,"1986 Ocean Avenue, Brooklyn",40.6133421,-73.95437390000001,"$66,097 ",2315.0432276657057
Cherry Hill Gourmet (Ave U),"2613 Avenue U, Brooklyn",40.600221,-73.9449527,"$64,106 ",2300.4322766570604
Seaport Seafood & Meat Market Inc,"5705 8th Avenue, Brooklyn",40.6369208,-74.0078892,"$58,841 ",1818.8760806916423
Moisha's Supermarket,"315 Avenue M, Brooklyn",40.6169444,-73.9719444,"$55,977 ",2622.2046109510084
V&W Supermarket 樂樂超級市場,"2502 86th Street, Brooklyn",40.5975447,-73.98707639999999,"$55,977 ",2622.2046109510084
"Avi Glatt, Inc.","805 Avenue U, Brooklyn",40.5982787,-73.9627795,"$64,106 ",2300.4322766570604
NG Supermarket,"507 Cortelyou Road, Brooklyn",40.6385842,-73.9742957,"$57,754 ",2757.665706051873
Fruits-A-Plenty Inc,"1507 Kings Highway, Brooklyn",40.6089979,-73.9580321,"$64,106 ",2300.4322766570604
Bensonhurst Market,"7215 20th Avenue, Brooklyn",40.61204800000001,-73.9902713,"$55,977 ",2622.2046109510084
bp,"1982 Utica Avenue, Brooklyn",40.62319350000001,-73.92765779999999,"$66,097 ",2315.0432276657057
Flatbush Food Co-op,"1415 Cortelyou Road, Brooklyn",40.6412976,-73.96471989999999,"$66,097 ",2315.0432276657057
Pathmark,"1525 Albany Avenue, Brooklyn",40.6355027,-73.9368326,"$66,097 ",2315.0432276657057
Food Universe Marketplace,"2424 Flatbush Avenue, Brooklyn",40.61077410000001,-73.92405959999999,"$64,106 ",2300.4322766570604
Mill Basin Shuk,"6324 Avenue N, Brooklyn",40.61944899999999,-73.916378,"$76,340 ",2788.8040345821323
Ideal Food Basket of East Midwood,"1967 Flatbush Avenue, Brooklyn",40.621956,-73.93592029999999,"$66,097 ",2315.0432276657057
Key Food Supermarkets,"5101 Avenue N, Brooklyn",40.6192964,-73.9252593,"$66,097 ",2315.0432276657057
Food Way,"Georgetowne Shopping Center, 2149 Ralph Avenue, Brooklyn",40.626094,-73.9158982,"$76,340 ",2788.8040345821323
bp,"5001 Kings Highway, Brooklyn",40.6349455,-73.928291,"$60,811 ",2237.0605187319884
Wolf's Grocery,"2362 Nostrand Avenue, Brooklyn",40.6272087,-73.9471422,"$66,097 ",2315.0432276657057
CTown Supermarkets,"1761 Nostrand Avenue, Brooklyn",40.642808,-73.9484071,"$66,097 ",2315.0432276657057
Key Food Supermarkets,"319 Kings Highway, Brooklyn",40.6051624,-73.97838,"$55,977 ",2622.2046109510084
Key Food Supermarkets,"2245 Gerritsen Avenue #1154, Brooklyn",40.60122550000001,-73.9340533,"$64,106 ",2300.4322766570604
Cherry Hill Market,"2284 86th Street #1, Brooklyn",40.600605,-73.9919204,"$55,977 ",2622.2046109510084
Kosher Palace Supermarket,"2818 Avenue U, Brooklyn",40.600088,-73.943144,"$64,106 ",2300.4322766570604
Key Food Supermarkets,"6620 Avenue U, Brooklyn",40.6172155,-73.909436,"$76,340 ",2788.8040345821323
CTown Supermarkets,"2807-15 86th Street, Brooklyn",40.5930188,-73.97862409999999,"$41,541 ",1502.564841498559
Key Food Supermarkets,"2326 Nostrand Avenue, Brooklyn",40.62776749999999,-73.94732309999999,"$66,097 ",2315.0432276657057
Key Food Supermarkets,"1610 Cortelyou Road, Brooklyn",40.6415845,-73.9632507,"$66,097 ",2315.0432276657057
Ideal Food Basket,"1871 Rockaway Parkway, Brooklyn",40.6369268,-73.8921472,"$76,340 ",2788.8040345821323
bp,"401 East 80th Street, Brooklyn",40.640977,-73.9189924,"$76,340 ",2788.8040345821323
Key Food Supermarkets,"2066 Rockaway Parkway #47, Brooklyn",40.6324644,-73.8888707,"$76,340 ",2788.8040345821323
Foodtown,"1958-66 Ralph Avenue, Brooklyn",40.6298691,-73.9189894,"$76,340 ",2788.8040345821323
Key Food Supermarkets,"1804 Ralph Avenue, Brooklyn",40.6331516,-73.9190485,"$76,340 ",2788.8040345821323
Target Grocery,"5100 Kings Plaza Ste 2201, Brooklyn",40.6087292,-73.92036130000001,"$64,106 ",2300.4322766570604
CTown Supermarkets,"7924 Flatlands Avenue, Brooklyn",40.63523300000001,-73.9133283,"$76,340 ",2788.8040345821323
Family Dollar,"1975 Utica Avenue, Brooklyn",40.6237693,-73.9269348,"$66,097 ",2315.0432276657057
Met Foodmarkets of Marine Park,"3404 Quentin Road, Brooklyn",40.6136576,-73.9379567,"$66,097 ",2315.0432276657057
Supermarket Of Ave N inc,"3524 Flatlands Avenue, Brooklyn",40.6176803,-73.9404249,"$66,097 ",2315.0432276657057
Produce Market 2000,"2518 Avenue U, Brooklyn",40.5997687,-73.9459229,"$64,106 ",2300.4322766570604
bp,"7702 Flatlands Avenue, Brooklyn",40.6341422,-73.9150183,"$76,340 ",2788.8040345821323
CTown Supermarket,"7812 Flatlands Avenue, Brooklyn",40.6345317,-73.9138426,"$76,340 ",2788.8040345821323
Hana Market,"8002 Flatlands Avenue, Brooklyn",40.63551599999999,-73.912708,"$76,340 ",2788.8040345821323
Super Flat 99¢ Plus,"8123 Flatlands Avenue, Brooklyn",40.6364678,-73.912111,"$76,340 ",2788.8040345821323
Shop Smart Supermarket,"8123 Flatlands Avenue # B, Brooklyn",40.6365082,-73.91226069999999,"$76,340 ",2788.8040345821323
Shop Smart Kosher Supermarket,"2640 Nostrand Avenue, Brooklyn",40.62012800000001,-73.945921,"$66,097 ",2315.0432276657057
Target Grocery,"5200 Kings Highway Ste A, Brooklyn",40.63627040000001,-73.92707349999999,"$60,811 ",2237.0605187319884
Amoco,"1760 Flatbush Avenue, Brooklyn",40.62700899999999,-73.94184059999999,"$66,097 ",2315.0432276657057
Easy Shop Supermarket Inc. 欣榮超市,"1520 Avenue U, Brooklyn",40.5987005,-73.9556138,"$64,106 ",2300.4322766570604
Amoco,"4102 Avenue H, Brooklyn",40.632197,-73.936672,"$66,097 ",2315.0432276657057
Domino Supermarket,"1824 Kings Highway, Brooklyn",40.61000000000001,-73.95479999999999,"$64,106 ",2300.4322766570604
Gmor Supermarket,"1569 Avenue S, Brooklyn",40.6039201,-73.9561367,"$64,106 ",2300.4322766570604
DOLLAR TOWN,"1808 Kings Highway, Brooklyn",40.609913,-73.9551755,"$64,106 ",2300.4322766570604
Green Forest Market at Kings Highway,"1717 Kings Highway, Brooklyn",40.6099605,-73.9559201,"$64,106 ",2300.4322766570604
Big Banana,"1709 Kings Highway, Brooklyn",40.6098338,-73.9561619,"$64,106 ",2300.4322766570604
L & J Supermarket II Inc.,"1252 Avenue U, Brooklyn",40.5983773,-73.9583571,"$64,106 ",2300.4322766570604
勝興超級市場 A&C Seafood & Meat Market,"1237 Avenue U, Brooklyn",40.5987829,-73.95864449999999,"$64,106 ",2300.4322766570604
OKKA FOODS MARKET,"1524 Kings Highway, Brooklyn",40.60877929999999,-73.9575194,"$64,106 ",2300.4322766570604
Avenue I,"1667 Flatbush Avenue, Brooklyn",40.6298283,-73.9441183,"$66,097 ",2315.0432276657057
Halal Products,"1667 Flatbush Avenue, Brooklyn",40.6297732,-73.94418650000001,"$66,097 ",2315.0432276657057
Food Universe,"32-11 Beach Channel Drive, Far Rockaway",40.5982026,-73.7660006,"$51,643 ",1057.7552897884084
Rockaway Kosher Supermarket,"1913 Cornaga Avenue, Far Rockaway",40.60209640000001,-73.7519612,"$51,643 ",1057.7552897884084
Shop Fair of Cornaga,"1801 Cornaga Avenue, Far Rockaway",40.602473,-73.749737,"$51,643 ",1057.7552897884084
Three Brothers Meat Market,"1326 Central Avenue, Far Rockaway",40.6070484,-73.7499342,"$51,643 ",1057.7552897884084
Mango Hills Supermarket,"290 Beach 14th Street, Far Rockaway",40.59795450000001,-73.74809979999999,"$51,643 ",1057.7552897884084
Key Food Supermarkets,"2020 New Haven Avenue, Far Rockaway",40.6010937,-73.75431499999999,"$51,643 ",1057.7552897884084
Newway Supermarket,"58-14 Beach Channel Drive, Arverne",40.5943395,-73.78889280000001,"$51,643 ",1057.7552897884084
Polo Supermarket,"22-18 Mott Avenue, Far Rockaway",40.6055399,-73.7557745,"$51,643 ",1057.7552897884084
Shop Fair of Wavecrest,"245 Beach 20th Street, Far Rockaway",40.5965906,-73.7547984,"$51,643 ",1057.7552897884084
Shop Fair of Beach Channel,"13-29 Beach Channel Drive, Far Rockaway",40.6060608,-73.7549937,"$51,643 ",1057.7552897884084
bp,"1346 Beach Channel Drive, Far Rockaway",40.6065546,-73.754423,"$51,643 ",1057.7552897884084
Inwood Discount Supermarket,"414 Bayview Avenue, Inwood",40.6146188,-73.7521415,"$51,643 ",1057.7552897884084
City Market Fresh,"290 Beach 14th Street, Far Rockaway",40.59795079999999,-73.7479575,"$51,643 ",1057.7552897884084
Inwood Deli & Grocery,"83 Doughty Boulevard, Inwood",40.6140804,-73.7462058,"$51,643 ",1057.7552897884084
Gourmet Glatt Cedarhurst,"137 Spruce Street, Cedarhurst",40.6216047,-73.72627659999999,"$68,682 ",2078.371665133395
Seasons Lawrence - Kosher Supermarket,"330 Central Avenue, Lawrence",40.6178316,-73.7298776,"$68,682 ",2078.371665133395
Express Market & Deli productos centroamericanos,"1 Clinton Avenue, Inwood",40.6162692,-73.738869,"$68,682 ",2078.371665133395
KolSave Market,"11 Lawrence Lane, Lawrence",40.625312,-73.7378889,"$68,682 ",2078.371665133395
Target Grocery,"345 Rockaway Turnpike, Lawrence",40.6263352,-73.73840799999999,"$68,682 ",2078.371665133395
Trader Joe's,"1280 West Broadway, Hewlett",40.6393609,-73.70171719999999,"$68,682 ",2078.371665133395
Gourmet Glatt Woodmere,"1030 Railroad Avenue, Woodmere",40.6344432,-73.71019799999999,"$68,682 ",2078.371665133395
Sweet Pea - Gourmet Grocery Store,"1483 Broadway, Hewlett",40.6432499,-73.6955289,"$68,682 ",2078.371665133395
King Kullen,"4601 Austin Boulevard, Island Park",40.5975318,-73.65476079999999,"$68,682 ",2078.371665133395
Classic Market Place,"275 Long Beach Road #277, Island Park",40.6042593,-73.65530609999999,"$68,682 ",2078.371665133395
Foodtown of Hewlett,"1368 Peninsula Boulevard, Hewlett",40.6447689,-73.7025313,"$68,682 ",2078.371665133395
Keneret Fresh Market,"1274 Peninsula Boulevard, Hewlett",40.6436654,-73.7050704,"$68,682 ",2078.371665133395
Trader Joe's,"3418 Long Beach Road, Oceanside",40.62681329999999,-73.6411019,"$97,288 ",1734.9862005519778
Amazon Fresh,"3620 Long Beach Road, Oceanside",40.6222233,-73.64209799999999,"$97,288 ",1734.9862005519778
Lidl,"492 Atlantic Avenue, East Rockaway",40.64123,-73.65856699999999,"$97,288 ",1734.9862005519778
bp,"160 Davison Avenue, Oceanside",40.64184849999999,-73.6336358,"$97,288 ",1734.9862005519778
Russian and European Food Market,"148 Main Street, East Rockaway",40.64197799999999,-73.6665216,"$97,288 ",1734.9862005519778
bp,"969 Atlantic Avenue, Baldwin",40.64028,-73.60663199999999,"$97,288 ",1734.9862005519778
ALDI,"1235 East Saint Georges Avenue, Roselle",40.6481027,-74.2481451,"$103,200 ",2786.24347826087
bp,"908 South Elmora Avenue, Elizabeth",40.6506848,-74.221899,"$72,727 ",1900.704347826087
ShopRite of Elizabeth,"865 West Grand Street, Elizabeth",40.6636718,-74.23939349999999,"$103,200 ",2786.24347826087
Seabra's Market,"1000 South Elmora Avenue, Elizabeth",40.6521334,-74.2249092,"$103,200 ",2786.24347826087
Super Deli Market,"551 Madison Avenue, Elizabeth",40.6736001,-74.2065961,"$72,727 ",1900.704347826087
Acoreana Supermarket,"237 Second Street, Elizabeth",40.652944,-74.18369899999999,"$72,727 ",1900.704347826087
bp,"2000 East Edgar Road, Linden",40.6456198,-74.22602859999999,"$103,200 ",2786.24347826087
Bravo Supermarket,"416 Morris Avenue, Elizabeth",40.6708972,-74.2206475,"$72,727 ",1900.704347826087
FOOD BAZAAR,"211 Elmora Avenue, Elizabeth",40.6647535,-74.2314276,"$72,727 ",1900.704347826087
Twin City Supermarket - Elizabeth NJ,"1016 Sherman Avenue, Elizabeth",40.6869691,-74.20628479999999,"$72,727 ",1900.704347826087
Supremo Food Market of Elizabeth,"25 South Broad Street, Elizabeth",40.66049230000001,-74.21597,"$72,727 ",1900.704347826087
bp,"232 3rd Street, Elizabeth",40.65512929999999,-74.18583749999999,"$72,727 ",1900.704347826087
Elizabeth One Stop Kosher,"155 Elmora Avenue, Elizabeth",40.66239,-74.23299899999999,"$103,200 ",2786.24347826087
MUSIMAS / LA MISCELANEA COLOMBIANA,"276 Morris Avenue, Elizabeth",40.6682108,-74.21690509999999,"$72,727 ",1900.704347826087
Casablanca Supermarket,"701 Marshall Street, Elizabeth",40.65870579999999,-74.2008666,"$72,727 ",1900.704347826087
Eagle Supermarket,"1102 Elizabeth Avenue, Elizabeth",40.6618045,-74.2116925,"$72,727 ",1900.704347826087
La Copa Supermarket,"547 Elizabeth Avenue, Elizabeth",40.65565890000001,-74.1992746,"$72,727 ",1900.704347826087
Super Supermarket,"712 1st Avenue, Elizabeth",40.65823399999999,-74.2029601,"$72,727 ",1900.704347826087
First Avenue Deli & Supermarket Inc.,"454 1st Avenue, Elizabeth",40.6532853,-74.1992443,"$72,727 ",1900.704347826087
Elizabeth Mini Market,"430 Elizabeth Avenue, Elizabeth",40.6529737,-74.19737649999999,"$72,727 ",1900.704347826087
Mega Supermarket,"462 Franklin Street, Elizabeth",40.65475339999999,-74.1965579,"$72,727 ",1900.704347826087
Daryel Supermarket (Scarlet),"75 5th Street, Elizabeth",40.6551433,-74.19579379999999,"$72,727 ",1900.704347826087
Super El Rey Supermarket,"80 3rd Street, Elizabethport",40.6516914,-74.192104,"$72,727 ",1900.704347826087
Raymond Supermarket,"600 Franklin Street, Elizabeth",40.6569301,-74.19862619999999,"$72,727 ",1900.704347826087
J. M. Medina Food Market,"513 East Jersey Street, Elizabethport",40.6562764,-74.1951979,"$72,727 ",1900.704347826087
"Superfood Marketplace - Elizabeth, NJ","50 1st Street, Elizabeth",40.6475437,-74.18918359999999,"$72,727 ",1900.704347826087
Global Supermarket,"866 Elizabeth Avenue, Elizabeth",40.6593064,-74.2046628,"$72,727 ",1900.704347826087
Dreamer's Supermarket #2,"670 Clarkson Avenue, Elizabeth",40.6463916,-74.21271250000001,"$72,727 ",1900.704347826087
Angel Food Market,"500 Magnolia Avenue # A, Elizabeth",40.6579742,-74.1913041,"$72,727 ",1900.704347826087
Mecho Supermarket,"233 Second Street, Elizabeth",40.6529324,-74.1839287,"$72,727 ",1900.704347826087
Extra Supermarket,"838 East Grand Street, Elizabeth",40.662548,-74.1996917,"$72,727 ",1900.704347826087
Rumba Supermarket,"404 South Broad Street, Elizabeth",40.6549316,-74.21550599999999,"$72,727 ",1900.704347826087
C & C Deli,"740 South Broad Street # A, Elizabeth",40.6459877,-74.217332,"$72,727 ",1900.704347826087
Coronel Supermarket,"1102 Elizabeth Avenue, Elizabeth",40.6617852,-74.2116077,"$72,727 ",1900.704347826087
Jayden Store,"143 Catherine Street, Elizabeth",40.6646897,-74.2077031,"$72,727 ",1900.704347826087
Joel Supermarket,"179 Catherine Street, Elizabeth",40.665962,-74.2071028,"$72,727 ",1900.704347826087
ADRIAN SUPERMARKET,"179 Catherine Street, Elizabeth",40.6659619,-74.20710439999999,"$72,727 ",1900.704347826087
Lam wholesale,"107 Trumbull Street, Elizabeth",40.6549831,-74.1769788,"$72,727 ",1900.704347826087
1 & 9 North Supermarket,"461 Spring Street, Elizabeth",40.66913079999999,-74.2023882,"$72,727 ",1900.704347826087
Los Tiburones Supermarket,"455 Catherine Street, Elizabeth",40.66968029999999,-74.2049341,"$72,727 ",1900.704347826087
Elizabeth Supermarket,"124 West Jersey Street, Elizabeth",40.66409549999999,-74.2204223,"$72,727 ",1900.704347826087
Jackson Supermarket Inc,"540 Jackson Avenue, Elizabeth",40.67240209999999,-74.20335610000001,"$72,727 ",1900.704347826087
E&D Supermarket,"325 Irvington Avenue, Elizabeth",40.6713912,-74.2190145,"$72,727 ",1900.704347826087
Beira Centro Supermarket,"1034 Louisa Street A, Elizabeth",40.6761965,-74.2011177,"$72,727 ",1900.704347826087
Caribbean Supermarket,"416 Morris Avenue, Elizabeth",40.6709859,-74.2207366,"$72,727 ",1900.704347826087
Tu Pais Mini Market,"201 Orchard Street, Elizabeth",40.6685466,-74.2268054,"$72,727 ",1900.704347826087
Westminister Twins Supermarket,"555 Westminster Avenue, Elizabeth",40.6753787,-74.215098,"$72,727 ",1900.704347826087
G & S Supermarket,"555 Westminster Avenue, Elizabeth",40.67544609999999,-74.21513879999999,"$72,727 ",1900.704347826087
International Supermarket,"151 Elmora Avenue, Elizabeth",40.66223900000001,-74.23323049999999,"$103,200 ",2786.24347826087
JYM Minimarket,"848 Jackson Avenue, Elizabeth",40.68026899999999,-74.19860299999999,"$72,727 ",1900.704347826087
Eagle Supermarket,"1427 East Saint Georges Avenue, Roselle",40.6492259,-74.2439717,"$103,200 ",2786.24347826087
Riverside Supermarket,"1000 Sheridan Avenue, Elizabeth",40.6863572,-74.20807789999999,"$72,727 ",1900.704347826087
A & G Supermarket Inc,"945 Frelinghuysen Avenue, Newark",40.6896184,-74.2033752,"$72,727 ",1900.704347826087
I.J.L & Sons Supermarket,Newark,40.6896337,-74.2033182,"$72,727 ",1900.704347826087
New Way Supermarket,"816 East Saint Georges Avenue, Linden",40.64446969999999,-74.2544473,"$103,200 ",2786.24347826087
Los Primos Supermarket,Roselle,40.6616855,-74.2530285,"$103,200 ",2786.24347826087
Azcona #2 Supermarket,"Ross Street, Newark",40.6924562,-74.2030078,"$72,727 ",1900.704347826087
ShopRite of Bayonne-26 Street,"583-9 Avenue C &, West 26th Street, Bayonne",40.6674174,-74.1189846,"$72,727 ",1900.704347826087
Shop Smart,"368 Broadway # A, Bayonne",40.6596298,-74.1217053,"$72,727 ",1900.704347826087
Teddy’s Place,"5 West 25th Street, Bayonne",40.6658932,-74.11711280000002,"$72,727 ",1900.704347826087
Met Fresh of Bayonne,"400 Broadway, Bayonne",40.66069280000001,-74.1206535,"$72,727 ",1900.704347826087
CTown Supermarkets,"782 Broadway, Bayonne",40.6738303,-74.1096204,"$72,727 ",1900.704347826087
Lidl,"20 Goldsborough Drive, Bayonne",40.6707,-74.10705,"$72,727 ",1900.704347826087
Karun Deli and Grocery,"1224 John F. Kennedy Boulevard, Bayonne",40.6888562,-74.1057369,"$72,727 ",1900.704347826087
bp,"1505 John F. Kennedy Boulevard, Jersey City",40.6936164,-74.1015938,"$72,727 ",1900.704347826087
Jeffrey Supermarket,"102 Ocean Avenue, Jersey City",40.691999,-74.094634,"$72,727 ",1900.704347826087
Aquí Market Garfield Ave,"2-16 Garfield Avenue, Jersey City",40.6852943,-74.0984402,"$72,727 ",1900.704347826087
bp,"1054 Broadway, Bayonne",40.68399,-74.10128999999999,"$72,727 ",1900.704347826087
FOOD BAZAAR,"480-500 Van Brunt Street, Brooklyn",40.6742174,-74.01702159999999,"$58,841 ",1818.8760806916423
CTown Supermarkets,"4705 5th Avenue, Brooklyn",40.6465052,-74.0085189,"$58,841 ",1818.8760806916423
Marketa Los Fernández,"5013 5th Avenue, Brooklyn",40.6447007,-74.0103809,"$58,841 ",1818.8760806916423
City Fresh Market,"5009 6th Avenue, Brooklyn",40.6434531,-74.0081944,"$58,841 ",1818.8760806916423
La Placita de Brooklyn,"4219 8th Avenue, Brooklyn",40.64510999999999,-73.999293,"$57,754 ",2757.665706051873
Associated Supermarkets of Red Hook,"58 Lorraine Street, Brooklyn",40.6742565,-74.0074731,"$58,841 ",1818.8760806916423
CTown Supermarkets,"57 Mill Street, Brooklyn",40.6759883,-74.0044296,"$144,733 ",1508.7752161383285
Pioneer Supermarkets of Sunset Park,"5612 5th Avenue, Brooklyn",40.6415798,-74.0142589,"$58,841 ",1818.8760806916423
La Dominicana,"4523 6th Avenue, Brooklyn",40.6459847,-74.0055412,"$58,841 ",1818.8760806916423
bp,"4001 4th Avenue, Brooklyn",40.65174649999999,-74.0066622,"$58,841 ",1818.8760806916423
Circus Fruits,"5915 Fort Hamilton Parkway, Brooklyn",40.6330605,-74.0052855,"$57,754 ",2757.665706051873
Key Food Supermarkets,"4320 5th Avenue, Brooklyn",40.648838,-74.0067749,"$58,841 ",1818.8760806916423
Bravo Supermarkets,"4808 4th Avenue, Brooklyn",40.64754869999999,-74.0119917,"$58,841 ",1818.8760806916423
Bravo Fresh Meat Market,"5822 4th Avenue, Brooklyn",40.6417281,-74.0179414,"$58,841 ",1818.8760806916423
Fei Long Market,"4423 8th Avenue, Brooklyn",40.6438638,-74.0005039,"$57,754 ",2757.665706051873
Valdez Supermarket,"5301 4th Avenue, Brooklyn",40.64457180000001,-74.0141759,"$58,841 ",1818.8760806916423
Green Village Supermarket,"5801 4th Avenue, Brooklyn",40.6418044,-74.0171585,"$58,841 ",1818.8760806916423
Food Universe Marketplace,"4118 3rd Avenue, Brooklyn",40.65253089999999,-74.0101646,"$58,841 ",1818.8760806916423
Pal Supermarket,"4421 4th Avenue, Brooklyn",40.6492565,-74.0093323,"$58,841 ",1818.8760806916423
Forum Supermarket,"6501 7th Avenue, Brooklyn",40.63356390000001,-74.0147322,"$73,633 ",1793.8184438040344
King Mei Supermarket,"5101 6th Avenue, Brooklyn",40.64302199999999,-74.00859299999999,"$58,841 ",1818.8760806916423
LANG QI FOODS SUPERMARKET,"710 57th Street, Brooklyn",40.6382617,-74.0097914,"$58,841 ",1818.8760806916423
El Rancho Nuevo Supermarket,"4401 5th Avenue, Brooklyn",40.648212,-74.0066499,"$58,841 ",1818.8760806916423
Japan Village,"934 3rd Avenue, Brooklyn",40.656103,-74.0064373,"$58,841 ",1818.8760806916423
HL Supermarket,"6722 Fort Hamilton Parkway, Brooklyn",40.6295889,-74.0117346,"$73,633 ",1793.8184438040344
Shun Fa Seafood Market Inc.,"5724 8th Avenue, Brooklyn",40.6367933,-74.00844219999999,"$58,841 ",1818.8760806916423
Green Product Market,"5706 8th Avenue, Brooklyn",40.6371334,-74.0081732,"$58,841 ",1818.8760806916423
Five United Market,"5704 8th Avenue, Brooklyn",40.6371579,-74.0080747,"$58,841 ",1818.8760806916423
Wing Sing Food Inc,"5615 8th Avenue, Brooklyn",40.6373048,-74.0074042,"$58,841 ",1818.8760806916423
EZ Fresh,"863 65th Street, Brooklyn",40.6318581,-74.0106761,"$57,754 ",2757.665706051873
Trader Joe's,"130 Court Street, Brooklyn",40.6895837,-73.9928699,"$120,556 ",1435.4034582132565
Brooklyn Fare,"200 Schermerhorn Street, Brooklyn",40.68877820000001,-73.9858627,"$120,556 ",1435.4034582132565
Union Market,"754-756 Union Street, Brooklyn",40.67526300000001,-73.9778591,"$144,733 ",1508.7752161383285
Key Food Urban Marketplace,"130 7th Avenue, Brooklyn",40.6731003,-73.9767893,"$144,733 ",1508.7752161383285
Union Market,"402-404 7th Avenue, Brooklyn",40.66472220000001,-73.98361109999999,"$144,733 ",1508.7752161383285
CTown Supermarkets,"1362 Nostrand Avenue, Brooklyn",40.6534195,-73.9501435,"$73,101 ",1387.8530259365994
Key Food Supermarkets,"1232 Nostrand Avenue, Brooklyn",40.6570087,-73.9504937,"$73,101 ",1387.8530259365994
Western Beef Supermarket,"44 Empire Boulevard, Brooklyn",40.6630554,-73.9597244,"$73,101 ",1387.8530259365994
Windsor Farms Market,"589 Prospect Avenue, Brooklyn",40.6567622,-73.9775432,"$144,733 ",1508.7752161383285
Market Place By Key Food,"615 5th Avenue, Brooklyn",40.6636071,-73.990684,"$144,733 ",1508.7752161383285
Ideal Fresh Market of Church Ave,"1301 Church Avenue, Brooklyn",40.64788789999999,-73.9673763,"$144,733 ",1508.7752161383285
Whole Foods Market,"214 3rd Street, Brooklyn",40.67489279999999,-73.98878789999999,"$144,733 ",1508.7752161383285
bp,"309 5th Avenue, Brooklyn",40.6729891,-73.9828824,"$144,733 ",1508.7752161383285
Key Food Supermarkets,"786 Flatbush Avenue, Brooklyn",40.6536341,-73.9596795,"$73,101 ",1387.8530259365994
La Venezolana Corporation,"654 Sackett Street, Brooklyn",40.678054,-73.98330399999999,"$144,733 ",1508.7752161383285
Brooklyn's Natural Deli,"2126-2130 Caton Avenue, Brooklyn",40.65269389999999,-73.959694,"$73,101 ",1387.8530259365994
Foodtown of Kensington,"382 McDonald Avenue, Brooklyn",40.6447525,-73.9801559,"$57,754 ",2757.665706051873
Foodtown of Prospect Heights,"632 Vanderbilt Avenue, Brooklyn",40.677299,-73.969338,"$144,733 ",1508.7752161383285
bp,"250 Empire Boulevard, Brooklyn",40.6634512,-73.9541715,"$73,101 ",1387.8530259365994
BK Bagel & Deli,"719 Washington Avenue, Brooklyn",40.6753059,-73.9631318,"$144,733 ",1508.7752161383285
Superior Market,"1519 Nostrand Avenue, Brooklyn",40.6490542,-73.9492294,"$60,811 ",2237.0605187319884
Ideal Food Basket,"720 Washington Avenue, Brooklyn",40.676279,-73.963638,"$144,733 ",1508.7752161383285
CTown Supermarkets,"329 9th Street, Brooklyn",40.6690087,-73.9853759,"$144,733 ",1508.7752161383285
Associated Fresh of Park Slope,"216 5th Avenue, Brooklyn",40.6761589,-73.9809598,"$144,733 ",1508.7752161383285
Urban Market by Key Food,"651 Nostrand Avenue, Brooklyn",40.67486679999999,-73.9498687,"$73,101 ",1387.8530259365994
Super Foodtown,"1420 Fulton Street, Brooklyn",40.6797,-73.9444,"$68,618 ",2204.394812680115
FOOD BAZAAR,"1682 Saint Johns Place, Brooklyn",40.6698188,-73.9215613,"$38,285 ",1245.936599423631
Fine Fare Supermarket,"381 Mother Gaston Boulevard, Brooklyn",40.6697215,-73.90628699999999,"$38,285 ",1245.936599423631
bp,"720 New York Avenue, Brooklyn",40.6561738,-73.9474987,"$73,101 ",1387.8530259365994
Associated Fresh of East Flatbush,"4121 Church Avenue, Brooklyn",40.6515153,-73.9382948,"$60,811 ",2237.0605187319884
Food Universe Marketplace,"405 Remsen Avenue, Brooklyn",40.6560189,-73.9231688,"$60,811 ",2237.0605187319884
Ideal Food Basket of Crown Heights,"1410 Saint Johns Place, Brooklyn",40.67045389999999,-73.93161169999999,"$73,101 ",1387.8530259365994
Food Universe Marketplace,"1720 Atlantic Avenue, Brooklyn",40.6770276,-73.9338326,"$73,101 ",1387.8530259365994
CTown Supermarkets,"29 Belmont Avenue, Brooklyn",40.6687538,-73.9093188,"$38,285 ",1245.936599423631
Ideal Food Basket of Gates Ave,"631 Gates Avenue, Brooklyn",40.6873757,-73.9414883,"$68,618 ",2204.394812680115
Key Food Supermarkets,"991 Fulton Street, Brooklyn",40.6829149,-73.9633123,"$120,556 ",1435.4034582132565
Halsey Traders Market,"587 Halsey Street, Brooklyn",40.6843076,-73.92901169999999,"$68,618 ",2204.394812680115
America's Food Basket of Atlantic Ave,"2220 Atlantic Avenue, Brooklyn",40.6759927,-73.9122837,"$38,285 ",1245.936599423631
Foodtown of Crown Heights,"905-13 Franklin Avenue, Brooklyn",40.66751799999999,-73.958783,"$73,101 ",1387.8530259365994
bp,"1610 Bushwick Avenue, Brooklyn",40.6806741,-73.9032002,"$38,285 ",1245.936599423631
Golden Farms Supermarket,"416 Crescent Street, Brooklyn",40.6783718,-73.8710342,"$75,207 ",1318.4636614535418
City Fresh Market,"655 Stanley Avenue, Brooklyn",40.659381,-73.884292,"$38,285 ",1245.936599423631
City Fresh Supermarket.,"1380 Pennsylvania Avenue, Brooklyn",40.6467159,-73.88380409999999,"$76,340 ",2788.8040345821323
Farm Country of East New York,"2205 Linden Boulevard, Brooklyn",40.6630834,-73.8813718,"$38,285 ",1245.936599423631
FOOD BAZAAR,"417 Junius Street, Brooklyn",40.6651322,-73.90162360000001,"$38,285 ",1245.936599423631
CTown Supermarkets,"2869 Fulton Street, Brooklyn",40.67896619999999,-73.8884446,"$69,726 ",1556.4857405703772
bp,"108-04 Flatlands Avenue, Brooklyn",40.6489684,-73.8920064,"$76,340 ",2788.8040345821323
Cherry Valley Marketplace,"1115 Granville Payne Avenue, Brooklyn",40.65359979999999,-73.88647069999999,"$76,340 ",2788.8040345821323
Fine Fare Supermarkets,"602 Livonia Avenue, Brooklyn",40.6645438,-73.8947503,"$38,285 ",1245.936599423631
ShopRite of Gateway Center,"590 Gateway Drive, Brooklyn",40.6551427,-73.8688014,"$82,604 ",1125.998160073597
bp,"32 Jamaica Avenue, Brooklyn",40.6772373,-73.8986664,"$38,285 ",1245.936599423631
Bravo Supermarkets,"3008 Fulton Street, Brooklyn",40.6800573,-73.88353579999999,"$69,726 ",1556.4857405703772
Fine Fare Supermarkets,"675 Lincoln Avenue, Brooklyn",40.6731825,-73.86631799999999,"$75,207 ",1318.4636614535418
bp,"586 Conduit Boulevard, Brooklyn",40.676146,-73.867972,"$75,207 ",1318.4636614535418
Key Food Supermarkets,"1533 Broadway, Brooklyn",40.68654950000001,-73.9164174,"$70,582 ",1622.9682997118157
Pioneer Supermarkets of Bushwick,"1657 Broadway, Brooklyn",40.6846684,-73.9132482,"$70,582 ",1622.9682997118157
Golden Farms,"101-16 77th Street, Ozone Park",40.6796684,-73.8610229,"$75,207 ",1318.4636614535418
Pioneer Supermarkets of Cypress Hills,"3461 Fulton Street, Brooklyn",40.68509600000001,-73.867918,"$75,207 ",1318.4636614535418
Green Acre Farms,"1160 Utica Avenue, Brooklyn",40.6441691,-73.9297612,"$60,811 ",2237.0605187319884
Associated Supermarkets of Bed-Stuy,"1888 Fulton Street, Brooklyn",40.6788333,-73.9238118,"$38,285 ",1245.936599423631
bp,"2111 Atlantic Avenue, Brooklyn",40.6765169,-73.9093212,"$38,285 ",1245.936599423631
Food World Supermarket,"935 East 107th Street, Brooklyn",40.6477716,-73.89238929999999,"$76,340 ",2788.8040345821323
Empire Kosher Supermarket,"529 Empire Boulevard, Brooklyn",40.6643913,-73.94446900000001,"$73,101 ",1387.8530259365994
Key Food Supermarkets - 9530 Church Avenue,"9530 Church Avenue, Brooklyn",40.6554538,-73.91544019999999,"$38,285 ",1245.936599423631
Ideal Food Basket of East New York,"840 East New York Avenue, Brooklyn",40.662434,-73.9348725,"$73,101 ",1387.8530259365994
The Market Place - Crown Heights,"589 East New York Avenue, Brooklyn",40.6622706,-73.94319209999999,"$73,101 ",1387.8530259365994
Bravo Supermarkets,"366 New Lots Avenue, Brooklyn",40.6614734,-73.8935894,"$38,285 ",1245.936599423631
Aden Supermarket,"10404 Flatlands Avenue, Brooklyn",40.6470553,-73.8951227,"$76,340 ",2788.8040345821323
CTown Supermarkets,"330 Utica Avenue, Brooklyn",40.6667009,-73.9316075,"$73,101 ",1387.8530259365994
bp,"130-11 North Conduit Avenue, South Ozone Park",40.667275,-73.809823,"$82,604 ",1125.998160073597
Apna Bazar,"113-18 Liberty Avenue, South Richmond Hill",40.6854642,-73.8287983,"$75,207 ",1318.4636614535418
CTown Supermarkets,"107-66 Cross Bay Boulevard, Ozone Park",40.67710399999999,-73.8441569,"$75,207 ",1318.4636614535418
Key Food Supermarkets,"163-30 Cross Bay Boulevard, Howard Beach",40.6516443,-73.838456,"$82,604 ",1125.998160073597
bp,"100-07 Rockaway Boulevard, Ozone Park",40.6801184,-73.83926029999999,"$75,207 ",1318.4636614535418
Food Universe Marketplace,"96-09 Liberty Avenue, Ozone Park",40.680903,-73.84285,"$75,207 ",1318.4636614535418
Cherry Valley Marketplace,"84-12 97th Avenue, Jamaica",40.68328140000001,-73.8555933,"$75,207 ",1318.4636614535418
Apna Sohna Bazaar,"117-10 Rockaway Boulevard, South Ozone Park",40.6762176,-73.8205869,"$82,604 ",1125.998160073597
Key Food,"102-02 101st Avenue, Ozone Park",40.6855605,-73.8404601,"$75,207 ",1318.4636614535418
Liberty Bismillah Supermarket,"109-19 Liberty Avenue, South Richmond Hill",40.684581,-73.8321173,"$75,207 ",1318.4636614535418
bp,"94-02 111th Street, South Richmond Hill",40.69180799999999,-73.8349533,"$75,207 ",1318.4636614535418
The Food Emporium of Howard Beach Supermarket,"Lindenwood 82, 35 153rd Avenue, Howard Beach",40.66679989999999,-73.8513598,"$82,604 ",1125.998160073597
Apna Bazar Farmers Market,"124-16 Liberty Avenue, South Richmond Hill",40.6878074,-73.8194802,"$75,207 ",1318.4636614535418
CTown Supermarkets,"98-02 Jamaica Avenue, Woodhaven",40.6946369,-73.847383,"$75,207 ",1318.4636614535418
Superior Food Market Inc,"120-22 101st Avenue, South Richmond Hill",40.690268,-73.82395799999999,"$75,207 ",1318.4636614535418
Golden Mango Supermarket,"8105 Rockaway Boulevard, Ozone Park",40.6847967,-73.8591678,"$75,207 ",1318.4636614535418
Key Food Supermarkets,"1215 Sutter Avenue, Brooklyn",40.67281550000001,-73.8733335,"$75,207 ",1318.4636614535418
Brothers Italian Food World,"16110 Cross Bay Boulevard, Howard Beach",40.6553893,-73.8393759,"$82,604 ",1125.998160073597
Associated Supermarkets of Pitkin,"2578 Pitkin Avenue, Brooklyn",40.674491,-73.8769259,"$75,207 ",1318.4636614535418
Family Dollar,"3382 Atlantic Avenue, Brooklyn",40.6813675,-73.8717233,"$75,207 ",1318.4636614535418
Target Grocery,"519 Gateway Drive, Brooklyn",40.6529944,-73.870071,"$82,604 ",1125.998160073597
ALDI,"528 Gateway Drive, Brooklyn",40.6538135,-73.87107069999999,"$82,604 ",1125.998160073597
Cherry Valley Marketplace,"925 Crescent Street #5515, Brooklyn",40.6647936,-73.8671293,"$82,604 ",1125.998160073597
Key Food Supermarkets,"108-16 Liberty Avenue, Jamaica",40.6836662,-73.8332631,"$75,207 ",1318.4636614535418
Pioneer Fresh of East New York,"689 Stanley Avenue, Brooklyn",40.65976399999999,-73.8834298,"$38,285 ",1245.936599423631
J T Grocery,"114-27 135th Avenue, South Ozone Park",40.6715773,-73.8252383,"$82,604 ",1125.998160073597
Key Food Supermarkets,"135-46 Lefferts Boulevard, South Ozone Park",40.6691667,-73.8216667,"$82,604 ",1125.998160073597
Tony's Shop & Save Supermarket,"Tony's Shop & Save Supermarket, 1161 Sutter Avenue, Brooklyn",40.6724843,-73.8751849,"$75,207 ",1318.4636614535418
FOOD BAZAAR,"11110 Flatlands Avenue, Brooklyn",40.6492783,-73.8889016,"$76,340 ",2788.8040345821323
Food Universe Marketplace,"773 New Lots Avenue, Brooklyn",40.6667838,-73.8820401,"$38,285 ",1245.936599423631
food choice,"1161 Sutter Avenue, Brooklyn",40.67253360000001,-73.8751917,"$75,207 ",1318.4636614535418
Milk Farm Supermarket,"88-13 Liberty Avenue, Ozone Park",40.6800975,-73.8502321,"$75,207 ",1318.4636614535418
Asian Supermarket & Halal Meat,"2757 Pitkin Avenue, Brooklyn",40.675908,-73.8704039,"$75,207 ",1318.4636614535418
bp,"719 New Lots Avenue, Brooklyn",40.6658857,-73.8842095,"$38,285 ",1245.936599423631
Pure Farmers Market,"1242 Liberty Avenue, Brooklyn",40.6789487,-73.8628794,"$75,207 ",1318.4636614535418
Abdullah Supermarket,"74-16 101st Avenue, Ozone Park",40.67929120000001,-73.8624665,"$75,207 ",1318.4636614535418
Emdad Supermarket Inc.,"1206 Liberty Avenue, Brooklyn",40.6788064,-73.86458300000001,"$75,207 ",1318.4636614535418
Premium Supermarket,"1196 Liberty Avenue, Brooklyn",40.67875050000001,-73.86488360000001,"$75,207 ",1318.4636614535418
CTown Supermarkets,"1176 Liberty Avenue, Brooklyn",40.678541,-73.8658092,"$75,207 ",1318.4636614535418
Osorio Food Corp,"2665 Pitkin Avenue, Brooklyn",40.675368,-73.873846,"$75,207 ",1318.4636614535418
Junior's Food Outlet,"145-35 Rockaway Boulevard, South Ozone Park",40.67381739999999,-73.79228599999999,"$68,682 ",2078.371665133395
bp,"14812 Rockaway Boulevard, South Ozone Park",40.67291970000001,-73.7896921,"$68,682 ",2078.371665133395
Ideal Food Basket,"169-85 137th Avenue, Jamaica",40.6733823,-73.7701905,"$68,682 ",2078.371665133395
Bravo Supermarkets,"144-28 Lakewood Avenue, Jamaica",40.6897531,-73.803113,"$68,682 ",2078.371665133395
Western Beef Supermarket,"130-35 Merrick Boulevard, Rochdale Village",40.6806838,-73.76168299999999,"$68,682 ",2078.371665133395
bp,"114-02 Van Wyck Expressway, Jamaica",40.6825375,-73.8063669,"$68,682 ",2078.371665133395
Key Food Supermarkets,"16602 Baisley Boulevard, Jamaica",40.67882109999999,-73.7762418,"$68,682 ",2078.371665133395
CIBO Express Gourmet Market - TECH,"John F Kennedy International Airport, Terminal 2, Queens",40.6586769,-73.7953211,"$68,682 ",2078.371665133395
CIBO Express Gourmet Market,"John F Kennedy International Airport, Terminal 5, Queens",40.6586769,-73.7953211,"$68,682 ",2078.371665133395
CIBO Express Gourmet Market - Book Store,"John F Kennedy International Airport, Terminal 2, Queens",40.6586769,-73.7953211,"$68,682 ",2078.371665133395
Hudson,"Terminal 7, Jamaica",40.6495623,-73.7827185,"$68,682 ",2078.371665133395
Alsa Met Food Corp.,Jamaica,40.67327280000001,-73.7907153,"$68,682 ",2078.371665133395
Farmboy Country Market,"127-20 Rockaway Boulevard, South Ozone Park",40.67484899999999,-73.810129,"$82,604 ",1125.998160073597
Amoco,"162-35 North Conduit Avenue, Jamaica",40.6682633,-73.77204309999999,"$68,682 ",2078.371665133395
Almonte's Fine Fare of Farmers Blvd. - Neighborhood Supermarket,"145-44 Farmers Boulevard, Rochdale Village",40.66482469999999,-73.76841619999999,"$68,682 ",2078.371665133395
Fine fair,"145-44 Farmers Boulevard, Rochdale Village",40.66487619999999,-73.76841670000002,"$68,682 ",2078.371665133395
Ideal Food Basket,"142-36 Foch Boulevard, Jamaica",40.678845,-73.7983855,"$68,682 ",2078.371665133395
FOOD JUNGLE INC,"11914 Sutphin Boulevard, Jamaica",40.6785301,-73.79178519999999,"$68,682 ",2078.371665133395
Food World Supermarket,"119-14 Sutphin Boulevard, Jamaica",40.6785301,-73.79178519999999,"$68,682 ",2078.371665133395
Food Universe Marketplace,"127-16 111th Avenue, South Ozone Park",40.6825793,-73.81359929999999,"$82,604 ",1125.998160073597
Super,Rochdale Village,40.6785894,-73.7765337,"$68,682 ",2078.371665133395
C-Town Supermarket,"115-34 Sutphin Boulevard, Jamaica",40.683919,-73.7927091,"$68,682 ",2078.371665133395
Shahjalal Halal Supermarket,"111-02 Sutphin Boulevard, Jamaica",40.68837579999999,-73.7958434,"$68,682 ",2078.371665133395
Fresh Farm Halal Supermarket,157-11 Linden Boulevard,40.6880896,-73.7899571,"$68,682 ",2078.371665133395
West Indian Farm Market,"123-02 Liberty Avenue, South Richmond Hill",40.6874622,-73.820628,"$75,207 ",1318.4636614535418
Matty's 5 Star Mini Mart,"128-02 Liberty Avenue, South Richmond Hill",40.688822,-73.816841,"$75,207 ",1318.4636614535418
Earnest Foods,"123-01 Merrick Boulevard, Jamaica",40.6833044,-73.76818120000001,"$68,682 ",2078.371665133395
Market Fresh Supermarket,"109-10 Sutphin Boulevard, Jamaica",40.69159800000001,-73.7981891,"$68,682 ",2078.371665133395
Century Market,"109-18 Liberty Avenue, South Richmond Hill",40.68405,-73.832188,"$75,207 ",1318.4636614535418
CTown Supermarkets,"Parking lot, 134-16 Liberty Avenue, South Richmond Hill",40.691428,-73.81197139999999,"$75,207 ",1318.4636614535418
Key Food Supermarkets,"123-12 101st Avenue, South Richmond Hill",40.69085690000001,-73.8220138,"$75,207 ",1318.4636614535418
John’s Farm Market,"115-10 Merrick Boulevard, Jamaica",40.6894766,-73.7779845,"$68,682 ",2078.371665133395
AFRICARIB BAZAAR MARKET,"114-52 Merrick Boulevard, Jamaica",40.690135,-73.778486,"$68,682 ",2078.371665133395
Atlantic Farm Cash & Carry,"130-23 101st Avenue, South Richmond Hill",40.6928058,-73.8164517,"$75,207 ",1318.4636614535418
Deshi Bazar & Halal Meat Inc,"106-15 Sutphin Boulevard, Jamaica",40.6948931,-73.8023815,"$68,682 ",2078.371665133395
Amoco,"243-02 South Conduit Avenue, Rosedale",40.6650261,-73.7354563,"$68,682 ",2078.371665133395
Key Food Supermarket of Rosedale Rd,"935 Rosedale Road, Valley Stream",40.65264069999999,-73.7241567,"$68,682 ",2078.371665133395
Key Food Supermarkets,"22501 Merrick Boulevard, Springfield Gardens",40.6776341,-73.7444269,"$68,682 ",2078.371665133395
bp,"270 Sunrise Highway, Valley Stream",40.6622071,-73.7104207,"$68,682 ",2078.371665133395
King Kullen,"231 West Merrick Road, Valley Stream",40.6690491,-73.70640440000001,"$97,288 ",1734.9862005519778
Ramar Supermarket,"144-5A 243rd Street, Rosedale",40.6601075,-73.7393136,"$68,682 ",2078.371665133395
Associated Supermarkets of Rosedale,"143-60 243rd Street, Rosedale",40.6608932,-73.7391098,"$68,682 ",2078.371665133395
ALDI,"750 Sunrise Highway, Valley Stream",40.66446409999999,-73.72709069999999,"$68,682 ",2078.371665133395
Target Grocery,"500 Sunrise Highway, Valley Stream",40.6645869,-73.72075459999999,"$68,682 ",2078.371665133395
Farm Country of Laurelton,"234-21 Merrick Boulevard, Rosedale",40.6746592,-73.7353883,"$68,682 ",2078.371665133395
Food World Supermarket,"500 West Merrick Road, Valley Stream",40.66915099999999,-73.71533000000001,"$68,682 ",2078.371665133395
bp,"385 West Merrick Road, Valley Stream",40.6685047,-73.7111484,"$97,288 ",1734.9862005519778
Key Food,"1805 North Central Avenue, Valley Stream",40.6826498,-73.7145285,"$97,288 ",1734.9862005519778
A & E Supermarket,"11731 Farmers Boulevard, Jamaica",40.6907843,-73.7619793,"$68,682 ",2078.371665133395
Western Beef Supermarket,"1717 Old, Dutch Broadway, Elmont",40.6878184,-73.7055797,"$97,288 ",1734.9862005519778
bp,"440 Sunrise Highway, Lynbrook",40.655501,-73.669164,"$97,288 ",1734.9862005519778
King Kullen,"127 Sunrise Highway, Rockville Centre",40.6577778,-73.6511111,"$97,288 ",1734.9862005519778
bp,"2 Sunrise Highway, Rockville Centre",40.65649619999999,-73.6569276,"$97,288 ",1734.9862005519778
King Kullen,"1765 Peninsula Boulevard, Hewlett",40.6489983,-73.69018419999999,"$97,288 ",1734.9862005519778
Cross Island Fruits,"246 Hempstead Avenue, Lynbrook",40.66658160000001,-73.6704161,"$97,288 ",1734.9862005519778
Key Food Supermarkets,"399 Ocean Avenue, Rockville Centre",40.6574284,-73.6554694,"$97,288 ",1734.9862005519778
Custom Supermarket Solutions,"596 Merrick Road, Lynbrook",40.6603481,-73.68397379999999,"$97,288 ",1734.9862005519778
bp,"1616 Dutch Broadway, Elmont",40.68715579999999,-73.7024782,"$97,288 ",1734.9862005519778
Wild By Nature,"2709 Long Beach Road, Oceanside",40.6452456,-73.6378088,"$97,288 ",1734.9862005519778
Associated Supermarkets of Rockville Centre,"160 North Long Beach Road, Rockville Centre",40.6594996,-73.6303949,"$97,288 ",1734.9862005519778
Western Beef Supermarket,"605 Woodfield Road, West Hempstead",40.68857209999999,-73.65111519999999,"$97,288 ",1734.9862005519778
bp,"292 Long Beach Road, Oceanside",40.64446999999999,-73.63952499999999,"$97,288 ",1734.9862005519778
GalaFresh Farms,"2485 Grand Avenue, Baldwin",40.649551,-73.6121895,"$97,288 ",1734.9862005519778
Ideal Food Basket of Baldwin,"856 Merrick Road, Baldwin",40.6503611,-73.6102176,"$97,288 ",1734.9862005519778
King Kullen,"2709 Long Beach Road, Oceanside",40.6452184,-73.6378421,"$97,288 ",1734.9862005519778
SuperFresh Baldwin,"1764 Grand Avenue, Baldwin",40.667026,-73.60965019999999,"$97,288 ",1734.9862005519778
bp,"700 Nassau Boulevard, West Hempstead",40.6871652,-73.6616517,"$97,288 ",1734.9862005519778
Lidl,"696 Dogwood Avenue, Franklin Square",40.68861,-73.66783,"$97,288 ",1734.9862005519778
Fruit Tree Farm,"1197 Grand Avenue, Baldwin",40.6813569,-73.6141209,"$97,288 ",1734.9862005519778
bp,"470 Grand Avenue, Hempstead",40.68349299999999,-73.615475,"$97,288 ",1734.9862005519778
Trader Joe's,"1714 Merrick Road, Merrick",40.6534212,-73.5587765,"$97,288 ",1734.9862005519778
Compare Foods Supermarket,"120 North Main Street, Freeport",40.6613531,-73.58490139999999,"$97,288 ",1734.9862005519778
Western Beef Supermarket,"322 Nassau Road, Roosevelt",40.6804428,-73.58963779999999,"$97,288 ",1734.9862005519778
Gala Foods Supermarket,"111 West Merrick Road, Freeport",40.6530882,-73.58454689999999,"$97,288 ",1734.9862005519778
bp,"1577 Merrick Road, Merrick",40.6541177,-73.56388299999999,"$97,288 ",1734.9862005519778
Target Grocery,"248 Sunrise Highway, Freeport",40.65557520000001,-73.57181609999999,"$97,288 ",1734.9862005519778
Lidl,"1686 Merrick Road, Merrick",40.65358,-73.56004,"$97,288 ",1734.9862005519778
bp,"533 Nassau Road, Roosevelt",40.68593829999999,-73.5938539,"$97,288 ",1734.9862005519778
bp,"2030 Sunrise Highway, Merrick",40.662757,-73.551247,"$97,288 ",1734.9862005519778
bp,"329 Merrick Avenue, Merrick",40.674763,-73.557017,"$97,288 ",1734.9862005519778
Seabra's Market,"260 Lafayette Street, Newark",40.7279518,-74.16104419999999,"$72,727 ",1900.704347826087
Extra Supermarket,"125 Avon Avenue, Newark",40.7254234,-74.19367340000001,"$72,727 ",1900.704347826087
SuperFresh Irvington,"471 Lyons Avenue, Irvington",40.71643290000001,-74.2234489,"$72,727 ",1900.704347826087
ShopRite of Hillside,"367 U.S. 22, Hillside",40.7002378,-74.2343245,"$72,727 ",1900.704347826087
Supremo Food Market of Irvington,"910-914 Springfield Avenue, Irvington",40.72784839999999,-74.2238819,"$72,727 ",1900.704347826087
bp,"45 Union Avenue, Irvington",40.72489100000001,-74.230322,"$72,727 ",1900.704347826087
Casey's Grocery,"489 South 10th Street, Newark",40.7355629,-74.2025407,"$72,727 ",1900.704347826087
"ShopRite of Newark, NJ","206 Springfield Avenue, Newark",40.7366424,-74.1861976,"$72,727 ",1900.704347826087
El Super Grocery Store (Elena Grocery),"183 Lafayette Street, Newark",40.73028299999999,-74.1648819,"$72,727 ",1900.704347826087
La Palma Market,"154 Pacific Street, Newark",40.7223623,-74.1680762,"$72,727 ",1900.704347826087
Wakefern,"171 Market Street, Newark",40.7358063,-74.1723676,"$72,727 ",1900.704347826087
Living Supermarket,"458 Nye Avenue, Irvington",40.7230782,-74.2253379,"$72,727 ",1900.704347826087
CTown Supermarkets,"910 18th Avenue, Newark",40.7386114,-74.2248567,"$72,727 ",1900.704347826087
Extra Supermarket,"327 Lyons Avenue, Newark",40.7129379,-74.2180784,"$72,727 ",1900.704347826087
Seabra Foods Hillside,"1132 Liberty Avenue, Hillside",40.6928245,-74.2370868,"$72,727 ",1900.704347826087
Seabra Foods Chestnut,"219 Chestnut Street, Newark",40.7230856,-74.1665182,"$72,727 ",1900.704347826087
City Supermarket,"10 Mill Road, Irvington",40.7144312,-74.24902019999999,"$72,727 ",1900.704347826087
CTown Supermarkets,"120 Clinton Avenue, Newark",40.72466049999999,-74.1825743,"$72,727 ",1900.704347826087
Maple Supermarket Corporation,"97 Maple Avenue, Newark",40.7065665,-74.21672269999999,"$72,727 ",1900.704347826087
New Neighborhood Supermarket,"382 Clinton Place, Newark",40.7104883,-74.2159595,"$72,727 ",1900.704347826087
Seabra's Market,"64 Pacific Street, Newark",40.726026,-74.1664366,"$72,727 ",1900.704347826087
bp,"600 U.S. 22, Hillside",40.6981307,-74.2429731,"$72,727 ",1900.704347826087
bp,"584 Springfield Avenue, Newark",40.731109,-74.207526,"$72,727 ",1900.704347826087
Martinez Stop One Super Market,"643 Elizabeth Avenue, Newark",40.70565579999999,-74.2062385,"$72,727 ",1900.704347826087
Town Plaza Supermarket,"412 Elizabeth Avenue, Newark",40.7097263,-74.1972189,"$72,727 ",1900.704347826087
New B & C Supermarket,"943 Bergen Street, Newark",40.7120199,-74.20518419999999,"$72,727 ",1900.704347826087
Yesi Supermarket,"325 Osborne Terrace, Newark",40.71197790000001,-74.2108155,"$72,727 ",1900.704347826087
The eagle supermarket,"235 Lyons Avenue, Newark",40.71072470000001,-74.2146982,"$72,727 ",1900.704347826087
Dexida Supermarket Stop II,"231 Lyons Avenue, Newark",40.7107278,-74.2147539,"$72,727 ",1900.704347826087
Faso Supermarket,"266 Lyons Avenue, Newark",40.7112338,-74.21637,"$72,727 ",1900.704347826087
Lion Superkmarket,"502 Irvine Turner Boulevard #4, Newark",40.7166177,-74.1958202,"$72,727 ",1900.704347826087
P & T Supermarket,"324 Clinton Place # 4, Newark",40.7125278,-74.2149898,"$72,727 ",1900.704347826087
New Queens Supermarket,"776 Bergen Street, Newark",40.71716939999999,-74.2017237,"$72,727 ",1900.704347826087
809 Supermarket,"291 Clinton Place, Newark",40.713653,-74.2142638,"$72,727 ",1900.704347826087
CIBO Express Gourmet Market,"30 International Airport St C Terminal, Newark",40.6966905,-74.17603059999999,"$72,727 ",1900.704347826087
El Intocable Supermarket,"127 Clinton Place, Newark",40.7187003,-74.2115304,"$72,727 ",1900.704347826087
Azua Supermarket,"382 Chancellor Avenue, Newark",40.7104464,-74.22377759999999,"$72,727 ",1900.704347826087
Martinez Market,"475 Clinton Avenue, Newark",40.72142909999999,-74.1995575,"$72,727 ",1900.704347826087
Azcona Supermarket,"Chancellor Avenue, Newark",40.7111055,-74.2249308,"$72,727 ",1900.704347826087
Eddy's Supermarket,"348 Clinton Avenue, Newark",40.72176899999999,-74.1925925,"$72,727 ",1900.704347826087
Adelin Grocery Supermarket,"735 Clinton Avenue, Newark",40.7231619,-74.21181469999999,"$72,727 ",1900.704347826087
Eddy's Supermarket,"785 Clinton Avenue #1037, Newark",40.72322469999999,-74.21368740000001,"$72,727 ",1900.704347826087
Los Pilotos Supermarket,"219-227 Astor Street, Newark",40.7192593,-74.1745129,"$72,727 ",1900.704347826087
La Favorita Supermarket,"1125 Broad Street, Newark",40.723203,-74.17970849999999,"$72,727 ",1900.704347826087
SuperFresh Newark,"120 Clinton Avenue, Newark",40.7247309,-74.1823734,"$72,727 ",1900.704347826087
Pao De Acucar,"244 Ferry Street, Newark",40.72847429999999,-74.1539075,"$72,727 ",1900.704347826087
ACME Markets,"321 New Jersey 440, Jersey City",40.7105326,-74.10182309999999,"$72,727 ",1900.704347826087
Whole Foods Market,"633 Broad Street, Newark",40.7400078,-74.1699916,"$72,727 ",1900.704347826087
Seabra Foods Harrison,"429 Bergen Street, Harrison",40.7428131,-74.1547865,"$72,727 ",1900.704347826087
Seabra Foods Wilson Av.,"83 Wilson Avenue #73, Newark",40.7258684,-74.1528009,"$72,727 ",1900.704347826087
MI FAMILIA MEAT & SUPERMARKET,"398 South Street, Newark",40.7188189,-74.1613261,"$72,727 ",1900.704347826087
Cabana Multi Services,"148 Wilson Avenue, Newark",40.7234177,-74.15138209999999,"$72,727 ",1900.704347826087
Emporium 112 Supermarket,"112 Wilson Avenue, Newark",40.7245204,-74.1525777,"$72,727 ",1900.704347826087
Pacific Super Market,"1 Delancy Street, Newark",40.72242970000001,-74.16809959999999,"$72,727 ",1900.704347826087
Seabra Foods Ferry Plaza,"281-285 Ferry Street, Newark",40.7272019,-74.1492153,"$72,727 ",1900.704347826087
Emporium 5 Esquinas,"218 Ferry Street, Newark",40.7281615,-74.1551398,"$72,727 ",1900.704347826087
National Supermarket,"61 Hawkins Street, Newark",40.72954059999999,-74.1396281,"$72,727 ",1900.704347826087
Bonzao Supermarket,"70 Adams Street #10, Newark",40.73013359999999,-74.1577162,"$72,727 ",1900.704347826087
Selectos Supermarket,"130 Elm Street, Newark",40.7283882,-74.1655355,"$72,727 ",1900.704347826087
Seabra Foods Ferry,"123 Ferry Street, Newark",40.72989229999999,-74.1600935,"$72,727 ",1900.704347826087
Good Food Supermarket,"48 Van Buren Street, Newark",40.73078230000001,-74.15505019999999,"$72,727 ",1900.704347826087
Met Foodmarkets of Newark,"514 Ferry Street, Newark",40.73199309999999,-74.1400014,"$72,727 ",1900.704347826087
Cherlize Supermarket ( By Work Place),"Libella Court, Newark",40.73494230000001,-74.13982080000001,"$72,727 ",1900.704347826087
bp,"378 Washington Street #392, Newark",40.7315163,-74.1775256,"$72,727 ",1900.704347826087
Fox Supermarket Inc,"162 Irvine Turner Boulevard, Newark",40.729218,-74.1907466,"$72,727 ",1900.704347826087
New Neighborhood Supermarket,"48 Irvine Turner Boulevard, Newark",40.73314709999999,-74.1891138,"$72,727 ",1900.704347826087
Patel Brothers,"780-782 Newark Avenue, Jersey City",40.735664,-74.06412,"$57,565 ",2686.2555066079294
Extra Supermarket,"360 Martin Luther King Drive, Jersey City",40.7103021,-74.0771872,"$72,727 ",1900.704347826087
Big Bazar Indian supermarket - best Indian grocery store,"831 Newark Avenue, Jersey City",40.735656,-74.066267,"$57,565 ",2686.2555066079294
Pioneer Supermarkets of Jersey City,"320 Martin Luther King Drive, Jersey City",40.7097553,-74.0799293,"$72,727 ",1900.704347826087
Bravo Supermarkets,"503 West Side Avenue, Jersey City",40.71828079999999,-74.08408899999999,"$57,565 ",2686.2555066079294
اخوان غبور Ghabour Brothers Supermarket,"867 Bergen Avenue, Jersey City",40.7291529,-74.0665107,"$57,565 ",2686.2555066079294
99 Ranch Market,"420 Grand Street, Jersey City",40.7188083,-74.05276669999999,"$57,565 ",2686.2555066079294
CTown Supermarkets,"885 Bergen Avenue, Jersey City",40.7296832,-74.06613879999999,"$57,565 ",2686.2555066079294
bp,"808 Communipaw Avenue, Jersey City",40.7211247,-74.0815465,"$57,565 ",2686.2555066079294
Martfury,"837 Hilltop Haven Drive, Jersey City",40.7008372,-74.0887383,"$72,727 ",1900.704347826087
Tejeda Supermarket,"356 Ocean Avenue, Jersey City",40.6988281,-74.0854595,"$72,727 ",1900.704347826087
Privilege Food,"466 Ocean Avenue, Jersey City",40.70232370000001,-74.0814685,"$72,727 ",1900.704347826087
Asian Food Market Jersey City,"701 New Jersey 440, Jersey City",40.71940259999999,-74.09628959999999,"$72,727 ",1900.704347826087
Andy's Supermarket,"692 Ocean Avenue, Jersey City",40.7098434,-74.0761522,"$72,727 ",1900.704347826087
Denisse Supermarket,"761 Ocean Avenue, Jersey City",40.7121557,-74.0752854,"$57,565 ",2686.2555066079294
Clarissa Supermarket,"509 Martin Luther King Drive, Jersey City",40.7153134,-74.0751724,"$57,565 ",2686.2555066079294
Alexa Supermarket,"509 Martin Luther King Drive, Jersey City",40.7152729,-74.0750841,"$57,565 ",2686.2555066079294
Clara Supermarket & Dely,Jersey City,40.7160614,-74.0740987,"$57,565 ",2686.2555066079294
Rodriguez Brothers Supermarket,"553 Communipaw Avenue, Jersey City",40.7164879,-74.0709478,"$57,565 ",2686.2555066079294
Exito Fresh Market,"115 Monticello Avenue, Jersey City",40.71867349999999,-74.07198199999999,"$57,565 ",2686.2555066079294
Don Henriquez,"195 Monticello Avenue, Jersey City",40.7213663,-74.07029899999999,"$57,565 ",2686.2555066079294
La Perfecta Supermarket,"195 Monticello Avenue, Jersey City",40.7213663,-74.07029899999999,"$57,565 ",2686.2555066079294
CTown Supermarkets,"759 West Side Avenue, Jersey City",40.726375,-74.0771476,"$57,565 ",2686.2555066079294
M & T Minimarket,"204 Duncan Avenue, Jersey City",40.7275868,-74.0781037,"$57,565 ",2686.2555066079294
Bergen Supermarket,"692 Bergen Avenue, Jersey City",40.7238835,-74.0699798,"$57,565 ",2686.2555066079294
Bergen Fruits & Vegetables,"787 Bergen Avenue, Jersey City",40.7262038,-74.0678363,"$57,565 ",2686.2555066079294
Angel Mini Supermarket,"2716 John F. Kennedy Boulevard, Jersey City",40.7289514,-74.0694183,"$57,565 ",2686.2555066079294
Sub Hub Market Fresh,"2815 John F. Kennedy Boulevard, Jersey City",40.7319983,-74.06682119999999,"$57,565 ",2686.2555066079294
M & M Mini Market & Deli,"116 Tonnelle Avenue, Jersey City",40.735002,-74.06701079999999,"$57,565 ",2686.2555066079294
Whole Foods Market,"270 Greenwich Street, New York",40.71558769999999,-74.0114521,"$57,565 ",2686.2555066079294
Jubilee Market Place on John,"99 John Street, New York",40.7082431,-74.0063359,"$30,967 ",2276.343612334802
Hudson Greene Market,"77 Hudson Street, Jersey City",40.7147655,-74.0347802,"$57,565 ",2686.2555066079294
Sunrise Mart 日系スーパー,"494 Broome Street, New York",40.7232614,-74.0025754,"$57,565 ",2686.2555066079294
SuperFresh Two Bridges,"5 Saint James Place, New York",40.7108765,-74.0002319,"$61,873 ",4548.237885462555
Lily's Vegan Pantry,"213 Hester Street, New York",40.71865719999999,-73.999057,"$61,873 ",4548.237885462555
Organic Basic Food,"204 Washington Street, Hoboken",40.7390365,-74.0306059,"$84,978 ",3965.46255506608
Po Wing Hong Food Market,"49 Elizabeth Street Ground Floor, New York",40.7171287,-73.9967356,"$61,873 ",4548.237885462555
ShopRite of Metro Plaza,"400 Marin Blvd, Metro Plaza Drive, Jersey City",40.72301520000001,-74.0396544,"$57,565 ",2686.2555066079294
New York Marts,"75 East Broadway, New York",40.713685,-73.9941826,"$49,685 ",7192.819383259912
Gristedes,"315 South End Avenue, New York",40.7104788,-74.0164333,"$30,967 ",2276.343612334802
ACME Markets,"125 18th Street, Jersey City",40.7329254,-74.0375526,"$57,565 ",2686.2555066079294
MORTON WILLIAMS SUPERMARKETS,"105 River Drive, Jersey City",40.7297245,-74.0323762,"$57,565 ",2686.2555066079294
55 Fulton Market by Keyfood,"55 Fulton Street, New York",40.70871810000001,-74.00471859999999,"$30,967 ",2276.343612334802
Supremo Food Market of Jersey City,"323 Palisade Avenue, Jersey City",40.7397374,-74.0473097,"$84,978 ",3965.46255506608
Key Food Supermarkets,"102 Montague Street, Brooklyn",40.6949016,-73.9954578,"$30,967 ",2276.343612334802
bp,"235 12th St, 07310 Interstate 78, Jersey City",40.7301466,-74.04341509999999,"$57,565 ",2686.2555066079294
Bangkok Center Grocery,"104 Mosco Street, New York",40.714554,-73.999344,"$61,873 ",4548.237885462555
P & K Fruit Market,"170 Newark Avenue, Jersey City",40.72125310000001,-74.0449088,"$57,565 ",2686.2555066079294
Prime Food Market,"180 10th Street, Jersey City",40.728924,-74.0412979,"$57,565 ",2686.2555066079294
Meat Center (Chinatown),"208 Centre Street, New York",40.7190325,-73.99897109999999,"$61,873 ",4548.237885462555
Gristedes,"101 Clark Street, Brooklyn",40.69788489999999,-73.9926259,"$30,967 ",2276.343612334802
La Conga Supermarket,"352 Grove Street, Jersey City",40.7208162,-74.04254279999999,"$57,565 ",2686.2555066079294
Aspen Marketplace,"226 Washington Street, Hoboken",40.7396967,-74.0304774,"$84,978 ",3965.46255506608
New York Mart,"128 Mott Street, New York",40.71850389999999,-73.9966318,"$61,873 ",4548.237885462555
Fulton Stall Market,"91 South Street, New York",40.7061992,-74.0034706,"$30,967 ",2276.343612334802
Hong Kong Supermarket,"157 Hester Street, New York",40.717605,-73.9960273,"$61,873 ",4548.237885462555
Deluxe Food Market,"79 Elizabeth Street, New York",40.71803799999999,-73.996262,"$61,873 ",4548.237885462555
Key Food Fresh & Natural,"574 Jersey Avenue, Jersey City",40.7232426,-74.0456641,"$57,565 ",2686.2555066079294
"D&Y Continental Fruit, Vegetables, Grocery, Flowers & More","309 Grove Street, Jersey City",40.7191528,-74.0434704,"$57,565 ",2686.2555066079294
Whole Foods Market,"135 Greene Street, Jersey City",40.7180058,-74.0369377,"$57,565 ",2686.2555066079294
Trader Joe's,"142 East 14th Street, New York",40.733371,-73.9878966,"$84,978 ",3965.46255506608
Trader Joe's,"675 6th Avenue, New York",40.74209010000001,-73.9941211,"$84,978 ",3965.46255506608
Whole Foods Market,"95 East Houston Street, New York",40.72382459999999,-73.99231019999999,"$49,685 ",7192.819383259912
Whole Foods Market,"4 Union Square East, New York",40.7346935,-73.9912519,"$84,978 ",3965.46255506608
MORTON WILLIAMS SUPERMARKETS,"130 Bleecker Street, New York",40.7277826,-73.9987835,"$84,978 ",3965.46255506608
bp,"677 Kent Avenue, Brooklyn",40.7007584,-73.9625597,"$120,556 ",1435.4034582132565
Key Food Urban Marketplace,"52 Avenue A, New York",40.72400320000001,-73.984763,"$49,685 ",7192.819383259912
Key Food Supermarkets,"43 Columbia Street, New York",40.7171382,-73.9804011,"$49,685 ",7192.819383259912
Morton Williams Supermarkets,"278 Park Avenue South, New York",40.7394127,-73.98725379999999,"$117,596 ",6288.325991189427
Garden of Eden,"7 East 14th Street, New York",40.7359352,-73.9928729,"$84,978 ",3965.46255506608
Space Market,"1 University Place # 1, New York",40.7308738,-73.9952212,"$84,978 ",3965.46255506608
Fine Fare Supermarkets,"545 Grand Street, New York",40.7139858,-73.9806191,"$49,685 ",7192.819383259912
Citarella Gourmet Market - West Village,"424 6th Avenue, New York",40.7343679,-73.99871689999999,"$84,978 ",3965.46255506608
FOOD BAZAAR,"21 Manhattan Avenue, Brooklyn",40.70314560000001,-73.9450749,"$68,618 ",2204.394812680115
Morton Williams Wines and Spirits,"313 East 23rd Street, New York",40.7377511,-73.98001339999999,"$117,596 ",6288.325991189427
Foodtown of Williamsburg,"159 North 3rd Street, Brooklyn",40.715327,-73.959566,"$101,442 ",2493.9913544668584
CTown Supermarkets,"330 Graham Avenue, Brooklyn",40.71412600000001,-73.94400159999999,"$101,442 ",2493.9913544668584
Associated Supermarkets of Alphabet City,"123 Loisaida Avenue, New York",40.7246316,-73.9787304,"$49,685 ",7192.819383259912
Union Market,"240 East Houston Street, New York",40.7223638,-73.9859359,"$49,685 ",7192.819383259912
Western Beef Supermarket,"431 West 16th Street, New York",40.7430701,-74.00571599999999,"$84,978 ",3965.46255506608
CTown Supermarkets,"241 Taaffe Place, Brooklyn",40.690586,-73.95931999999999,"$120,556 ",1435.4034582132565
Trader Joe's,"445 Gold Street, Brooklyn",40.69122529999999,-73.9827655,"$120,556 ",1435.4034582132565
Grand Advance Supermarket,"272 Grand Street, New York",40.718072,-73.992842,"$49,685 ",7192.819383259912
City Acres Market,"11 Broadway, Brooklyn",40.71099389999999,-73.9682784,"$49,685 ",7192.819383259912
Key Food Supermarkets,"492 Myrtle Avenue, Brooklyn",40.6933444,-73.9652167,"$120,556 ",1435.4034582132565
Frankels Kosher Market,"192 Clymer Street, Brooklyn",40.7071577,-73.9622196,"$120,556 ",1435.4034582132565
Peg Leg Woodshop,"54 Franklin Avenue, Brooklyn",40.6974946,-73.9593344,"$120,556 ",1435.4034582132565
Brooklyn Fare,"666 Greenwich Street, New York",40.7321288,-74.00789739999999,"$84,978 ",3965.46255506608
Whole Foods Market,"238 Bedford Avenue, Brooklyn",40.71614090000001,-73.9597096,"$101,442 ",2493.9913544668584
Shop Fair of Williamsburg,"385 Broadway, Brooklyn",40.7073543,-73.95437199999999,"$68,618 ",2204.394812680115
bp,"256 McGuinness Boulevard, Brooklyn",40.73095229999999,-73.9514957,"$101,442 ",2493.9913544668584
bp,"1049 Grand Street, Brooklyn",40.714042,-73.93355,"$70,582 ",1622.9682997118157
bp,"59-36 Maurice Avenue, Maspeth",40.72691349999999,-73.9071604,"$80,708 ",1041.398344066237
City Fresh Market - Bushwick,"229 Knickerbocker Avenue #2401, Brooklyn",40.7029747,-73.9255093,"$70,582 ",1622.9682997118157
Western Beef Supermarket,"47-05 Metropolitan Avenue, Ridgewood",40.71419379999999,-73.9198147,"$70,582 ",1622.9682997118157
FOOD BAZAAR,"1102 Myrtle Avenue, Brooklyn",40.6966458,-73.93626189999999,"$68,618 ",2204.394812680115
Key Food Supermarkets,"224 McGuinness Boulevard, Brooklyn",40.72990710000001,-73.950973,"$101,442 ",2493.9913544668584
FOOD BAZAAR,"1590 Gates Avenue, Ridgewood",40.70072100000001,-73.910724,"$70,582 ",1622.9682997118157
CTown Supermarkets,"346 Central Avenue, Brooklyn",40.6948126,-73.9198891,"$70,582 ",1622.9682997118157
Green Corner Fish & Farmers Market,"801 Flushing Avenue, Brooklyn",40.7012598,-73.9406714,"$68,618 ",2204.394812680115
bp,"864 Flushing Avenue, Brooklyn",40.701702,-73.937271,"$68,618 ",2204.394812680115
Bravo Supermarkets,"844 Dekalb Avenue, Brooklyn",40.6922431,-73.9419881,"$68,618 ",2204.394812680115
Mr.Kiwi,"957 Broadway, Brooklyn",40.6969004,-73.9348648,"$68,618 ",2204.394812680115
Premier Food Fresh Market,"1165 Broadway, Brooklyn",40.693147,-73.92778799999999,"$70,582 ",1622.9682997118157
bp,"546 Morgan Avenue, Brooklyn",40.72311490000001,-73.93887749999999,"$101,442 ",2493.9913544668584
Trader Joe's,"9030 Metropolitan Avenue, Rego Park",40.7109939,-73.8581298,"$88,917 ",1041.9227230910765
ALDI,"61-11 Junction Boulevard, Rego Park",40.7335112,-73.8630979,"$88,917 ",1041.9227230910765
SkyFoods-Elmhurst,"7955 Albion Avenue, Elmhurst",40.73960140000001,-73.8837114,"$63,453 ",1587.8380864765409
Ideal Food Basket of Glendale,"67-16 Myrtle Avenue, Ridgewood",40.7014547,-73.8853498,"$69,726 ",1556.4857405703772
Key Food Supermarkets,"92-02 63rd Drive, Flushing",40.7275261,-73.86381399999999,"$88,917 ",1041.9227230910765
Biedronka,"60-15 Myrtle Avenue, Flushing",40.7007523,-73.8977483,"$69,726 ",1556.4857405703772
Vitelio's Marketplace (Key Food),"1883 Madison Street, Queens",40.70396530000001,-73.9044454,"$70,582 ",1622.9682997118157
Food Universe Marketplace,"66-82 Fresh Pond Road, Ridgewood",40.7062605,-73.8971382,"$69,726 ",1556.4857405703772
bp,"65-15 Cooper Avenue, Glendale",40.69893860000001,-73.8885073,"$69,726 ",1556.4857405703772
bp,"69-05 Eliot Avenue, Middle Village",40.7197383,-73.8909723,"$69,726 ",1556.4857405703772
bp,"6615 Borden Avenue, Maspeth",40.7261052,-73.8978139,"$63,453 ",1587.8380864765409
REGO FRESH MARKETPLACE,"63-76 Woodhaven Boulevard, Rego Park",40.7223739,-73.8679269,"$88,917 ",1041.9227230910765
Fresh Value Marketplace,"9507 63rd Drive, Rego Park",40.7297385,-73.8628899,"$88,917 ",1041.9227230910765
CTown Supermarkets,"94-06 63rd Drive, Rego Park",40.72877489999999,-73.8628252,"$88,917 ",1041.9227230910765
Foodtown of Bushwick,"1291 Broadway, Brooklyn",40.6909383,-73.92412790000002,"$70,582 ",1622.9682997118157
Moore Street Market,"110 Moore Street, Brooklyn",40.70368909999999,-73.9410911,"$68,618 ",2204.394812680115
Village Barn Fresh Market,"80-05 Caldwell Avenue, Middle Village",40.725844,-73.87944,"$63,453 ",1587.8380864765409
Bravo Supermarkets,"785 Grand Street, Brooklyn",40.7120409,-73.941713,"$68,618 ",2204.394812680115
bp,"134-30 Atlantic Avenue, South Richmond Hill",40.696918,-73.813976,"$75,207 ",1318.4636614535418
Aron's Kissena Farms,"72-15 Kissena Boulevard, Flushing",40.7281381,-73.8140665,"$74,493 ",1390.128794848206
Seasons Queens - Kosher Supermarket,"68-18 Main Street, Flushing",40.7326732,-73.82539129999999,"$88,917 ",1041.9227230910765
Key Food Marketplace,"155-15 Aguilar Avenue, Flushing",40.7285856,-73.81293780000001,"$74,493 ",1390.128794848206
Ideal Food Basket,"148-40 Hillside Avenue, Jamaica",40.70623399999999,-73.80747660000002,"$74,493 ",1390.128794848206
Vitelio's Marketplace,"11615 Metropolitan Avenue, Jamaica",40.7074433,-73.8354877,"$88,917 ",1041.9227230910765
Foodtown of Rego Park,"97-36 63rd Road, Rego Park",40.7313889,-73.8594444,"$88,917 ",1041.9227230910765
Bravo Supermarkets,"109-08 Jamaica Avenue, Richmond Hill",40.6958337,-73.8383916,"$75,207 ",1318.4636614535418
Key Food Supermarkets,"116-34 Queens Boulevard, Forest Hills",40.7152028,-73.8329444,"$88,917 ",1041.9227230910765
Cipollina Gourmet Italian Market,"116-09 Queens Boulevard, Forest Hills",40.7161684,-73.8330756,"$88,917 ",1041.9227230910765
Foodtown of Forest Hills,"110-44 Queens Boulevard, Forest Hills",40.719216,-73.839685,"$88,917 ",1041.9227230910765
Key Food Supermarkets,"108-27 Queens Boulevard, Forest Hills",40.7213225,-73.8427793,"$88,917 ",1041.9227230910765
bp,"138-19 Hillside Avenue, Jamaica",40.70459099999999,-73.81603299999999,"$88,917 ",1041.9227230910765
FOOD BAZAAR,"58-01 Junction Boulevard, Elmhurst",40.735691,-73.86504649999999,"$63,453 ",1587.8380864765409
Key Food Supermarkets,"105-35 64th Road, Forest Hills",40.73241549999999,-73.85026719999999,"$88,917 ",1041.9227230910765
Key Food Supermarket,"148-35 Jamaica Avenue, Jamaica",40.70199760000001,-73.8057242,"$74,493 ",1390.128794848206
Shop Fair of Jamaica,"153-30 89th Avenue, Jamaica",40.7052503,-73.802764,"$74,493 ",1390.128794848206
Wasserman Supermarket,"72-51 Main Street, Flushing",40.72511,-73.82070399999999,"$88,917 ",1041.9227230910765
Ferreira Foodtown of Parsons Blvd. - Supermarket,"84-05 Parsons Boulevard, Jamaica",40.71403599999999,-73.806995,"$74,493 ",1390.128794848206
Great Wall Supermarket,"59-16 99th Street, Corona",40.7366832,-73.8593831,"$88,917 ",1041.9227230910765
Ideal Food Basket,"8930 Sutphin Boulevard, Jamaica",40.7029676,-73.8087302,"$74,493 ",1390.128794848206
FOOD BAZAAR,"97-27 57th Avenue, Corona",40.7378299,-73.8627224,"$88,917 ",1041.9227230910765
Ideal Food Basket,"108-02 Otis Avenue, Corona",40.7411305,-73.8536086,"$88,917 ",1041.9227230910765
Vitelio's Marketplace,"7176 Yellowstone Boulevard, Forest Hills",40.72091380000001,-73.85561560000001,"$88,917 ",1041.9227230910765
Trade Fair Supermarket,"130-10 Metropolitan Avenue, Richmond Hill",40.70324129999999,-73.82163249999999,"$75,207 ",1318.4636614535418
Queens Health Emporium,"15901 Horace Harding Expressway, Fresh Meadows",40.738984,-73.80910709999999,"$74,493 ",1390.128794848206
Fine Fare Supermarkets,108-30 Merrick Boulevard,40.6972309,-73.7858815,"$68,682 ",2078.371665133395
Ideal Food Basket,"175-35 Hillside Avenue, Jamaica",40.7120738,-73.7868672,"$74,493 ",1390.128794848206
Bismillah Supermarket,"181-06 Hillside Avenue, Jamaica",40.7129744,-73.78140309999999,"$74,493 ",1390.128794848206
Chang Xin Foods Market,"16721 Union Turnpike, Flushing",40.7230327,-73.8004139,"$74,493 ",1390.128794848206
Associated Fresh Marketplace,"70-63 Parsons Boulevard, Flushing",40.73066850000001,-73.8103271,"$74,493 ",1390.128794848206
Fresh Meadows Natural,"6974 188th Street, Fresh Meadows",40.7332992,-73.78373119999999,"$74,493 ",1390.128794848206
bp,"20533 Hollis Avenue, Jamaica",40.70747900000001,-73.75165299999999,"$97,288 ",1734.9862005519778
IOG Supermarket,"19525 69th Avenue, Fresh Meadows",40.7375371,-73.7778806,"$74,493 ",1390.128794848206
bp,"212-01 Hillside Avenue, Jamaica",40.725003,-73.7540987,"$97,288 ",1734.9862005519778
Key Food Supermarkets,"87-25 Lefferts Boulevard, Richmond Hill",40.6991081,-73.8302307,"$75,207 ",1318.4636614535418
Key Food Supermarket,"171-11 Linden Boulevard, Jamaica",40.6919609,-73.778628,"$68,682 ",2078.371665133395
bp,"117 Springfield Boulevard, Cambria Heights",40.69593029999999,-73.7434588,"$97,288 ",1734.9862005519778
Foodtown of Hollis,"202-15 Hillside Avenue, Hollis",40.7206862,-73.76164159999999,"$97,288 ",1734.9862005519778
bp,"119-01 Atlantic Avenue, Richmond Hill",40.69438299999999,-73.82796600000002,"$75,207 ",1318.4636614535418
CTown Supermarkets,"110-14 Farmers Boulevard, St. Albans",40.7027945,-73.7669841,"$68,682 ",2078.371665133395
Premium Supermarket - Jamaica,"168-07 Hillside Avenue, Jamaica",40.7103,-73.7945333,"$74,493 ",1390.128794848206
CTown Supermarkets,"81-29 Lefferts Boulevard, Kew Gardens",40.7086042,-73.8302983,"$88,917 ",1041.9227230910765
CTown Supermarkets,"169-15 Hillside Avenue, Jamaica",40.711163,-73.7926114,"$74,493 ",1390.128794848206
Key Food Supermarkets,"183-14 Hillside Avenue, Jamaica",40.713833,-73.77821089999999,"$74,493 ",1390.128794848206
Key Food Supermarkets,"79-15 Main Street, Flushing",40.7184986,-73.8167823,"$88,917 ",1041.9227230910765
Key Food Supermarkets,"220-46 Hillside Avenue, Queens Village",40.7309718,-73.7421659,"$97,288 ",1734.9862005519778
Key Food,"213-22 Jamaica Avenue, Queens Village",40.7160793,-73.7437896,"$97,288 ",1734.9862005519778
Foodtown of Bellerose,"250-04 Jericho Turnpike, Bellerose",40.7262596,-73.7156011,"$97,288 ",1734.9862005519778
Patel Brothers,"251-08 Hillside Avenue, Queens",40.7355077,-73.7162418,"$97,288 ",1734.9862005519778
FARMBRIA by FOOD BAZAAR,"217-20 Linden Boulevard, Cambria Heights",40.6954177,-73.74198109999999,"$97,288 ",1734.9862005519778
CTown Supermarkets,"167 Tulip Avenue, Floral Park",40.72422549999999,-73.7025939,"$97,288 ",1734.9862005519778
CTown Supermarkets,"29 Village Avenue, Elmont",40.6956125,-73.7151186,"$97,288 ",1734.9862005519778
Food Universe Marketplace,"222-51 Jamaica Avenue, Queens Village",40.72166219999999,-73.7313842,"$97,288 ",1734.9862005519778
Key Food Supermarkets,"214-14 73rd Avenue, Oakland Gardens",40.74024399999999,-73.7595992,"$74,493 ",1390.128794848206
CTown Supermarkets,"195-09 Jamaica Avenue, Jamaica",40.7134638,-73.76567279999999,"$97,288 ",1734.9862005519778
Compare Foods of Hollis,"206-16 Hollis Avenue, Queens Village",40.707223,-73.75049729999999,"$97,288 ",1734.9862005519778
Fine Fare Supermarkets,"199-11 Hollis Avenue, St. Albans",40.7063889,-73.75805559999999,"$68,682 ",2078.371665133395
John's Farm Market,"112-55 Farmers Boulevard, St. Albans",40.6995633,-73.76298059999999,"$68,682 ",2078.371665133395
CTown Fresh Supermarket,"218-51 Hempstead Avenue, Queens Village",40.71363059999999,-73.73636619999999,"$97,288 ",1734.9862005519778
Jamaica Food Corporation,"19034 Jamaica Avenue, Hollis",40.7123463,-73.768625,"$68,682 ",2078.371665133395
Food Farm,"89-61 Francis Lewis Boulevard, Jamaica",40.71846600000001,-73.757103,"$97,288 ",1734.9862005519778
bp,"196-29 Hillside Avenue, Hollis",40.7182424,-73.7660697,"$74,493 ",1390.128794848206
Khaamar Baari,"183-17 Hillside Avenue, Jamaica",40.714192,-73.778249,"$74,493 ",1390.128794848206
Parasram's WI Market,"17707 Jamaica Avenue, Jamaica",40.7081037,-73.7835216,"$74,493 ",1390.128794848206
Walker Supermarket,"17707 Jamaica Avenue, Jamaica",40.7081919,-73.7835769,"$74,493 ",1390.128794848206
Al - Fattah Food Bazar,"18002 Hillside Avenue, Jamaica",40.7129075,-73.7821919,"$74,493 ",1390.128794848206
John's Farm Market,"216-20 Hillside Avenue, Queens Village",40.7277415,-73.7475702,"$97,288 ",1734.9862005519778
Ferreira Foodtown of Jamaica,"173-09 Jamaica Avenue, Jamaica",40.708136,-73.786616,"$74,493 ",1390.128794848206
CTown Supermarkets,"108-54 Guy R Brewer Boulevard, Jamaica",40.6950899,-73.7905292,"$68,682 ",2078.371665133395
ALDI,"92-29 168th Street, Jamaica",40.7050851,-73.7915333,"$74,493 ",1390.128794848206
bp,"740 Hempstead Turnpike, Franklin Square",40.7070019,-73.66728789999999,"$97,288 ",1734.9862005519778
Charles Scaturro & Sons,"25801 Hillside Avenue, Queens",40.7373296,-73.7101315,"$97,288 ",1734.9862005519778
Cherry Valley Marketplace - Hempstead,"496 Hempstead Turnpike, West Hempstead",40.7065724,-73.6575525,"$97,288 ",1734.9862005519778
bp,"653 Hempstead Turnpike, Elmont",40.7070517,-73.7025644,"$97,288 ",1734.9862005519778
Target Grocery,"1730 Hempstead Turnpike, Elmont",40.7088687,-73.7039273,"$97,288 ",1734.9862005519778
"The Ray-Block Stationery Co., Inc.","3 Plainfield Avenue, Floral Park",40.7290599,-73.6997432,"$97,288 ",1734.9862005519778
bp,"1019 Tulip Avenue, Franklin Square",40.7130281,-73.6773395,"$97,288 ",1734.9862005519778
"Holiday Farms Supermarket, Franklin Square","206 New Hyde Park Road, Franklin Square",40.7131949,-73.6760389,"$97,288 ",1734.9862005519778
bp,"1301 Jericho Turnpike, New Hyde Park",40.7332822,-73.6831389,"$97,288 ",1734.9862005519778
bp,"200 Hillside Avenue, New Hyde Park",40.7399002,-73.6987106,"$97,288 ",1734.9862005519778
Apna Bazar Cash & Carry,260-04 Hillside Avenue,40.7370751,-73.70802510000001,"$97,288 ",1734.9862005519778
Premium Supermarket - Glen Oaks,"25611 Hillside Avenue, Queens",40.73692140000001,-73.7113147,"$97,288 ",1734.9862005519778
bp,"241-15 Hillside Avenue, Jamaica",40.733955,-73.7248939,"$97,288 ",1734.9862005519778
bp,"144 Hempstead Turnpike, West Hempstead",40.7053334,-73.6439358,"$97,288 ",1734.9862005519778
Kings Food Markets,"870 Franklin Avenue, Garden City",40.7277719,-73.63532169999999,"$97,288 ",1734.9862005519778
bp,"138 Peninsula Boulevard, Hempstead",40.7064186,-73.6189983,"$97,288 ",1734.9862005519778
Bravo Supermarkets,"401 Fulton Avenue, Hempstead",40.7097749,-73.6188359,"$97,288 ",1734.9862005519778
bp,"415 South Franklin Street, Hempstead",40.6928675,-73.6221125,"$97,288 ",1734.9862005519778
bp,"375 Clinton Street, Hempstead",40.71731219999999,-73.6209609,"$97,288 ",1734.9862005519778
bp,"2298 Jericho Turnpike, New Hyde Park",40.7410958,-73.6624246,"$97,288 ",1734.9862005519778
Him alone African Caribbean Market,"494 Uniondale Avenue, Uniondale",40.70328699999999,-73.593144,"$97,288 ",1734.9862005519778
Key Food Super fresh,"386 Fulton Avenue, Hempstead",40.7090907,-73.6199998,"$97,288 ",1734.9862005519778
Key Food Marketplace,"153-157 7th Street, Garden City",40.72517819999999,-73.63529319999999,"$97,288 ",1734.9862005519778
Food Bazaar Hempstead,"132 Fulton Avenue, Hempstead",40.704761,-73.6313608,"$97,288 ",1734.9862005519778
Productos Centroamericanos Isabel,"75 South Franklin Street, Hempstead",40.7031508,-73.6255971,"$97,288 ",1734.9862005519778
ALDI,"280 Peninsula Boulevard, Hempstead",40.70562169999999,-73.62410129999999,"$97,288 ",1734.9862005519778
CTown Supermarkets,"445 South Franklin Street, Hempstead",40.6919444,-73.6225,"$97,288 ",1734.9862005519778
Mini market bendicion,"155 Baldwin Road #6818, Hempstead",40.6968288,-73.61543209999999,"$97,288 ",1734.9862005519778
Sansone Food Products Co,"2133 Jericho Turnpike, New Hyde Park",40.7383982,-73.6690074,"$97,288 ",1734.9862005519778
Foodtown of Hempstead,"301 Jerusalem Avenue, Hempstead",40.70266710000001,-73.6063983,"$97,288 ",1734.9862005519778
Chery Industrial,"61 Commercial Avenue, Garden City",40.7284093,-73.6153447,"$97,288 ",1734.9862005519778
"Pick Quick Foods, Inc.","445 Westbury Boulevard, Hempstead",40.722727,-73.6072593,"$97,288 ",1734.9862005519778
Sansone Market,"2147 Jericho Turnpike, Garden City Park",40.7389061,-73.6681071,"$97,288 ",1734.9862005519778
King Kullen,"2305 Jericho Turnpike, Garden City Park",40.74303099999999,-73.66358919999999,"$97,288 ",1734.9862005519778
CTown Supermarkets,"565 Uniondale Avenue, Uniondale",40.70111749999999,-73.5927923,"$97,288 ",1734.9862005519778
Shop Rite,Uniondale,40.700611,-73.5931669,"$97,288 ",1734.9862005519778
Lidl,"2407-2475 Jericho Turnpike, New Hyde Park",40.74342,-73.6583,"$97,288 ",1734.9862005519778
Trader Joe's,"910 Old Country Road, Garden City",40.7443902,-73.6039002,"$97,288 ",1734.9862005519778
bp,"2425 Jerusalem Avenue, Bellmore",40.691441,-73.543032,"$97,288 ",1734.9862005519778
Stew Leonard's,"1897 Front Street, East Meadow",40.7214708,-73.5643395,"$97,288 ",1734.9862005519778
productos centro americanos lo Rosales corp,"686 Jerusalén ave, Uniondale",40.6986876,-73.58990109999999,"$97,288 ",1734.9862005519778
Ms B's Market,"878 Jerusalem Avenue, Uniondale",40.69756539999999,-73.58617819999999,"$97,288 ",1734.9862005519778
bp,"880 Jerusalem Avenue, Uniondale",40.6971815,-73.58575429999999,"$97,288 ",1734.9862005519778
Lidl,"1980 Hempstead Turnpike, East Meadow",40.7233693,-73.56250849999999,"$97,288 ",1734.9862005519778
FOOD BAZAAR,"1258 Corporate Drive, Westbury",40.739757,-73.5899877,"$97,288 ",1734.9862005519778
Target Grocery,"999 Corporate Drive, Westbury",40.741667,-73.60081819999999,"$97,288 ",1734.9862005519778
Whole Foods Market,"867 East Gate Boulevard, Garden City",40.7423829,-73.6085923,"$97,288 ",1734.9862005519778
ShopRite of Kearny Square,"100 Passaic Avenue, Kearny",40.7568511,-74.16056820000001,"$72,727 ",1900.704347826087
F&D Supermarket,"71 7th Avenue, Newark",40.75120630000001,-74.17432509999999,"$72,727 ",1900.704347826087
Bravo Supermarkets,"260 Roseville Avenue, Newark",40.75968599999999,-74.18964299999999,"$72,727 ",1900.704347826087
Universal Food Market,"16-26 North Day Street, City of Orange",40.7727662,-74.2289658,"$72,727 ",1900.704347826087
bp,"66 Bloomfield Avenue, Newark",40.7555141,-74.1730417,"$72,727 ",1900.704347826087
bp,"471 Doctor Martin Luther King Junior Boulevard, East Orange",40.7651925,-74.2164576,"$72,727 ",1900.704347826087
SuperFresh Food World,"115 Belmont Avenue, Belleville",40.7788811,-74.18422699999999,"$72,727 ",1900.704347826087
Food Depot,"23 Kearny Avenue, Kearny",40.7534996,-74.1570364,"$72,727 ",1900.704347826087
ALDI,"244 Bloomfield Avenue, Bloomfield",40.782452,-74.1927942,"$72,727 ",1900.704347826087
Seabra Foods Kearny,"180 Schuyler Avenue, Kearny",40.7549961,-74.1446035,"$72,727 ",1900.704347826087
Aldo Food Market,"15 North Harrison Street, East Orange",40.7679437,-74.21934209999999,"$72,727 ",1900.704347826087
Stop One Grocery Store,"445 Central Avenue, East Orange",40.7576864,-74.219349,"$72,727 ",1900.704347826087
Extra Supermarket,"563 Central Avenue, East Orange",40.76028059999999,-74.2236404,"$72,727 ",1900.704347826087
Bravo Supermarket,"321 Scotland Road, City of Orange",40.7676818,-74.2425335,"$72,727 ",1900.704347826087
Pioneer Supermarket,"71 Mount Vernon Place, Newark",40.73650299999999,-74.2405539,"$72,727 ",1900.704347826087
Tropical Sun,"390 Main Street, East Orange",40.7626149,-74.2126258,"$72,727 ",1900.704347826087
Food Depot,"75 1st Street B, Newark",40.7479089,-74.1871073,"$72,727 ",1900.704347826087
Lee's Market & Kitchen,"545 Valley Road, West Orange",40.7696032,-74.2460134,"$72,727 ",1900.704347826087
Extra Supermarket,"719 Irvington Avenue, Maplewood",40.7319113,-74.24423159999999,"$72,727 ",1900.704347826087
Ashley Supermarke,"195 1st Street A, Newark",40.7524003,-74.1843837,"$72,727 ",1900.704347826087
1 Stop Supermarket,"50 Main Street, City of Orange",40.76839,-74.2219784,"$72,727 ",1900.704347826087
Ultimate Supermarket,"202 Brookdale Avenue, Newark",40.7432398,-74.2283011,"$72,727 ",1900.704347826087
Food Fair Fresh Market,"323 Mount Prospect Avenue, Newark",40.7626862,-74.17167719999999,"$72,727 ",1900.704347826087
JM grocery store & Deli,"95 South 13th Street, Newark",40.7519384,-74.19809,"$72,727 ",1900.704347826087
8 Brothers Supermarket,"525 Central Avenue, Newark",40.7489222,-74.1956017,"$72,727 ",1900.704347826087
Rodriguez Supermarket,"39 North 5th Street, Newark",40.74911669999999,-74.19137549999999,"$72,727 ",1900.704347826087
San Miguel Supermarket Inc,"180 12th Avenue, Newark",40.74393689999999,-74.1960345,"$72,727 ",1900.704347826087
Kas Supermarket,"4th Street, Newark",40.7472316,-74.1916816,"$72,727 ",1900.704347826087
24 Supermarket,"444 Central Avenue, Newark",40.7473044,-74.1914719,"$72,727 ",1900.704347826087
El Rincon Super Market,"494 Orange Street, Newark",40.7533683,-74.1912875,"$72,727 ",1900.704347826087
Afor African Market - Newark NJ,"350 West Market Street, Newark",40.7458663,-74.1911049,"$72,727 ",1900.704347826087
B&P Grocery,"2 North 19th Street, East Orange",40.7584089,-74.2004846,"$72,727 ",1900.704347826087
New City Supermarket,"384 South Orange Avenue, Newark",40.74042070000001,-74.20188499999999,"$72,727 ",1900.704347826087
Stop One Grocery Supermarket,"361 South Orange Avenue, Newark",40.7403076,-74.20037959999999,"$72,727 ",1900.704347826087
Azcona Supermarket,"59 North 9th Street, Newark",40.7577243,-74.19149639999999,"$72,727 ",1900.704347826087
Estrella Super Market,"299 South Orange Avenue, Newark",40.7395505,-74.19688959999999,"$72,727 ",1900.704347826087
Adelin Grocery Supermarket,"47 Maybaum Avenue, Newark",40.74687610000001,-74.2144342,"$72,727 ",1900.704347826087
City Deli Supermarket,"234 6th Avenue West, Newark",40.7563931,-74.1874083,"$72,727 ",1900.704347826087
Skyline Market,"195 1st Street A, Newark",40.7524542,-74.1844397,"$72,727 ",1900.704347826087
Torres Supermarket Llc.,"168 North Grove Street, East Orange",40.7621689,-74.20309879999999,"$72,727 ",1900.704347826087
Super Foodtown of North Arlington,"1 Schuyler Avenue, North Arlington",40.7783964,-74.13087329999999,"$84,978 ",3965.46255506608
Brothers Supermarket & Liquor,"311 Harrison Avenue, Harrison",40.7461478,-74.157591,"$72,727 ",1900.704347826087
La Economic Mini Market,"213 Frank E Rodgers Boulevard North, Harrison",40.7485045,-74.156575,"$72,727 ",1900.704347826087
Harrison Supermarket,"414 Frank E Rodgers Boulevard North, Harrison",40.7498159,-74.1572231,"$72,727 ",1900.704347826087
Anthony Supermarket,"288 Kearny Avenue, Kearny",40.7609,-74.15030000000002,"$72,727 ",1900.704347826087
Target Grocery,"200 Passaic Avenue, Kearny",40.76012329999999,-74.158718,"$72,727 ",1900.704347826087
Farmers Market Passaic Ave,"232 Passaic Avenue, Kearny",40.7614084,-74.1576611,"$72,727 ",1900.704347826087
Victoria's Super Market,"108 Broad Street, Newark",40.7587895,-74.1680956,"$72,727 ",1900.704347826087
torres minimarket,"51 Oriental Street, Newark",40.7603544,-74.16706909999999,"$72,727 ",1900.704347826087
La Plaza Supermarket,"78 Doctor Martin Luther King Junior Boulevard, Newark",40.7522338,-74.1724608,"$72,727 ",1900.704347826087
La Esperanza Supermarket,"82 Bloomfield Avenue, Newark",40.75618589999999,-74.1735106,"$72,727 ",1900.704347826087
Mt Prospect Grocery,"321 Mount Prospect Avenue, Newark",40.76236979999999,-74.1720654,"$72,727 ",1900.704347826087
J M Supermarket,"146 Bloomfield Avenue, Newark",40.7582786,-74.1753482,"$72,727 ",1900.704347826087
Royal Supermarket,"576 Broadway, Newark",40.77011829999999,-74.16300679999999,"$72,727 ",1900.704347826087
Alexandra Food Center,"441 Mount Prospect Avenue, Newark",40.7669457,-74.1695317,"$72,727 ",1900.704347826087
Twin City Supermarket - Newark NJ,"611 Broadway, Newark",40.7711434,-74.16170699999999,"$72,727 ",1900.704347826087
Ameuri Supermarket,"173 Sussex Avenue, Newark",40.7477756,-74.182689,"$72,727 ",1900.704347826087
Meat Supermarket,"173 Sussex Avenue, Newark",40.747725,-74.1827294,"$72,727 ",1900.704347826087
Summer ML Deli&Market,"674 Summer Avenue, Newark",40.7750472,-74.1636082,"$72,727 ",1900.704347826087
Caballo Blanco Supermarket,"660 Mount Prospect Avenue Suite A, Newark",40.77467679999999,-74.1666001,"$72,727 ",1900.704347826087
El Caribe Supermarket,"686-696 Mount Prospect Avenue, Newark",40.7758498,-74.16584879999999,"$72,727 ",1900.704347826087
Park Ave Super Deli & Grocery,"256 Park Avenue, Newark",40.7587381,-74.18635809999999,"$72,727 ",1900.704347826087
FOOD BAZAAR,"1425 John F. Kennedy Boulevard, North Bergen",40.7645326,-74.0441495,"$84,978 ",3965.46255506608
D-Mart Supermarket,"3000 John F. Kennedy Boulevard, Jersey City",40.7354996,-74.0628847,"$57,565 ",2686.2555066079294
bp,"3530 John F. Kennedy Boulevard, Jersey City",40.7524059,-74.05218649999999,"$84,978 ",3965.46255506608
Jaritza Supermarket,"1085 Summit Avenue A, Jersey City",40.7518488,-74.0485177,"$84,978 ",3965.46255506608
Newark Super Market,"515 Newark Avenue, Jersey City",40.7300747,-74.0555822,"$57,565 ",2686.2555066079294
Gabriel’s Market,"508 Central Avenue, Jersey City",40.751899,-74.0450978,"$84,978 ",3965.46255506608
Fine Fare Supermarkets,"601 4th Street, Union City",40.7551067,-74.0424081,"$84,978 ",3965.46255506608
Xtra Super Farm inc,"783 Kearny Avenue, Kearny",40.7790109,-74.14116299999999,"$84,978 ",3965.46255506608
Whole Foods Market,"250 7th Avenue, New York",40.7449592,-73.99529129999999,"$84,978 ",3965.46255506608
The Food Emporium,"452 West 43rd Street, New York",40.7598426,-73.994374,"$117,596 ",6288.325991189427
Kings Food Markets,"1212 Shipyard Ln, Hoboken",40.7517868,-74.0251464,"$84,978 ",3965.46255506608
Brooklyn Fare,"431 West 37th Street, New York",40.75612259999999,-73.9964617,"$117,596 ",6288.325991189427
Boxed Market (Formerly MaxDelivery),"318 West 39th Street, New York",40.75562479999999,-73.9924147,"$117,596 ",6288.325991189427
ShopRite of Hoboken,"900 Madison Street, Hoboken",40.7495489,-74.0364407,"$84,978 ",3965.46255506608
ACME Markets,"614 Clinton Street, Hoboken",40.74533999999999,-74.03388660000002,"$84,978 ",3965.46255506608
Tropical Supermarket,"1208 New York Avenue, Union City",40.759721,-74.03563799999999,"$84,978 ",3965.46255506608
Trader Joe's,"1350 Willow Avenue, Hoboken",40.7536747,-74.02994919999999,"$84,978 ",3965.46255506608
bp,"2501 Tonnelle Avenue, North Bergen",40.7726262,-74.0425242,"$84,978 ",3965.46255506608
ALDI,"2819 John F. Kennedy Boulevard, North Bergen",40.7734549,-74.0369027,"$84,978 ",3965.46255506608
City Fresh Market,"518 32nd Street, Union City",40.7727587,-74.02956809999999,"$84,978 ",3965.46255506608
ShopRite of Columbia Park,"3147 John F. Kennedy Boulevard, North Bergen",40.7766117,-74.0350644,"$84,978 ",3965.46255506608
Los Hermanos Supermarket,"2606 Bergenline Avenue, Union City",40.76904589999999,-74.0314149,"$84,978 ",3965.46255506608
Hudson Market,"303 10th Avenue, New York",40.7507129,-74.00228919999999,"$84,978 ",3965.46255506608
Gristedes,"225 9TH AVE, West 24th Street, New York",40.7470808,-74.0011597,"$84,978 ",3965.46255506608
Ideal Marketplace,"317 9th Avenue, New York",40.7500302,-73.99897399999999,"$84,978 ",3965.46255506608
La Placita Supermarket,"152 48th Street, Union City",40.7800093,-74.01767269999999,"$113,828 ",9210.748898678414
Sunac Natural Market | Midtown west Deli | Supermarket,"600 West 42nd Street, New York",40.7607137,-73.9987215,"$117,596 ",6288.325991189427
Super Supermarket,"5208 Palisade Avenue, West New York",40.7833817,-74.01749029999999,"$113,828 ",9210.748898678414
Dainobu,"498 6th Avenue, New York",40.7363306,-73.9973528,"$84,978 ",3965.46255506608
Gristedes,"3 Sheridan Square, New York",40.7330766,-74.0024442,"$84,978 ",3965.46255506608
Fiesta Supermarket,"5500 Bergenline Avenue, West New York",40.785531,-74.01851400000001,"$113,828 ",9210.748898678414
Fairway Market of Chelsea,"766 6th Avenue, New York",40.7445028,-73.99142499999999,"$84,978 ",3965.46255506608
Gristedes,"225 8th Avenue, New York",40.74445300000001,-73.99954199999999,"$84,978 ",3965.46255506608
La Roca Supermarket,"4416 Bergenline Avenue, Union City",40.779069,-74.02363299999999,"$113,828 ",9210.748898678414
bp,"1400 Park Avenue, Hoboken",40.753987,-74.02898499999999,"$84,978 ",3965.46255506608
Bergenline Marketplace,"1911-13 Bergenline Avenue, Union City",40.7645943,-74.0346789,"$84,978 ",3965.46255506608
Fine Fare Supermarkets,"426 33rd Street, Union City",40.7726674,-74.0283316,"$84,978 ",3965.46255506608
Whole Foods Market,"10 Columbus Circle Ste Sc101, New York",40.7685526,-73.9831866,"$113,828 ",9210.748898678414
Trader Joe's,"2073 Broadway, New York",40.77856389999999,-73.98231419999999,"$113,828 ",9210.748898678414
The Food Emporium & Amish Kitchen,"810 8th Avenue, New York",40.7617385,-73.98619040000001,"$117,596 ",6288.325991189427
Whole Foods Market,"226 East 57th Street, New York",40.7595913,-73.9663198,"$117,596 ",6288.325991189427
Fairway Market of 74th Street,"2131 Broadway, New York",40.78076530000001,-73.9816666,"$113,828 ",9210.748898678414
Westerly Natural Market,"911 8th Avenue, New York",40.7650276,-73.98444049999999,"$117,596 ",6288.325991189427
Sunrise Mart 日系スーパー,"12 East 41st Street, New York",40.752353,-73.9807056,"$117,596 ",6288.325991189427
Morton Williams Supermarkets,"908 2nd Avenue, New York",40.7537722,-73.9690028,"$117,596 ",6288.325991189427
MORTON WILLIAMS SUPERMARKETS,"140 West 57th Street, New York",40.7647437,-73.97891659999999,"$117,596 ",6288.325991189427
Dainobu,"129 East 47th Street, New York",40.754571,-73.973164,"$117,596 ",6288.325991189427
Foodcellar Market,"4-85 47th Road, Long Island City",40.7455501,-73.9563318,"$117,596 ",6288.325991189427
Amish Market,"731 9th Avenue, New York",40.7633251,-73.9894255,"$117,596 ",6288.325991189427
Grace's Marketplace,"1299 2nd Avenue, New York",40.7663579,-73.960295,"$130,527 ",9688.105726872249
Pioneer Supermarket,"289 Columbus Avenue, New York",40.7784503,-73.97783,"$113,828 ",9210.748898678414
Dainobu,"36 West 56th Street, New York",40.7629326,-73.9763289,"$117,596 ",6288.325991189427
Ernest Klein & Co's Gourmet Food,"1366 6th Avenue, New York",40.76320349999999,-73.97774369999999,"$117,596 ",6288.325991189427
D'Agostino Supermarkets Inc,"528 3rd Avenue, New York",40.7466233,-73.9777376,"$117,596 ",6288.325991189427
FOOD BAZAAR,"57-01 Broadway, West New York",40.7852082,-74.0130278,"$113,828 ",9210.748898678414
D'Agostino at 53rd Street,"966 1st Avenue, New York",40.7558262,-73.9643589,"$117,596 ",6288.325991189427
Gristedes,"907 8th Avenue, New York",40.7647713,-73.9845185,"$117,596 ",6288.325991189427
D'Agostino at 80th & York,"1507 York Avenue, New York",40.7720175,-73.9502899,"$130,527 ",9688.105726872249
Gristedes,"25 Waterside Plaza, New York",40.7375525,-73.9737789,"$117,596 ",6288.325991189427
D'agostino Supermarkets Inc,"341 3rd Avenue, New York",40.74025909999999,-73.9818792,"$117,596 ",6288.325991189427
H Mart,"38 West 32nd Street 2nd floor, New York",40.74778149999999,-73.9874038,"$117,596 ",6288.325991189427
jacks. - W 40th St,"223 West 40th Street, New York",40.7553548,-73.98904019999999,"$117,596 ",6288.325991189427
Fairway Market of 86th Street,"240 East 86th Street, New York",40.7780058,-73.9527497,"$130,527 ",9688.105726872249
Key Food Supermarket,"42-15 30th Avenue, Astoria",40.7629444,-73.9126028,"$73,539 ",1758.095676172953
bp,"36-42 21st Street, Long Island City",40.759004,-73.9379888,"$73,539 ",1758.095676172953
Rio Market Inc,"32-15 36th Avenue, Astoria",40.75606729999999,-73.928225,"$73,539 ",1758.095676172953
Titan Foods,"2556 31st Street, Astoria",40.769288,-73.91928039999999,"$73,539 ",1758.095676172953
Patel Brothers,"37-27 74th Street, Jackson Heights",40.74807699999999,-73.89153999999999,"$65,860 ",1578.4360625574975
Trade Fair Supermarket,"22-20 36th Avenue, Long Island City",40.7590992,-73.93558139999999,"$73,539 ",1758.095676172953
Cherry Valley Marketplace,"1968 2nd Avenue, New York",40.7874647,-73.9443082,"$41,341 ",5308.854625550661
City Fresh Market,"2115 Broadway, Astoria",40.76546,-73.930357,"$73,539 ",1758.095676172953
Gristedes,"1644 York Avenue, New York",40.7762619,-73.94649849999999,"$130,527 ",9688.105726872249
Trade Fair,"30-08 30th Avenue, Astoria",40.7668959,-73.9220436,"$73,539 ",1758.095676172953
Euro Market,"30-42 31st Street, Astoria",40.76593099999999,-73.922534,"$73,539 ",1758.095676172953
Apna Bazaar Cash & Carry,"7220 37th Road, Jackson Heights",40.7486346,-73.8930779,"$65,860 ",1578.4360625574975
Carniceria La Risaralda,"91-04 37th Avenue, Jackson Heights",40.7505026,-73.8757961,"$65,860 ",1578.4360625574975
Bravo Supermarkets,"90-30 Roosevelt Avenue, Jackson Heights",40.7483173,-73.875551,"$63,453 ",1587.8380864765409
CTown Supermarkets,"85-08 37th Avenue, Jackson Heights",40.7499232,-73.8811569,"$65,860 ",1578.4360625574975
Mina Bazaar Supermarket,"7110 35th Avenue, Jackson Heights",40.75059630000001,-73.8944916,"$65,860 ",1578.4360625574975
Nadine Food Corporation,"99-10 Astoria Boulevard, Flushing",40.7617846,-73.8702094,"$65,860 ",1578.4360625574975
Food Dynasty Supermarkets,"6209 Roosevelt Avenue, Woodside",40.74589270000001,-73.90178949999999,"$80,708 ",1041.398344066237
Bravo Supermarkets,"39-07 65th Place, Woodside",40.74574179999999,-73.8988663,"$65,860 ",1578.4360625574975
Food Dynasty,"75-07 37th Avenue, Jackson Heights",40.7493188,-73.89048319999999,"$65,860 ",1578.4360625574975
Key Food Supermarkets,"86-02 Northern Boulevard, Jackson Heights",40.7558564,-73.8812971,"$65,860 ",1578.4360625574975
Green Tara Supermarket,"45-62 48th Street, Woodside",40.7411689,-73.91737959999999,"$80,708 ",1041.398344066237
FOOD BAZAAR,"42-02 Northern Boulevard, Long Island City",40.75212489999999,-73.921528,"$80,708 ",1041.398344066237
Fine Fare Supermarkets,"4125 102nd Street, Flushing",40.7479296,-73.8631422,"$63,453 ",1587.8380864765409
Trade Fair,"89-02 37th Avenue, Jackson Heights",40.75029499999999,-73.87759,"$65,860 ",1578.4360625574975
Met Fresh & Organic,"3414 Steinway Street, Astoria",40.7563544,-73.921392,"$73,539 ",1758.095676172953
bp,"40-08 30th Avenue, Astoria",40.763531,-73.914562,"$73,539 ",1758.095676172953
FOOD BAZAAR,"34-20 Junction Boulevard, Jackson Heights",40.75415259999999,-73.8726421,"$65,860 ",1578.4360625574975
Trade Fair Supermarket,"79-14 21st Avenue, East Elmhurst",40.77054,-73.8903335,"$65,860 ",1578.4360625574975
Key Food Urban Marketplace,"32-21 Newtown Avenue, Astoria",40.76661299999999,-73.9198074,"$73,539 ",1758.095676172953
Key Food Supermarkets,"30-13 36th Avenue, Astoria",40.7567969,-73.9298985,"$73,539 ",1758.095676172953
bp,"30-02 Astoria Boulevard, Astoria",40.7701151,-73.91895699999999,"$73,539 ",1758.095676172953
CTown Supermarkets,"108-79 Roosevelt Avenue, Corona",40.75170449999999,-73.8562128,"$63,453 ",1587.8380864765409
Cherry Valley Marketplace,"94-53 Corona Avenue, Elmhurst",40.7424838,-73.8681798,"$63,453 ",1587.8380864765409
Pioneer Supermarkets,"10209 Northern Boulevard, Corona",40.7577298,-73.86616409999999,"$65,860 ",1578.4360625574975
Bravo Supermarkets,"24-18 34th Avenue, Long Island City",40.7611912,-73.9310974,"$73,539 ",1758.095676172953
bp,"49 01 Van Dam Street, Long Island City",40.739412,-73.93437329999999,"$80,708 ",1041.398344066237
City Fresh Market,"39-07 103rd Street, Corona",40.75046090000001,-73.8628713,"$63,453 ",1587.8380864765409
Sea Town Fish & Farmers Market,"103-25 Roosevelt Avenue, Corona",40.7501109,-73.8620528,"$63,453 ",1587.8380864765409
Ideal Food Basket,"99-30 Corona Avenue #65, Corona",40.7438254,-73.86221359999999,"$63,453 ",1587.8380864765409
bp,"107-10 Astoria Boulevard, East Elmhurst",40.7604098,-73.8620086,"$65,860 ",1578.4360625574975
CIBO Express Gourmet Market,"LaGuardia Airport, Terminal C, East Elmhurst",40.77086449999999,-73.8649734,"$65,860 ",1578.4360625574975
Phil-Am Food Mart,"4003 70th Street, Woodside",40.74628329999999,-73.895275,"$65,860 ",1578.4360625574975
Hanyang Mart,"150-51 Northern Boulevard, Flushing",40.765274,-73.81334690000001,"$60,896 ",2275.5657773689054
SkyFoods Supermarket,"40-24 College Point Boulevard, Flushing",40.757229,-73.8356575,"$60,896 ",2275.5657773689054
Jmart,"136-20 Roosevelt Avenue, Flushing",40.7590799,-73.8296876,"$60,896 ",2275.5657773689054
H Mart Union,"29-02 Union Street, Flushing",40.7720996,-73.8269108,"$60,896 ",2275.5657773689054
Subzi Bazaar,"42-92 Main Street, Flushing",40.752754,-73.82726,"$60,896 ",2275.5657773689054
bp,"26-27 College Point Boulevard, Flushing",40.773587,-73.845807,"$60,896 ",2275.5657773689054
bp,"4904 College Point Boulevard, Flushing",40.75208889999999,-73.83262119999999,"$60,896 ",2275.5657773689054
GW Supermarket,"41-79 Main Street, Flushing",40.75590589999999,-73.82817949999999,"$60,896 ",2275.5657773689054
City Fresh Market,"122-17 20th Avenue, College Point",40.7818337,-73.8452769,"$60,896 ",2275.5657773689054
Gold City Supermarket,"46-31 Kissena Boulevard, Flushing",40.7502386,-73.8179222,"$60,896 ",2275.5657773689054
Chung Fat Supermarket,"41-82 Main Street, Flushing",40.7555865,-73.8286305,"$60,896 ",2275.5657773689054
ShopRite of 20th Ave.,"133-11 20th Avenue, College Point",40.78322000000001,-73.83510609999999,"$60,896 ",2275.5657773689054
New Age Market,"160-06 Northern Boulevard, Flushing",40.7626212,-73.8054181,"$60,896 ",2275.5657773689054
H Mart Northern 156,"156-40 Northern Boulevard, Flushing",40.7631143,-73.8090713,"$60,896 ",2275.5657773689054
bp,"218-01 Northern Boulevard, Bayside",40.76143099999999,-73.76336409999999,"$86,731 ",1071.1223551057958
Key Food Supermarkets Whitestone,"153-55 Cross Island Parkway, Whitestone",40.7883333,-73.8097222,"$57,007 ",2852.890995260663
Key Food Marketplace,"35-09 Francis Lewis Boulevard, Flushing",40.7642489,-73.78721999999999,"$86,731 ",1071.1223551057958
bp,"204-12 Northern Boulevard, Bayside",40.7576633,-73.77853879999999,"$86,731 ",1071.1223551057958
bp,"2916 Francis Lewis Boulevard, Flushing",40.7697353,-73.7928944,"$86,731 ",1071.1223551057958
Foodtown of Bayside,"47-33 Bell Boulevard, Bayside",40.7559637,-73.7668642,"$86,731 ",1071.1223551057958
Great Wall Supermarket,"144-50 Northern Boulevard, Flushing",40.76469999999999,-73.8215944,"$60,896 ",2275.5657773689054
Greek Food Emporium,"1252 150th Street, Whitestone",40.7893707,-73.81416209999999,"$57,007 ",2852.890995260663
Bayside Milk Farm,"35-15 Bell Boulevard, Bayside",40.7685474,-73.7731793,"$86,731 ",1071.1223551057958
Good Fortune Supermarket,"42-76 Main Street #2c, Flushing",40.7530045,-73.8275228,"$60,896 ",2275.5657773689054
Zhong US Supermarket Inc,"5911 Main Street, Flushing",40.7433982,-73.8253886,"$60,896 ",2275.5657773689054
National Supermarket Association,"30-50 Whitestone Expressway suite 301, College Point",40.7703521,-73.83663360000001,"$60,896 ",2275.5657773689054
Hua Lian Supermarket,"25-03 Parsons Boulevard, Flushing",40.7763889,-73.8236111,"$60,896 ",2275.5657773689054
North Shore Farms Whitestone,"153-01 10th Avenue, Whitestone",40.7944448,-73.80787529999999,"$57,007 ",2852.890995260663
Marino's Supermarket,"16307 29th Avenue, Flushing",40.77125350000001,-73.80128069999999,"$60,896 ",2275.5657773689054
Carmel Grocery,"64-27 108th Street, Forest Hills",40.732294,-73.84887810000001,"$88,917 ",1041.9227230910765
Key Food Supermarkets,"164-5 69th Avenue, Flushing",40.7333248,-73.8044724,"$74,493 ",1390.128794848206
A To Z Glatt Kosher Supermarket,"18605 Union Turnpike, Flushing",40.7289174,-73.7827028,"$74,493 ",1390.128794848206
Marino’s Supermarket,"46-07 Hollis Court Boulevard, Flushing",40.753146,-73.7920184,"$74,493 ",1390.128794848206
Hua Lian Supermarket,"193-01 Northern Boulevard, Flushing",40.7581723,-73.7879579,"$86,731 ",1071.1223551057958
Lidl,"Horace Harding Expressway #187-04, Fresh Meadows",40.7401498,-73.7873604,"$74,493 ",1390.128794848206
韩国超市,"46-40 Francis Lewis Boulevard, Flushing",40.7537844,-73.78132649999999,"$86,731 ",1071.1223551057958
Happy Fruits,"44-39 Kissena Boulevard, Flushing",40.7531589,-73.8215958,"$60,896 ",2275.5657773689054
FOOD BAZAAR,"242-02 61st Avenue, Douglaston",40.7547747,-73.73987170000001,"$86,731 ",1071.1223551057958
North Shore Farms,"90 Horace Harding Boulevard, Great Neck",40.7688061,-73.7218518,"$86,731 ",1071.1223551057958
bp,"77-40 Hewlett Street, Queens",40.752771,-73.702399,"$97,288 ",1734.9862005519778
H Mart Great Neck,"495 Great Neck Road, Great Neck",40.7749067,-73.7328251,"$86,731 ",1071.1223551057958
Amoco,"31 Northern Boulevard, Great Neck",40.7734044,-73.7334872,"$86,731 ",1071.1223551057958
New Mart / Fresh Korean produce and groceries,"221-16 Horace Harding Expressway, Oakland Gardens",40.7491042,-73.7557652,"$86,731 ",1071.1223551057958
Holiday Farms Supermarket,"61-46 Springfield Boulevard, Oakland Gardens",40.74786330000001,-73.7562418,"$86,731 ",1071.1223551057958
ampm,"218-01 Northern Boulevard, Bayside",40.7614022,-73.7637232,"$86,731 ",1071.1223551057958
New Nature Farm Supermarket Corp 家缘超市,"249-26 Horace Harding Expressway, Little Neck",40.760663,-73.730851,"$86,731 ",1071.1223551057958
The Food Emporium,"196-35 Horace Harding Expressway, Fresh Meadows",40.7445238,-73.7774998,"$74,493 ",1390.128794848206
Walfood Supermarket,"39-20 Bell Boulevard, Bayside",40.7647042,-73.7718975,"$86,731 ",1071.1223551057958
Little Neck Supermarket 好邻居超市,"254-27 Horace Harding Expressway, Little Neck",40.7650421,-73.72591369999999,"$86,731 ",1071.1223551057958
bp,"252-02 Union Turnpike, Queens",40.7437084,-73.7178993,"$97,288 ",1734.9862005519778
Lidl,"259-01 Union Turnpike, Glen Oaks",40.746768,-73.7133243,"$97,288 ",1734.9862005519778
FRESH MEADOWS FOOD MART,"6974 188th Street, Fresh Meadows",40.7333138,-73.7836677,"$74,493 ",1390.128794848206
Nba Glatt Market,"185-02 Union Turnpike, Flushing",40.72823799999999,-73.783198,"$74,493 ",1390.128794848206
Shop Delight,"4 Welwyn Road #6, Great Neck",40.7872028,-73.72374289999999,"$86,731 ",1071.1223551057958
Shop Fresh Supermarket领鲜超市,"2046 Lakeville Road, New Hyde Park",40.7521023,-73.7006628,"$97,288 ",1734.9862005519778
Shalom's Kingdom - Supermarket & Catering,"8002 Surrey Place, Flushing",40.72638389999999,-73.7890178,"$74,493 ",1390.128794848206
The q kosher Supermarket,"176-19 Union Turnpike, Fresh Meadows",40.725714,-73.7926916,"$74,493 ",1390.128794848206
H Mart Williston Park,"400 Hillside Avenue, Williston Park",40.7543614,-73.656333,"$97,288 ",1734.9862005519778
Maharaja Super Market,"1620 Hillside Avenue, New Hyde Park",40.7488092,-73.6832101,"$97,288 ",1734.9862005519778
King Kullen,"1430 Northern Boulevard, Manhasset",40.79153819999999,-73.6951121,"$86,731 ",1071.1223551057958
Portuguese Mini Market,"215 Mineola Boulevard, Mineola",40.7455576,-73.6425217,"$97,288 ",1734.9862005519778
King Kullen Bakery Dept,"1430 Northern Boulevard, Manhasset",40.7915021,-73.6950993,"$86,731 ",1071.1223551057958
bp,"1 Plandome Road, Manhasset",40.7930223,-73.69806009999999,"$86,731 ",1071.1223551057958
bp,"944 Willis Avenue, Albertson",40.7696503,-73.648134,"$97,288 ",1734.9862005519778
Mineola Food Market,"269 Willis Avenue, Mineola",40.748622,-73.64107299999999,"$97,288 ",1734.9862005519778
North Shore Farms,"330 East Jericho Turnpike, Mineola",40.7557753,-73.6238395,"$97,288 ",1734.9862005519778
Western Beef Supermarket,"192 Glen Cove Road, Carle Place",40.7462407,-73.6188409,"$97,288 ",1734.9862005519778
The Food Emporium,"1050 Willis Avenue, Albertson",40.77183100000001,-73.6480547,"$97,288 ",1734.9862005519778
Stop & Shop,"95 Old Country Road, Carle Place",40.7445102,-73.619822,"$97,288 ",1734.9862005519778
bp,"345 Old Country Road, Carle Place",40.74489089999999,-73.6067175,"$97,288 ",1734.9862005519778
Holiday Farms Supermarket,"374 Roslyn Road, Roslyn Heights",40.7833422,-73.638482,"$97,288 ",1734.9862005519778
bp,"91 Jericho Turnpike, Mineola",40.7497661,-73.6385921,"$97,288 ",1734.9862005519778
Alex Mini Market,"90 Jericho Turnpike, Mineola",40.7501363,-73.6393883,"$97,288 ",1734.9862005519778
Super FL Mart,"52 Jericho Turnpike, Mineola",40.751723,-73.636746,"$97,288 ",1734.9862005519778
ALDI,"221 Glen Cove Road, Carle Place",40.7481344,-73.61586009999999,"$97,288 ",1734.9862005519778
International Food Market,"212 Mineola Avenue Unit 1, Roslyn Heights",40.78598969999999,-73.6485217,"$97,288 ",1734.9862005519778
P & E Market,"853 Prospect Avenue, Westbury",40.7623676,-73.5683371,"$97,288 ",1734.9862005519778
Ideal Food Basket of Westbury,"735 Prospect Avenue, Westbury",40.7619513,-73.572031,"$97,288 ",1734.9862005519778
Fine Fare Supermarkets,"595 Old Country Road #4511, Westbury",40.75103349999999,-73.57592989999999,"$97,288 ",1734.9862005519778
Bravo Supermarkets,"306 Post Avenue, Westbury",40.7599785,-73.5876222,"$97,288 ",1734.9862005519778
Cremosa Market,"230 Post Avenue, Westbury",40.7570576,-73.5877818,"$97,288 ",1734.9862005519778
LA Frontera Mini Market,"427 Maple Avenue, Westbury",40.7564724,-73.5838456,"$97,288 ",1734.9862005519778
Whole Foods Market,"701 Bloomfield Avenue, Montclair",40.8184587,-74.2229766,"$72,727 ",1900.704347826087
Whole Foods Market,"235 Prospect Avenue, West Orange",40.8043382,-74.24890289999999,"$72,727 ",1900.704347826087
ShopRite of Nutley,"437 Franklin Avenue, Nutley",40.8218608,-74.15803509999999,"$84,978 ",3965.46255506608
ShopRite of Brookdale,"1409 Broad Street, Bloomfield",40.837682,-74.18383399999999,"$84,978 ",3965.46255506608
ShopRite of Essex Green,"1 Rooney Circle, West Orange",40.79507690000001,-74.25562219999999,"$72,727 ",1900.704347826087
SuperFresh Bloomfield,"19 Belleville Avenue, Bloomfield",40.7976087,-74.1798683,"$72,727 ",1900.704347826087
Kings Food Markets,"650 Valley Road, Upper Montclair",40.8435405,-74.20813439999999,"$84,978 ",3965.46255506608
ACME Markets,"510 Valley Road, Montclair",40.83720589999999,-74.2077637,"$84,978 ",3965.46255506608
Kings Food Markets,"265 Pompton Avenue, Verona",40.8337298,-74.2253985,"$72,727 ",1900.704347826087
Super Foodtown of Bloomfield,"296 Glenwood Avenue, Bloomfield",40.7926472,-74.19887779999999,"$72,727 ",1900.704347826087
East West Foodmart,"67 Belleville Avenue, Bloomfield",40.7977417,-74.1818833,"$72,727 ",1900.704347826087
Amrah Mini Market Deli & Grill,"310 Orange Road, Montclair",40.7978357,-74.21926239999999,"$72,727 ",1900.704347826087
Los Muchachos Supermarket (Bachmans),"510 Prospect Street, East Orange",40.781089,-74.204863,"$72,727 ",1900.704347826087
EL AZTECA DELI & GROCERY,"337 Ampere Parkway, Bloomfield",40.777556,-74.1889582,"$72,727 ",1900.704347826087
Medina Supermarket,"451 Springdale Avenue, East Orange",40.7739552,-74.20862509999999,"$72,727 ",1900.704347826087
Super Supermarket,"810 North 6th Street, Newark",40.77717399999999,-74.1775156,"$72,727 ",1900.704347826087
L&D FAMILY MINI MARKET ll,"239 Main Street, West Orange",40.7858205,-74.2325085,"$72,727 ",1900.704347826087
A&S Fine Foods,"152 Franklin Avenue, Nutley",40.8133098,-74.163659,"$84,978 ",3965.46255506608
Best Tropical 2 Grocery,"284 Verona Avenue, Newark",40.7827014,-74.1661639,"$72,727 ",1900.704347826087
Orquidias croserie store,"690 North 6th Street, Newark",40.7731104,-74.1797886,"$72,727 ",1900.704347826087
Family Grocery,"480 Park Avenue, East Orange",40.7701682,-74.21182979999999,"$72,727 ",1900.704347826087
Pueblo Meat Super Market - Newark NJ,"880 Mount Prospect Avenue # 1, Newark",40.783446,-74.163141,"$72,727 ",1900.704347826087
Judy Supermarket,"293 Park Avenue, East Orange",40.7663237,-74.2050037,"$72,727 ",1900.704347826087
Orange mini mart,"42 North Center Street, City of Orange",40.7727887,-74.2275375,"$72,727 ",1900.704347826087
Global Mini Market,"799 Mount Prospect Avenue, Newark",40.7796756,-74.163294,"$72,727 ",1900.704347826087
bp,"83 Main Street, West Orange",40.7794288,-74.2380003,"$72,727 ",1900.704347826087
Popular Super Deli,"468 4th Avenue, Newark",40.76296079999999,-74.1913837,"$72,727 ",1900.704347826087
Food Depot,"325 Washington Avenue, Belleville",40.7919405,-74.151292,"$84,978 ",3965.46255506608
Super Supermarket,"53 South Jefferson Street, City of Orange",40.7747827,-74.2383378,"$72,727 ",1900.704347826087
Wanda Supermarket,"59 Park Avenue, East Orange",40.76203819999999,-74.1960675,"$72,727 ",1900.704347826087
Lee's International Food Mart,"407 Main Street, East Orange",40.763132,-74.2137754,"$72,727 ",1900.704347826087
DMV SUPERMARKET,"150 Taylor Street, City of Orange",40.7660281,-74.2286009,"$72,727 ",1900.704347826087
Mainland Market,"325 Henry Street, City of Orange",40.7685871,-74.2338668,"$72,727 ",1900.704347826087
Universal Food Markets,"260 Roseville Avenue, Newark",40.7597186,-74.1896373,"$72,727 ",1900.704347826087
La Esperanza Supermarket Of Newark #,"306 North 6th Street, Newark",40.75931810000001,-74.1868397,"$72,727 ",1900.704347826087
Al Súper Market,"265 Park Avenue, Newark",40.7592841,-74.1868473,"$72,727 ",1900.704347826087
Five Stars Market,"South Harrison Street Floor 1, East Orange",40.76204080000001,-74.2250633,"$72,727 ",1900.704347826087
Lidl,"414 Main Street, Belleville",40.79403,-74.14443,"$84,978 ",3965.46255506608
Trader Joe's,"259 Allwood Road, Clifton",40.83653019999999,-74.15131459999999,"$84,978 ",3965.46255506608
ShopRite of Lyndhurst,"540 New York Avenue, Lyndhurst",40.8122943,-74.11872679999999,"$84,978 ",3965.46255506608
bp,"299 New Jersey 3 E, Clifton",40.828,-74.1356,"$84,978 ",3965.46255506608
Weee! Asian Grocery,"675 Main Street, Belleville",40.8015352,-74.1422572,"$84,978 ",3965.46255506608
bp,"473 Main Street, Belleville",40.79545890000001,-74.14268969999999,"$84,978 ",3965.46255506608
Target Grocery,"30 Kingsland Road, Clifton",40.8245909,-74.1351901,"$84,978 ",3965.46255506608
Inserra Supermarkets Inc.,"60 Entin Road, Clifton",40.8328967,-74.124214,"$113,828 ",9210.748898678414
Stew Leonard's,"467 Allwood Road, Clifton",40.8409885,-74.15803509999999,"$84,978 ",3965.46255506608
bp,"50 New Jersey 17, Rutherford",40.8216288,-74.1005297,"$113,828 ",9210.748898678414
Aisle One Kosher,"217 Brook Avenue, Passaic",40.8421435,-74.1346528,"$113,828 ",9210.748898678414
Forest Dairy Deli & Liquor,"10 Spring Dell, Rutherford",40.8269444,-74.1038889,"$113,828 ",9210.748898678414
EJ Concessions,"217 Brook Avenue, Passaic",40.8424333,-74.1339625,"$113,828 ",9210.748898678414
ALDI,"59 New Jersey 17, East Rutherford",40.8313934,-74.0927182,"$113,828 ",9210.748898678414
17 Farmers Market,"17 East Union Avenue, East Rutherford",40.8247675,-74.09531009999999,"$113,828 ",9210.748898678414
ShopRite of Wallington,"375 Paterson Avenue, Wallington",40.8446362,-74.1058193,"$113,828 ",9210.748898678414
H Mart American Dream,"1 American Dream Way, East Rutherford",40.8092948,-74.0706715,"$113,828 ",9210.748898678414
Èxito American Dream,"1 American Dream Way, East Rutherford",40.8094502,-74.06692679999999,"$113,828 ",9210.748898678414
Green Farmers Market,"101 Plaza Center, Secaucus",40.7915459,-74.0570126,"$84,978 ",3965.46255506608
H Mart Ridgefield,"321 Broad Avenue, Ridgefield",40.8244424,-74.0104123,"$113,828 ",9210.748898678414
bp,"8012 Tonnelle Avenue, North Bergen",40.8069074,-74.0162951,"$113,828 ",9210.748898678414
Met Fresh of Guttenberg,"6818 Bergenline Avenue, Guttenberg",40.7952475,-74.0113445,"$113,828 ",9210.748898678414
ALDI,"8101 Tonnelle Avenue, North Bergen",40.8076651,-74.0174457,"$113,828 ",9210.748898678414
Latinos Supermarket,"6418 Hudson Avenue, West New York",40.7909877,-74.00926179999999,"$113,828 ",9210.748898678414
ACME Markets,"19-21 Avenue at Port Imperial, West New York",40.78213799999999,-74.006992,"$113,828 ",9210.748898678414
City Supermarket,"289 Bergen Boulevard, Fairview",40.819725,-74.0014936,"$113,828 ",9210.748898678414
Arirang Kimchi,"102 Remsen Place, Ridgefield",40.83190059999999,-74.0111459,"$53,592 ",4854.31718061674
Extra Supermarket,"5505 Palisade Avenue, West New York",40.78497580000001,-74.01656249999999,"$113,828 ",9210.748898678414
Checo Supermarket,"210 Anderson Avenue, Fairview",40.81552120000001,-73.9955215,"$113,828 ",9210.748898678414
Green Way Markets of West New York,"6411 Park Avenue, West New York",40.7894444,-74.0061111,"$113,828 ",9210.748898678414
Target Grocery,"7101 Tonnelle Avenue, North Bergen",40.8018835,-74.0224652,"$113,828 ",9210.748898678414
AL-SAIDAH SUPERMARKET السعيدة سوبر ماركت,"5122 John F. Kennedy Boulevard, West New York",40.78504660000001,-74.022789,"$113,828 ",9210.748898678414
stop&buy supermarket,"5901 Madison Street, West New York",40.7890376,-74.0180154,"$113,828 ",9210.748898678414
FoodMex,"5500 Bergenline Avenue, West New York",40.7855307,-74.0185135,"$113,828 ",9210.748898678414
Las Palmas Supermarket,"6155 Bergenline Avenue, West New York",40.7911294,-74.01493289999999,"$113,828 ",9210.748898678414
Universal 99¢ & Plus,"6403 Bergenline Avenue, West New York",40.792668,-74.013814,"$113,828 ",9210.748898678414
Mercado Urbano,"6210 Bergenline Avenue, West New York",40.7914555,-74.0142256,"$113,828 ",9210.748898678414
A&D Super Market,"4521 Bergenline Avenue, Union City",40.78005280000001,-74.0232272,"$113,828 ",9210.748898678414
Selectos Supermarket,"6508 Bergenline Avenue, West New York",40.7932401,-74.0127334,"$113,828 ",9210.748898678414
Meat Fresh Supermarket UC,"6818 Bergenline Avenue, Guttenberg",40.79524819999999,-74.0113579,"$113,828 ",9210.748898678414
El Rey Farmer's Market,"6124 Palisade Avenue, West New York",40.78984940000001,-74.0122907,"$113,828 ",9210.748898678414
Selectos Foodmarket,"7425 Bergenline Avenue, North Bergen",40.79917090000001,-74.0089421,"$113,828 ",9210.748898678414
Dollar Fortune,"146 48th Street, Union City",40.7803495,-74.017703,"$113,828 ",9210.748898678414
Latino American Super Market,"7620 Bergenline Avenue, North Bergen",40.8001501,-74.0076626,"$113,828 ",9210.748898678414
Alexis Mini Market,"2600 Central Avenue, Union City",40.7697596,-74.0334196,"$84,978 ",3965.46255506608
Los Precios Supermarket,"2817 Bergenline Avenue, Union City",40.77042879999999,-74.0306032,"$84,978 ",3965.46255506608
5-A Supermarket,"2200 Summit Avenue, Union City",40.7681244,-74.0368958,"$84,978 ",3965.46255506608
Bergenline Supermarket,"8107 Bergenline Avenue, North Bergen",40.8033104,-74.00566859999999,"$113,828 ",9210.748898678414
Tropical Supermarket,"2400 Central Avenue, Union City",40.768532,-74.0343204,"$84,978 ",3965.46255506608
Lidl,"4100 Park Avenue, Weehawken Township",40.77401,-74.02098,"$84,978 ",3965.46255506608
New Deli World Grocery Store,"7004 Broadway, Guttenberg",40.793776,-74.0052571,"$113,828 ",9210.748898678414
KEA GROCERY & DELI,"6108 Park Avenue, West New York",40.7870707,-74.0076349,"$113,828 ",9210.748898678414
Deli & Go Mini Market,"7300 Broadway, North Bergen",40.79539330000001,-74.0038949,"$113,828 ",9210.748898678414
La Casa Supermarket,"6700 Park Avenue, West New York",40.790669,-74.004403,"$113,828 ",9210.748898678414
Benny's Liquors & Supermarket,"7000 Park Avenue, Guttenberg",40.79262949999999,-74.00306590000001,"$113,828 ",9210.748898678414
La Sorpresa Supermarket,"1319 Summit Avenue, Union City",40.7625663,-74.04097689999999,"$84,978 ",3965.46255506608
bp,"100 Woodcliff Avenue, North Bergen",40.80612139999999,-73.997719,"$113,828 ",9210.748898678414
Hanyang Mart,"1 Remsen Place Unit #103, Ridgefield",40.8317236,-74.0107118,"$53,592 ",4854.31718061674
Food Universe Marketplace,"1208 New York Avenue, Union City",40.759721,-74.03563799999999,"$84,978 ",3965.46255506608
La Estrella,"1005 Bergenline Avenue, Union City",40.75851550000001,-74.0384715,"$84,978 ",3965.46255506608
Whole Foods Market,"1400 Waterfront Terrace, Weehawken Township",40.76167519999999,-74.0227719,"$84,978 ",3965.46255506608
Trader Joe's,"715 River Road, Edgewater",40.8196686,-73.9775851,"$53,592 ",4854.31718061674
Whole Foods Market,"808 Columbus Avenue, New York",40.7939667,-73.9671163,"$113,828 ",9210.748898678414
Central Markets,"300 West 110th Street, New York",40.8008246,-73.9593431,"$45,230 ",5097.929515418502
Barzini's,"2451 Broadway, New York",40.7913671,-73.9745009,"$113,828 ",9210.748898678414
Key Food Supermarkets,"733 Amsterdam Avenue, New York",40.7935939,-73.97024449999999,"$113,828 ",9210.748898678414
Garden of Eden Marketplace,"2780 Broadway, New York",40.8022622,-73.96735269999999,"$113,828 ",9210.748898678414
The Kosher Marketplace,"2442 Broadway, New York",40.7909281,-73.9741083,"$113,828 ",9210.748898678414
ACME Markets,"481 River Road, Edgewater",40.8115068,-73.98411279999999,"$113,828 ",9210.748898678414
Appletree Market,"1225 Amsterdam Avenue, New York",40.80950929999999,-73.95888699999999,"$53,592 ",4854.31718061674
NYC Fresh Market,"1660 Madison Avenue, New York",40.796423,-73.9476263,"$41,341 ",5308.854625550661
Fine Fare Supermarkets,"37 Malcolm X Boulevard, New York",40.7994444,-73.9519871,"$45,230 ",5097.929515418502
Zingone Brothers,"471 Columbus Avenue, New York",40.78421249999999,-73.9735216,"$113,828 ",9210.748898678414
Food Universe Marketplace,"538 West 138th Street, New York",40.8219286,-73.9531796,"$53,592 ",4854.31718061674
Key Food Supermarkets,"530 Amsterdam Avenue, New York",40.7874953,-73.9754212,"$113,828 ",9210.748898678414
FOOD BAZAAR,"425 Anderson Avenue, Fairview",40.8209576,-73.9920935,"$53,592 ",4854.31718061674
Mitsuwa Marketplace - New Jersey,"595 River Road, Edgewater",40.8161915,-73.98022399999999,"$53,592 ",4854.31718061674
H Mart,"2828 Broadway, New York",40.8038844,-73.9665046,"$53,592 ",4854.31718061674
Hudson Market,"601 West 57th Street, New York",40.77077749999999,-73.99157919999999,"$113,828 ",9210.748898678414
Whole Foods Market,"905 River Road, Edgewater",40.8247925,-73.9740028,"$53,592 ",4854.31718061674
GRAND BAZAAR FOOD,"744 Anderson Avenue, Cliffside Park",40.830191,-73.985445,"$53,592 ",4854.31718061674
The Market @ Mercedes House,"550 West 54th Street, New York",40.7677253,-73.9915642,"$113,828 ",9210.748898678414
D'Agostino at 54th Street,"815 10th Avenue, New York",40.7675399,-73.9900894,"$117,596 ",6288.325991189427
Harlem Fresh Market by Key Food,"421 West 125th Street, New York",40.81214169999999,-73.9548528,"$53,592 ",4854.31718061674
MORTON WILLIAMS SUPERMARKETS,"1211 Madison Avenue, New York",40.78165739999999,-73.9580391,"$130,527 ",9688.105726872249
MORTON WILLIAMS SUPERMARKETS,"917 9th Avenue, New York",40.7689628,-73.9852025,"$113,828 ",9210.748898678414
Cafasso's Fairway Market,"1214 Anderson Avenue, Fort Lee",40.839403,-73.9813053,"$53,592 ",4854.31718061674
D'Agostino,"1074 Lexington Avenue, New York",40.7728383,-73.96074519999999,"$130,527 ",9688.105726872249
bp,"281 Bruckner Boulevard, The Bronx",40.80549440000001,-73.9111623,"$19,205 ",2168.175355450237
CTown Supermarkets,"1016 Saint Nicholas Avenue, New York",40.8350471,-73.9393805,"$54,717 ",8370.925110132159
Food Universe Marketplace,"1187 Jerome Avenue, The Bronx",40.835905,-73.922973,"$41,636 ",3470.165876777251
Fine Fare Supermarkets,"2330 1st Avenue, New York",40.7982278,-73.9335368,"$41,341 ",5308.854625550661
Western Beef Supermarket,"301 Morris Avenue, The Bronx",40.8126472,-73.9264185,"$19,205 ",2168.175355450237
City Fresh Market,"2212 3rd Avenue #3536, New York",40.80093589999999,-73.9380789,"$41,341 ",5308.854625550661
Foodtown of St. Nicholas Ave,"756 Saint Nicholas Avenue, New York",40.82596029999999,-73.94313919999999,"$53,592 ",4854.31718061674
FoodFest Depot,"500 East 132nd Street, The Bronx",40.8030905,-73.9211825,"$19,205 ",2168.175355450237
FOOD BAZAAR,"238 East 161st Street, The Bronx",40.8252078,-73.9196679,"$41,636 ",3470.165876777251
Express Deli Corp,"393 Malcolm X Boulevard, New York",40.810883,-73.9435943,"$45,230 ",5097.929515418502
bp,"115 East 138th Street, The Bronx",40.8137768,-73.9307108,"$19,205 ",2168.175355450237
CTown Supermarkets,"2733 Third Avenue, The Bronx",40.8144757,-73.9213027,"$19,205 ",2168.175355450237
City Fresh Market,"125 East 116th Street, New York",40.7989774,-73.9418024,"$41,341 ",5308.854625550661
Shop Fair of 110th Street,"160 East 110th Street, New York",40.79432000000001,-73.943834,"$41,341 ",5308.854625550661
Whole Foods Market,"100 West 125th Street, New York",40.8076461,-73.9461771,"$45,230 ",5097.929515418502
125th Street Farmers' Market,"Adam Clayton Powell Jr. State Office Building, 163 West 125th Street, New York",40.8092263,-73.9474304,"$45,230 ",5097.929515418502
City Fresh Market,"235 East 106th Street #4005, New York",40.7911217,-73.9431148,"$41,341 ",5308.854625550661
Pioneer Supermarkets of Harlem,"380 Malcolm X Boulevard, New York",40.81047960000001,-73.9431991,"$45,230 ",5097.929515418502
bp,"2326 1st Avenue, New York",40.79802939999999,-73.9336397,"$41,341 ",5308.854625550661
Foodtown of Frederick Douglas Blvd,"2463 Frederick Douglass Boulevard at, West 132nd Street, New York",40.814659,-73.94812,"$45,230 ",5097.929515418502
ALDI,"517 East 117th Street, New York",40.79516390000001,-73.9314533,"$41,341 ",5308.854625550661
Key Food Supermarkets,"1769 2nd Avenue, New York",40.78197329999999,-73.9489954,"$130,527 ",9688.105726872249
Key Food Supermarkets,"592 Malcolm X Boulevard, New York",40.8169438,-73.9384434,"$45,230 ",5097.929515418502
Key Food Supermarkets,"2630 Frederick Douglass Boulevard, New York",40.8196777,-73.9439039,"$45,230 ",5097.929515418502
Whole Foods Market,"1551 3rd Avenue, New York",40.7796707,-73.9529499,"$130,527 ",9688.105726872249
CTown Supermarkets,"630 East 169th Street, The Bronx",40.8311936,-73.9012711,"$14,750 ",1890.0947867298576
bp,"1865 Bruckner Boulevard, The Bronx",40.8262223,-73.86187679999999,"$39,322 ",4082.890995260663
Food Universe Marketplace,"724 Hunts Point Avenue, The Bronx",40.8155092,-73.8865781,"$10,966 ",1238.056872037915
FreshDirect,"2 Saint Ann's Avenue, The Bronx",40.8013096,-73.9192702,"$19,205 ",2168.175355450237
Lucero Produce,"1250 Randall Avenue, The Bronx",40.81162589999999,-73.887901,"$10,966 ",1238.056872037915
Romero Fruit Market,"835 East 152nd Street # 4, The Bronx",40.815314,-73.9040823,"$14,750 ",1890.0947867298576
Western Beef Supermarket,"1041 Prospect Avenue, The Bronx",40.825001,-73.9005281,"$14,750 ",1890.0947867298576
Met Foodmarkets of Jackson Ave,"649 Jackson Avenue, The Bronx",40.81561230000001,-73.90850499999999,"$14,750 ",1890.0947867298576
Golden Apple Tree Supermarket,"745 Westchester Avenue, The Bronx",40.8178457,-73.9059611,"$14,750 ",1890.0947867298576
SuperFresh South Bronx,"459 East 149th Street, The Bronx",40.8154183,-73.9151832,"$19,205 ",2168.175355450237
ALDI,"3006 Third Avenue, The Bronx",40.8192658,-73.9135694,"$19,205 ",2168.175355450237
Food Fair Fresh Market,"1065 East 163rd Street, The Bronx",40.8211148,-73.8907638,"$10,966 ",1238.056872037915
Foodtown of Third Avenue,"3100 Third Avenue, The Bronx",40.82151389999999,-73.9119437,"$14,750 ",1890.0947867298576
Food Universe Marketplace,"760 Melrose Avenue, The Bronx",40.8209325,-73.9153948,"$14,750 ",1890.0947867298576
Key Food Supermarkets,"1050 Westchester Avenue, The Bronx",40.8247759,-73.8913242,"$14,750 ",1890.0947867298576
bp,"871 Melrose Avenue, The Bronx",40.82408849999999,-73.91420339999999,"$14,750 ",1890.0947867298576
Supermarket Needs Corporation,"1133 Southern Boulevard, The Bronx",40.8272876,-73.8922695,"$14,750 ",1890.0947867298576
FOOD BAZAAR,"445 East 163rd Street, The Bronx",40.8259059,-73.9109138,"$14,750 ",1890.0947867298576
Food Universe Marketplace,"3470 Third Avenue, The Bronx",40.8299321,-73.9061108,"$14,750 ",1890.0947867298576
SuperFresh Bronx,"1188 Webster Avenue, The Bronx",40.831599,-73.9096276,"$14,750 ",1890.0947867298576
Food Universe Marketplace,"1334 Louis Niñé Boulevard, The Bronx",40.83193869999999,-73.8921565,"$15,398 ",1973.1753554502368
Western Beef Supermarket,"831 Rosedale Avenue, The Bronx",40.82186709999999,-73.8673161,"$10,966 ",1238.056872037915
Associated Supermarket,"1585 Westchester Avenue, The Bronx",40.8293289,-73.8761087,"$10,966 ",1238.056872037915
Associated Supermarkets of Mount Eden,"206 East 167th Street, The Bronx",40.83374329999999,-73.9165828,"$41,636 ",3470.165876777251
FOOD BAZAAR,"535 East 170th Street #2301, The Bronx",40.835182,-73.9024601,"$14,750 ",1890.0947867298576
Fine Fare Supermarkets,"1221 Fteley Avenue, The Bronx",40.8296674,-73.8721869,"$10,966 ",1238.056872037915
Pioneer Supermarkets,"2541 Adam Clayton Powell Junior Boulevard, New York",40.823184,-73.9375022,"$41,636 ",3470.165876777251
Fine Fare,"59 East 167th Street, The Bronx",40.8356397,-73.920541,"$41,636 ",3470.165876777251
bp,"3333 East Tremont Avenue, The Bronx",40.835102,-73.83013,"$39,322 ",4082.890995260663
Golden Mango Supermarkets,"2300 Randall Avenue, The Bronx",40.8190041,-73.8446172,"$39,322 ",4082.890995260663
Key Food Supermarkets,"656 Castle Hill Avenue, The Bronx",40.8201256,-73.8479085,"$39,322 ",4082.890995260663
Met Foodmarkets of Soundview,"769 White Plains Road, The Bronx",40.8215381,-73.8588098,"$39,322 ",4082.890995260663
bp,"1885 Westchester Avenue, The Bronx",40.8330139,-73.863213,"$39,322 ",4082.890995260663
Chang Li Supermarket Inc.,"2079 Benedict Avenue, The Bronx",40.8350839,-73.85535200000001,"$39,322 ",4082.890995260663
Key Food Supermarkets,"1535 Unionport Road, The Bronx",40.8365535,-73.8573784,"$39,322 ",4082.890995260663
Bravo Supermarkets,"1861 - 1869 Archer Street, The Bronx",40.8379856,-73.8643416,"$57,394 ",2683.2227488151657
Fine Fare Supermarkets,"1654 Metropolitan Avenue, The Bronx",40.840174,-73.855705,"$39,322 ",4082.890995260663
bp,"91 Westchester Square, The Bronx",40.8408952,-73.8409638,"$39,322 ",4082.890995260663
Super Foodtown of Throgg's Neck,"2945-65 Bruckner Boulevard, The Bronx",40.83436690000001,-73.8267489,"$39,322 ",4082.890995260663
SuperFresh Castle Hill,"1345 Castle Hill Avenue, The Bronx",40.8352453,-73.85229,"$39,322 ",4082.890995260663
Foodtown of West Ave,"1489 West Avenue, The Bronx",40.83734310000001,-73.8615475,"$39,322 ",4082.890995260663
Fine Fare Supermarkets,"3680 East Tremont Avenue, The Bronx",40.8272471,-73.8231775,"$57,007 ",2852.890995260663
FOOD BAZAAR,"1630 Bruckner Boulevard, The Bronx",40.8226027,-73.87379059999999,"$10,966 ",1238.056872037915
Key Food Supermarkets,"1511 Metropolitan Avenue, The Bronx",40.83944439999999,-73.8588889,"$39,322 ",4082.890995260663
CTown Supermarkets,"100 Hugh J. Grant Circle, The Bronx",40.8323974,-73.86086569999999,"$39,322 ",4082.890995260663
De Sola Provisions Inc,"355 Food Center Drive # B18, The Bronx",40.80672859999999,-73.8720055,"$10,966 ",1238.056872037915
My Way Supermarket,"200 Soundview Avenue, The Bronx",40.8095237,-73.8551676,"$39,322 ",4082.890995260663
Ai Mart College Point,"132-19 14th Avenue, College Point",40.7873236,-73.8358593,"$60,896 ",2275.5657773689054
bp,"128-02 14th Avenue, College Point",40.78520200000001,-73.84001200000002,"$60,896 ",2275.5657773689054
Key Food Supermarkets,"15-19 College Point Boulevard, Flushing",40.78361110000001,-73.8455556,"$60,896 ",2275.5657773689054
Taylor Superette Corp,"459 Taylor Avenue, The Bronx",40.81484630000001,-73.861553,"$39,322 ",4082.890995260663
BAHARZ,"20-02 College Point Boulevard, Flushing",40.781568,-73.84611699999999,"$60,896 ",2275.5657773689054
Eat Fresh Supermarket,"20-04 College Point Boulevard, College Point",40.7814989,-73.846239,"$60,896 ",2275.5657773689054
Food Universe Marketplace,"1757 Randall Avenue, The Bronx",40.8168948,-73.86513819999999,"$10,966 ",1238.056872037915
Target Grocery,"13505 20th Avenue, College Point",40.7837661,-73.83332639999999,"$60,896 ",2275.5657773689054
ALDI,"845 White Plains Road, The Bronx",40.82300369999999,-73.8590545,"$39,322 ",4082.890995260663
ShopRite of Bruckner Blvd,"1994 Bruckner Boulevard, The Bronx",40.8241698,-73.8565832,"$39,322 ",4082.890995260663
Target Grocery,"815 Hutchinson River Parkway, The Bronx",40.82425149999999,-73.8375416,"$39,322 ",4082.890995260663
S&W Supermarket & Deli,"4028 East Tremont Avenue, The Bronx",40.819506,-73.817734,"$57,007 ",2852.890995260663
AR Refrigeration corp,"318 Faile Street, The Bronx",40.8074957,-73.8843103,"$10,966 ",1238.056872037915
Raspberry Farm,"150-15 14th Avenue, Whitestone",40.7892077,-73.8131023,"$57,007 ",2852.890995260663
Sweeney's Grocery Deli & Kitchen,"3136 Miles Avenue, The Bronx",40.8214366,-73.80879910000002,"$57,007 ",2852.890995260663
Met Fresh of Whitestone,"24-11, 24-07 150th Street, Whitestone",40.7768862,-73.8144427,"$60,896 ",2275.5657773689054
Lizzie's Supermarket,"3201 Layton Avenue, The Bronx",40.835114,-73.8205172,"$57,007 ",2852.890995260663
H Mart Northern 144,"144-72 Northern Boulevard, Flushing",40.7648194,-73.82091369999999,"$60,896 ",2275.5657773689054
Norion Super Market,"3410 Union Street, Flushing",40.7665774,-73.82764829999999,"$60,896 ",2275.5657773689054
SeasonFresh Supermarket,"3125 Downing Street, Flushing",40.7685498,-73.83568009999999,"$60,896 ",2275.5657773689054
H Mart Roosevelt,"142-41 Roosevelt Avenue, Flushing",40.7610782,-73.8246736,"$60,896 ",2275.5657773689054
KW Supermarket,"37-04 Union Street, Flushing",40.7621454,-73.8276262,"$60,896 ",2275.5657773689054
Bally 868 Food Market Corporation,"136-91 Roosevelt Avenue, Flushing",40.7605745,-73.8269464,"$60,896 ",2275.5657773689054
Fresh Food Market,"589 Middle Neck Road, Great Neck",40.8023826,-73.7356621,"$86,731 ",1071.1223551057958
Everfresh Supermarket,"533 Middle Neck Road, Great Neck",40.8010374,-73.7347441,"$86,731 ",1071.1223551057958
Associated Supermarket of Great Neck,"181 Middle Neck Road, Great Neck",40.79400999999999,-73.733167,"$86,731 ",1071.1223551057958
bp,"208 Middle Neck Road, Great Neck",40.794253,-73.7339194,"$86,731 ",1071.1223551057958
Whole Foods Market,"2101 Northern Boulevard, Manhasset",40.79721139999999,-73.67056149999999,"$86,731 ",1071.1223551057958
bp,"570 Port Washington Boulevard, Port Washington",40.824534,-73.682728,"$86,731 ",1071.1223551057958
North Shore Farms,"770 Port Washington Boulevard, Port Washington",40.8272301,-73.6840771,"$86,731 ",1071.1223551057958
bp,"1087 Northern Boulevard, Roslyn",40.80021829999999,-73.6594783,"$86,731 ",1071.1223551057958
bp,"749 Port Washington Boulevard, Port Washington",40.8271653,-73.6830903,"$86,731 ",1071.1223551057958
Target Grocery,"101 Shore Road, Port Washington",40.8413224,-73.7041746,"$86,731 ",1071.1223551057958
Gemelli Gourmet Market North,"716 Glen Cove Avenue, Glen Head",40.8308212,-73.6291671,"$86,731 ",1071.1223551057958
Grace's Marketplace LI,"81 Glen Cove Road, Greenvale",40.8140018,-73.6273597,"$97,288 ",1734.9862005519778
bp,"700 Glen Cove Avenue, Sea Cliff",40.8373663,-73.6328276,"$86,731 ",1071.1223551057958
Holiday Farms Supermarket,"1 Park Plaza #1, Glen Head",40.8351722,-73.61912590000001,"$86,731 ",1071.1223551057958
ShopRite of Little Falls,"171 Browertown Road, Little Falls Township",40.8819682,-74.21224629999999,"$113,828 ",9210.748898678414
Belt Grinder Wheel,"163 Abbe Lane, Clifton",40.8763888,-74.1761302,"$113,828 ",9210.748898678414
Amazon Fresh,"1510 U.S. 46, Woodland Park",40.8850553,-74.2097467,"$113,828 ",9210.748898678414
Food Universe Passaic,"514 Van Houten Avenue, Passaic",40.8564092,-74.1436937,"$113,828 ",9210.748898678414
Corrado's Market,"1578 Main Avenue, Clifton",40.88819599999999,-74.1518076,"$113,828 ",9210.748898678414
ShopRite of Passaic on Paulison Ave,"503 Paulison Avenue, Passaic",40.86227299999999,-74.1399612,"$113,828 ",9210.748898678414
SuperFresh,"161 Jefferson Street, Passaic",40.862232,-74.12452499999999,"$113,828 ",9210.748898678414
CTown Supermarkets,"602 Main Avenue, Passaic",40.8595684,-74.12433109999999,"$113,828 ",9210.748898678414
ALDI,"56 Lakeview Avenue, Clifton",40.87693029999999,-74.1370484,"$113,828 ",9210.748898678414
Istanbul Food Pazar,"1500 Main Avenue, Clifton",40.8858424,-74.1500381,"$113,828 ",9210.748898678414
Ema International Food,"278 Parker Avenue, Clifton",40.8771821,-74.1240419,"$113,828 ",9210.748898678414
SuperFresh Clifton,"85 Ackerman Avenue, Clifton",40.8775373,-74.12173539999999,"$113,828 ",9210.748898678414
J&J Store,"52 Aspen Place, Passaic",40.85960360000001,-74.1217479,"$113,828 ",9210.748898678414
Baraka Halal Grocery Store,"76 Gould Avenue, Paterson",40.8939273,-74.15942009999999,"$113,828 ",9210.748898678414
Kathy Super Market,"195 Ackerman Avenue, Clifton",40.8764799,-74.12805279999999,"$113,828 ",9210.748898678414
El Mercado De La Ocho,"100 8th Street, Passaic",40.8575872,-74.1096139,"$113,828 ",9210.748898678414
CTown Supermarkets,"218 Dayton Avenue, Clifton",40.8754672,-74.1220922,"$113,828 ",9210.748898678414
Biedronka,"501 River Drive 2nd Floor, Garfield",40.8750921,-74.11439759999999,"$113,828 ",9210.748898678414
Brother's Produce,"327 East Railway Avenue, Paterson",40.89132269999999,-74.149694,"$113,828 ",9210.748898678414
Kosher Konnection,"200 Main Avenue, Passaic",40.8458959,-74.1273269,"$113,828 ",9210.748898678414
El Bodegon supermarket,"119 Broadway, Passaic",40.8588639,-74.1299444,"$113,828 ",9210.748898678414
City Fresh Market,"55 Broadway, Passaic",40.8596212,-74.12855189999999,"$113,828 ",9210.748898678414
KB Supermarket,"924 Main Avenue, Passaic",40.86888099999999,-74.133161,"$113,828 ",9210.748898678414
Plaza Mexico,"297 Monroe Street, Passaic",40.8645107,-74.12673199999999,"$113,828 ",9210.748898678414
El Proyecto Supermarket,"44 Aspen Street, Passaic",40.8603036,-74.12212939999999,"$113,828 ",9210.748898678414
ABC Supermarket,"303 Passaic Street, Passaic",40.86076200000001,-74.122339,"$113,828 ",9210.748898678414
Minimarket Clifton,"515 Clifton Avenue, Clifton",40.87367760000001,-74.1478226,"$113,828 ",9210.748898678414
El Especial Supermarket,"278 Monroe Street, Passaic",40.8653409,-74.125877,"$113,828 ",9210.748898678414
El Ideal Supermarket,"269 Monroe Street, Passaic",40.86513180000001,-74.12534939999999,"$113,828 ",9210.748898678414
P & M Supermarket,"263 Monroe Street, Passaic",40.865315,-74.1250063,"$113,828 ",9210.748898678414
iFood Smartket,"137 Hope Avenue, Passaic",40.867928,-74.123356,"$113,828 ",9210.748898678414
Biedronka,"5 Locust Avenue, Wallington",40.8502152,-74.1142218,"$113,828 ",9210.748898678414
Dominicanas Supermarket,"181 Hope Avenue, Passaic",40.8694739,-74.124464,"$113,828 ",9210.748898678414
Food Universe Clifton,"435 Lexington Avenue, Clifton",40.8757496,-74.13435319999999,"$113,828 ",9210.748898678414
M.A.C Supermarket Inc,"61 4th Street, Passaic",40.8634394,-74.114806,"$113,828 ",9210.748898678414
Cholula mini market,"124 Passaic Street, Passaic",40.8624958,-74.11374169999999,"$113,828 ",9210.748898678414
A & C Supermarket,"170 Market Street, Passaic",40.8675204,-74.1170133,"$113,828 ",9210.748898678414
E T Supermarkets,"170 Market Street, Passaic",40.8675266,-74.11700789999999,"$113,828 ",9210.748898678414
bp,"39 Monroe Street, Passaic",40.868318,-74.116906,"$113,828 ",9210.748898678414
SuperBueno SuperMarket,"32 Monroe Street, Passaic",40.8684962,-74.116512,"$113,828 ",9210.748898678414
Al Aqsa Supermarket LLC,"1378 Main Avenue, Clifton",40.8822421,-74.1461582,"$113,828 ",9210.748898678414
Bravo Supermarkets,"218 Dayton Avenue, Clifton",40.8754672,-74.1220922,"$113,828 ",9210.748898678414
Nouri Brothers Shopping Center,"999 Main Street, Paterson",40.8940043,-74.1585289,"$113,828 ",9210.748898678414
Al Salam Super Market,"1651 Main Avenue, Clifton",40.8890573,-74.15406039999999,"$113,828 ",9210.748898678414
Price Rite Marketplace of Garfield,"59 Outwater Lane, Garfield",40.8819331,-74.1161616,"$113,828 ",9210.748898678414
Sultan Supermarket,"251 Crooks Avenue, Paterson",40.8910292,-74.1485397,"$113,828 ",9210.748898678414
جمعية حليمة,"339 East Railway Avenue, Paterson",40.89129810000001,-74.149693,"$113,828 ",9210.748898678414
Speedy D Supermarket,"247 Midland Avenue, Garfield",40.8730556,-74.10447959999999,"$113,828 ",9210.748898678414
Al Baik halal meat,"1084 Main Street, Paterson",40.8913691,-74.1565548,"$113,828 ",9210.748898678414
ShopRite of Lodi,"175 Main Street, Lodi",40.8790996,-74.084924,"$113,828 ",9210.748898678414
ALDI,"4 Memorial Drive Suite 1, Lodi",40.8754743,-74.085696,"$113,828 ",9210.748898678414
bp,"226 New Jersey 17, Hasbrouck Heights",40.85791760000001,-74.06842209999999,"$113,828 ",9210.748898678414
Amazon Fresh,"2 Memorial Drive, Lodi",40.87477709999999,-74.08635389999999,"$113,828 ",9210.748898678414
Sahara Fine Foods,"242 South Summit Avenue, Hackensack",40.8764767,-74.0644926,"$53,592 ",4854.31718061674
bp,"409 U.S. 46, Elmwood Park",40.8933561,-74.1070969,"$113,828 ",9210.748898678414
H Mart Little Ferry,"260 Bergen Turnpike, Little Ferry",40.8564643,-74.03396599999999,"$53,592 ",4854.31718061674
ShopRite of Hackensack,"500 South River Street, Hackensack",40.8626533,-74.0341122,"$53,592 ",4854.31718061674
ShopRite of Palisades Park,"201 Roosevelt Place, Palisades Park",40.8520206,-74.0045809,"$53,592 ",4854.31718061674
Giant Farmer's Market,"324 Main Street, Hackensack",40.8884201,-74.0399322,"$53,592 ",4854.31718061674
Village IGA,"201 Main Street, Ridgefield Park",40.85701509999999,-74.0248195,"$53,592 ",4854.31718061674
Grocery la Universal,"07601, Hackensack",40.87859349999999,-74.0475455,"$53,592 ",4854.31718061674
All nation mini supermarket,"214 -A Essex Street, Hackensack",40.8804846,-74.0532961,"$53,592 ",4854.31718061674
Universal Food Markets,"154 State Street, Hackensack",40.8833815,-74.0446384,"$53,592 ",4854.31718061674
Casa Delfina,"253 Main Street, Hackensack",40.8863309,-74.0418775,"$53,592 ",4854.31718061674
bp,"366 Essex Street, Lodi",40.8871838,-74.06511139999999,"$53,592 ",4854.31718061674
HAN MI Mart & Liquor,"220 Broad Avenue, Palisades Park",40.8462469,-73.9987938,"$53,592 ",4854.31718061674
"Superfood Marketplace - Ridgefield, NJ","543 Shaler Boulevard, Ridgefield",40.83294909999999,-74.00251109999999,"$53,592 ",4854.31718061674
Hackensack Market,"120 Passaic Street, Hackensack",40.8924421,-74.0442789,"$53,592 ",4854.31718061674
MAHARAJA HYPERMARKET,"389 Main Street, Hackensack",40.890705,-74.0398648,"$53,592 ",4854.31718061674
Cedar Market,"646 Cedar Lane, Teaneck",40.8910056,-74.02821240000002,"$54,717 ",8370.925110132159
KB'S African Market,"96 Anderson Street, Hackensack",40.8936723,-74.0431737,"$54,717 ",8370.925110132159
H Mart Fort Lee,"112 Linwood Drive, 130 Linwood Plaza, Fort Lee",40.8610891,-73.97098380000001,"$54,717 ",8370.925110132159
Jerry's Gourmet and More,"410 South Dean Street, Englewood",40.8813714,-73.983322,"$54,717 ",8370.925110132159
H Mart Leonia,"315 Broad Avenue, Leonia",40.8614304,-73.98781149999999,"$54,717 ",8370.925110132159
H Mart Fort Lee Fresh,"1379 16th Street, Fort Lee",40.84568199999999,-73.979619,"$53,592 ",4854.31718061674
ACME Markets,"2160 Lemoine Avenue, Fort Lee",40.8561878,-73.9650974,"$54,717 ",8370.925110132159
Mediterranean Gourmet,"490 Main Street, Fort Lee",40.8554854,-73.97776569999999,"$54,717 ",8370.925110132159
HanNam Mart,"1475 Bergen Boulevard, Fort Lee",40.8514808,-73.98688360000001,"$53,592 ",4854.31718061674
Piccolo's Gastronomia Italiana,"484 Bergen Boulevard, Ridgefield",40.824467,-73.9970958,"$53,592 ",4854.31718061674
Kikos Supermarket,"321 Anderson Avenue, Fairview",40.817416,-73.994401,"$113,828 ",9210.748898678414
ABC Mart,"3505 Broadway, New York",40.8254663,-73.95151369999999,"$53,592 ",4854.31718061674
Key Food Supermarkets,"3550 Broadway, New York",40.82675800000001,-73.949782,"$53,592 ",4854.31718061674
Super Foodtown of Washington Heights,"600 West 160th Street, New York",40.8359697,-73.9438286,"$54,717 ",8370.925110132159
Nizam International Market,"608 Anderson Avenue, Cliffside Park",40.8251363,-73.98785819999999,"$53,592 ",4854.31718061674
bp,"491 Route 4, Englewood",40.86786499999999,-73.973071,"$54,717 ",8370.925110132159
bp,"1671 Bergen Boulevard, Fort Lee",40.857459,-73.981848,"$54,717 ",8370.925110132159
Seoul Trading USA Co.,"360 South Van Brunt Street, Englewood",40.8854696,-73.9858078,"$54,717 ",8370.925110132159
Target Grocery,"543 River Road, Edgewater",40.8139544,-73.98176149999999,"$53,592 ",4854.31718061674
3550 Food Corporation,"3550 Broadway, New York",40.82671,-73.949726,"$53,592 ",4854.31718061674
PapaSito Foodmarkets,"3605 Broadway, New York",40.8289583,-73.94910680000001,"$53,592 ",4854.31718061674
Riverside Gourmet Market,"3779 Broadway, New York",40.834163,-73.94571239999999,"$54,717 ",8370.925110132159
CTown Supermarkets,"3632 Broadway, New York",40.8292461,-73.9478894,"$53,592 ",4854.31718061674
bp,"265 Nagle Avenue, New York",40.8630605,-73.9202512,"$34,894 ",3037.914691943128
bp,"4353 Broadway, New York",40.8535526,-73.9342786,"$54,717 ",8370.925110132159
bp,"1740 Jerome Avenue, The Bronx",40.8473956,-73.9122715,"$34,894 ",3037.914691943128
African American Market,"292 East Burnside Avenue B, The Bronx",40.850708,-73.901625,"$34,894 ",3037.914691943128
bp,"3936 10th Avenue, New York",40.86629279999999,-73.91798279999999,"$34,894 ",3037.914691943128
Western Beef Supermarket,"2050 Webster Avenue, The Bronx",40.8513947,-73.8979155,"$15,398 ",1973.1753554502368
Fine Fare Supermarkets,"4776 Broadway, New York",40.8656861,-73.9263722,"$34,894 ",3037.914691943128
Food Universe Marketplace,"148 East 170th Street, The Bronx",40.8388932,-73.9147818,"$14,750 ",1890.0947867298576
CTown Supermarkets,"1750 University Avenue, The Bronx",40.8490757,-73.9167476,"$34,894 ",3037.914691943128
bp,"2157 Amsterdam Avenue, New York",40.839094,-73.937234,"$54,717 ",8370.925110132159
bp,"242 Dyckman Street, New York",40.86610679999999,-73.9283947,"$34,894 ",3037.914691943128
Bravo Supermarkets,"210 East 170th Street, The Bronx",40.8382927,-73.9132209,"$14,750 ",1890.0947867298576
JAMA Deli Grocery Corporation,"1225 Ogden Avenue, The Bronx",40.83841020000001,-73.9264755,"$41,636 ",3470.165876777251
Key Food Supermarkets,"1239 Saint Nicholas Avenue, New York",40.8434234,-73.93845759999999,"$54,717 ",8370.925110132159
Shop Fair of Washington Heights,"3871 Broadway, New York",40.8369343,-73.9431359,"$54,717 ",8370.925110132159
Superior Market,"108 West 168th Street, The Bronx",40.83824000000001,-73.9246655,"$41,636 ",3470.165876777251
Food Universe Marketplace,"72 Nagle Avenue, New York",40.8604296,-73.9287138,"$34,894 ",3037.914691943128
Bravo Supermarkets,"156 West 170th Street, The Bronx",40.84127749999999,-73.9247276,"$41,636 ",3470.165876777251
Williams Grocery Corp.,"257 Dyckman Street, New York",40.8666425,-73.9283574,"$34,894 ",3037.914691943128
Pioneer Fresh of Highbridge,"1150-66 Woodycrest Avenue, The Bronx",40.8360561,-73.9250977,"$41,636 ",3470.165876777251
Pioneer Supermarkets of Morris Heights,"107 Featherbed Lane, The Bronx",40.846431,-73.918553,"$41,636 ",3470.165876777251
Bravo Supermarkets,"127 West Burnside Avenue, The Bronx",40.85410700000001,-73.91416219999999,"$34,894 ",3037.914691943128
Compare Foods Supermarket,"3815 9th Avenue, New York",40.861968,-73.917963,"$34,894 ",3037.914691943128
Super Foodtown of Bradhurst,"300 West 145th Street, New York",40.8227414,-73.9423338,"$53,592 ",4854.31718061674
CTown Supermarkets,"229 East Tremont Avenue, The Bronx",40.849244,-73.90460209999999,"$34,894 ",3037.914691943128
Food Universe Marketplace,"5069 Broadway, New York",40.8705788,-73.915213,"$34,894 ",3037.914691943128
Key Food Supermarkets,"4365 Broadway, New York",40.8540139,-73.9340528,"$54,717 ",8370.925110132159
PIONEER Supermarkets Bronx - Jerome Ave,"2262 Jerome Avenue, The Bronx",40.8582929,-73.90355679999999,"$34,894 ",3037.914691943128
bp,"1862 Webster Avenue, The Bronx",40.8469723,-73.90105369999999,"$15,398 ",1973.1753554502368
bp,"2350 Jerome Avenue, The Bronx",40.8599274,-73.9026129,"$34,894 ",3037.914691943128
Food Dynasty Supermarkets,"24 West Fordham Road, The Bronx",40.8625965,-73.9026362,"$34,894 ",3037.914691943128
bp,"824 Allerton Avenue, The Bronx",40.865246,-73.8622058,"$57,394 ",2683.2227488151657
Pioneer Supermarkets,"3035 White Plains Road, The Bronx",40.8703727,-73.8673874,"$57,394 ",2683.2227488151657
Fine Fare Supermarkets,"3550 White Plains Road, The Bronx",40.87829310000001,-73.8654813,"$61,528 ",3610.0473933649287
Fine Fare Supermarkets,"320 East Gun Hill Road, The Bronx",40.87874929999999,-73.8738281,"$37,648 ",3300.6161137440754
CTown Supermarkets,"30 East 198th Street, The Bronx",40.870683,-73.8922827,"$37,648 ",3300.6161137440754
bp,"601 East Fordham Road, The Bronx",40.85862729999999,-73.88492210000001,"$37,648 ",3300.6161137440754
United Grocery,"838 East 180th Street, The Bronx",40.8456057,-73.8839692,"$15,398 ",1973.1753554502368
bp,"4068 Third Avenue, The Bronx",40.8433793,-73.8975888,"$15,398 ",1973.1753554502368
Pioneer Supermarkets of Fordham Manor,"2400 Ryer Avenue, The Bronx",40.85986709999999,-73.897575,"$34,894 ",3037.914691943128
City Fresh Market,"2477 Valentine Avenue, The Bronx",40.8616438,-73.8963416,"$37,648 ",3300.6161137440754
Cherry Valley Marketplace,"421 East 189th Street, The Bronx",40.8604501,-73.8918013,"$37,648 ",3300.6161137440754
CTown Supermarkets,"1761 Southern Boulevard, The Bronx",40.8375743,-73.8880179,"$15,398 ",1973.1753554502368
Food Universe Marketplace,"312 East 194th Street, The Bronx",40.8643607,-73.8918893,"$37,648 ",3300.6161137440754
CTown Supermarkets,"5249 Broadway, New York",40.87580869999999,-73.9086986,"$34,894 ",3037.914691943128
Cherry Valley Marketplace,"2852 Webster Avenue, The Bronx",40.8665953,-73.8837593,"$37,648 ",3300.6161137440754
Alsadi meat halal/ محلات السعدي,"1883 White Plains Road, The Bronx",40.8471532,-73.867025,"$57,394 ",2683.2227488151657
bp,"3059 Webster Avenue, The Bronx",40.87047,-73.87862799999999,"$37,648 ",3300.6161137440754
Food Choice Market,"2244 White Plains Road, The Bronx",40.85868599999999,-73.867218,"$57,394 ",2683.2227488151657
Battaglias Market,"2503 Eastchester Road, Pelham Gardens",40.8629224,-73.84372119999999,"$61,528 ",3610.0473933649287
Foodtown of Allerton Avenue,"1000 Allerton Avenue, The Bronx",40.8652229,-73.85849759999999,"$57,394 ",2683.2227488151657
Food Universe Marketplace,"119 Einstein Loop North, The Bronx",40.8646013,-73.82210309999999,"$61,528 ",3610.0473933649287
Monte Grab & Go Market,"1790 Eastchester Road, The Bronx",40.848881,-73.8447789,"$57,394 ",2683.2227488151657
Big Deal Foodtown,"1018 Morris Park Avenue, The Bronx",40.8482476,-73.8555179,"$57,394 ",2683.2227488151657
Pruzzo's,"2937 Westchester Avenue, The Bronx",40.8468568,-73.8327903,"$39,322 ",4082.890995260663
ALDI,"1750 East Gun Hill Road Suite B, The Bronx",40.8632091,-73.8349915,"$61,528 ",3610.0473933649287
Foodtown of Boston Road,"3471 Boston Road, The Bronx",40.8767747,-73.8477078,"$61,528 ",3610.0473933649287
Fine Fare Supermarkets,"3315 White Plains Road, The Bronx",40.8736229,-73.8673019,"$61,528 ",3610.0473933649287
bp,"641 East Gun Hill Road, The Bronx",40.87797,-73.86759169999999,"$61,528 ",3610.0473933649287
Food Universe Marketplace,"111 Dreiser Loop, The Bronx",40.8768272,-73.8289108,"$61,528 ",3610.0473933649287
CTown Supermarkets,"3970 Laconia Avenue, The Bronx",40.88397070000001,-73.84908709999999,"$61,528 ",3610.0473933649287
Foodtown of White Plains,"3734 White Plains Road, The Bronx",40.882318,-73.863063,"$61,528 ",3610.0473933649287
Associated Supermarkets of Edenwald,"4141 Laconia Avenue, The Bronx",40.8882658,-73.84710179999999,"$61,528 ",3610.0473933649287
SY Grace West Indian Supermarket,"4018b Boston Road, The Bronx",40.88386129999999,-73.8318808,"$61,528 ",3610.0473933649287
Western Beef Supermarket,"1564 Southern Boulevard, The Bronx",40.8351484,-73.8886204,"$15,398 ",1973.1753554502368
Key Food Supermarkets,"3515 Jerome Avenue, The Bronx",40.8824642,-73.8819932,"$37,648 ",3300.6161137440754
Fine Fare Supermarkets,"1199 East 233rd Street, The Bronx",40.88946320000001,-73.8436203,"$61,528 ",3610.0473933649287
ShopRite of Pelham Parkway,"847 Pelham Parkway, Pelham",40.8917584,-73.82057019999999,"$61,528 ",3610.0473933649287
Key Food Supermarkets,"3151 Westchester Avenue, The Bronx",40.8504111,-73.83046390000001,"$39,322 ",4082.890995260663
Key Food Supermarkets,"2722 East Tremont Avenue, The Bronx",40.842222,-73.84534529999999,"$39,322 ",4082.890995260663
CTown Supermarkets,"385 City Island Avenue, The Bronx",40.849233,-73.7875751,"$57,007 ",2852.890995260663
Food Universe Marketplace,"2061 Bartow Avenue, The Bronx",40.87061080000001,-73.8284029,"$61,528 ",3610.0473933649287
CO-OP CITY AFRICAN MARKET Inc.,"2829 Edson Avenue, The Bronx",40.8686239,-73.83377709999999,"$61,528 ",3610.0473933649287
Antillana SuperFood Marketplace,"2750 East Tremont Avenue, The Bronx",40.8419829,-73.8444184,"$39,322 ",4082.890995260663
Zerega Bazar - Al Aqsa Halal Meat 3 | Supermarket in Bronx,"2409 Westchester Avenue, The Bronx",40.8374272,-73.8462643,"$39,322 ",4082.890995260663
FINE FARE SUPERMARKETS,"3040 Eastchester Road, The Bronx",40.8703823,-73.8428665,"$61,528 ",3610.0473933649287
bp,"3804 Boston Road, The Bronx",40.881189,-73.838301,"$61,528 ",3610.0473933649287
Amoco,"4090 Boston Road, The Bronx",40.8856,-73.82809,"$61,528 ",3610.0473933649287
ADI's Supermarket,"1375 Castle Hill Avenue, The Bronx",40.8357355,-73.8524607,"$39,322 ",4082.890995260663
Grameen Bazaar,"2169 Starling Avenue, The Bronx",40.83642899999999,-73.8529089,"$39,322 ",4082.890995260663
Hasan Super Market,"2165 Starling Avenue, The Bronx",40.8363671,-73.8530439,"$39,322 ",4082.890995260663
Palm Tree Marketplace,"3717 Boston Road, The Bronx",40.8806672,-73.8411272,"$61,528 ",3610.0473933649287
Amoco,"4394 Boston Post Road, Pelham",40.8908525,-73.81743999999999,"$61,528 ",3610.0473933649287
Ittadi Bazaar Halal Food Market,"2111 Starling Avenue, The Bronx",40.8363041,-73.8546558,"$39,322 ",4082.890995260663
Al Aqsa Halal Meat Supermarket | Bronx,"2109 Starling Avenue, The Bronx",40.8364162,-73.8548169,"$39,322 ",4082.890995260663
Spice Up Supermarket and Halal Food,"1002 Castle Hill Avenue, The Bronx",40.8278298,-73.849897,"$39,322 ",4082.890995260663
Premium Halal Meat & Fish,"1500 Olmstead Avenue, The Bronx",40.8362211,-73.8550302,"$39,322 ",4082.890995260663
KHALIL SUPERMARKET,"1455 Unionport Road, The Bronx",40.8354074,-73.8556579,"$39,322 ",4082.890995260663
Lidl,"840 Pelham Parkway, Pelham",40.8926903,-73.81792080000001,"$61,528 ",3610.0473933649287
North Shore Farms,"190 Glen Cove Avenue, Glen Cove",40.8502997,-73.6352112,"$86,731 ",1071.1223551057958
La Placita Supermarket,"210 Glen Street, Glen Cove",40.8614511,-73.6237371,"$86,731 ",1071.1223551057958
Bravo Supermarkets,"210 Glen Street, Glen Cove",40.8614671,-73.62370609999999,"$86,731 ",1071.1223551057958
Locust Valley Market,"220 Birch Hill Road, Locust Valley",40.8795735,-73.5958,"$86,731 ",1071.1223551057958
New Era Supermarket,"259 Park Avenue, Paterson",40.915,-74.155,"$113,828 ",9210.748898678414
Noya Bazaar Supermarket,"139 Wayne Avenue, Paterson",40.9191329,-74.18645810000001,"$113,828 ",9210.748898678414
Market Street Grocery,"354 Market Street, Paterson",40.9142593,-74.1634883,"$113,828 ",9210.748898678414
Super Supermarket,"31 Memorial Drive, Paterson",40.92089170000001,-74.1731641,"$113,828 ",9210.748898678414
Super Market,"290 Van Houten Street, Paterson",40.917854,-74.16367149999999,"$113,828 ",9210.748898678414
Associated Supermarket,"494 Ellison Street, Paterson",40.9166113,-74.15571729999999,"$113,828 ",9210.748898678414
Barben Superior Supermarket,"950 Main Street, Paterson",40.8951363,-74.16034239999999,"$113,828 ",9210.748898678414
CTown Supermarkets,"444 20th Avenue, Paterson",40.9074691,-74.1504638,"$113,828 ",9210.748898678414
Dino's Pizza & Chicken,"15 Lafayette Street #1107, Paterson",40.9259931,-74.16505099999999,"$113,828 ",9210.748898678414
Golden Mango Supermarkets,"200 Broadway, Paterson",40.918511,-74.1665196,"$113,828 ",9210.748898678414
466 River Mini Market + La Nacional,"466 River Street, Paterson",40.9304445,-74.1598956,"$53,592 ",4854.31718061674
Bangla Town Supermarket & halal meet,"376 Union Avenue, Paterson",40.92017039999999,-74.1866364,"$113,828 ",9210.748898678414
Food Fair La Gran Marqueta,"946 Market Street, Paterson",40.90197370000001,-74.142045,"$113,828 ",9210.748898678414
Tana's Food Market,"52 Cianci Street, Paterson",40.91593839999999,-74.1752616,"$113,828 ",9210.748898678414
bp,"845 Riverview Drive, Totowa",40.8985488,-74.237473,"$113,828 ",9210.748898678414
Quinones Grocery,"434 East 31st Street, Paterson",40.91094869999999,-74.1454433,"$113,828 ",9210.748898678414
CTown Supermarkets,"680 Main Street, Paterson",40.9028472,-74.1674451,"$113,828 ",9210.748898678414
J & S Mini Market,"94 Nagle Street, Paterson",40.908683,-74.1910362,"$113,828 ",9210.748898678414
BD Supermarket,"100 Sherwood Avenue, Paterson",40.9175157,-74.192763,"$113,828 ",9210.748898678414
"Al Madina Supermarket, LLC","301 Preakness Avenue, Paterson",40.92027100000001,-74.19283899999999,"$113,828 ",9210.748898678414
El Nuevo Bodegon,"359 Totowa Avenue, Paterson",40.91808,-74.18527499999999,"$113,828 ",9210.748898678414
C&C Grocery &Deli,"327 Totowa Avenue, Paterson",40.91837509999999,-74.1842436,"$113,828 ",9210.748898678414
La Nany Supermarket,"356 Union Avenue, Paterson",40.9197254,-74.18734119999999,"$113,828 ",9210.748898678414
Fresh World Supermarket,"154 Wayne Avenue, Paterson",40.919657,-74.18658289999999,"$113,828 ",9210.748898678414
Mama Coloma grocery & deli,"175 Mill Street, Paterson",40.9103508,-74.1738563,"$113,828 ",9210.748898678414
Union Avenue Supermarket,"373 Union Avenue, Paterson",40.920329,-74.1868564,"$113,828 ",9210.748898678414
Midtown Market,"83 Marshall Street, Paterson",40.91069659999999,-74.17291589999999,"$113,828 ",9210.748898678414
Adnan Supermarket And Halal Meat,"332 Chamberlain Avenue, Paterson",40.92285389999999,-74.1920566,"$113,828 ",9210.748898678414
Lissette Supermarket,"428 Main Street, Paterson",40.9107007,-74.172085,"$113,828 ",9210.748898678414
Main St. Supermarket & Deli,"394 Main Street, Paterson",40.9118746,-74.17258489999999,"$113,828 ",9210.748898678414
ALDI,"465 U.S. 46, Totowa",40.8954212,-74.2315879,"$113,828 ",9210.748898678414
Price Rite Marketplace of Paterson,"301 Main Street, Paterson",40.9150351,-74.1731236,"$113,828 ",9210.748898678414
SAGAL Food Market,"174 Main Street, Paterson",40.9178474,-74.1733094,"$113,828 ",9210.748898678414
GREENLAND DAIRY,"20 West End Road, Totowa",40.90126590000001,-74.2401462,"$113,828 ",9210.748898678414
Wa Supermarket,"114 Passaic County 675, Paterson",40.9278475,-74.1800781,"$113,828 ",9210.748898678414
New Star Halal Meat,"48 East Railway Avenue, Paterson",40.8998036,-74.1576531,"$113,828 ",9210.748898678414
Las Maria's Supermarket,"85 North 7th Street, Paterson",40.9278898,-74.1784436,"$113,828 ",9210.748898678414
Middle East Food Market,"1029 Main Street, Paterson",40.8930277,-74.15764990000001,"$113,828 ",9210.748898678414
Palestine supermarket,"351 Getty Avenue, Paterson",40.895362,-74.15682530000001,"$113,828 ",9210.748898678414
bp,"265 Broadway, Paterson",40.9189197,-74.1631965,"$113,828 ",9210.748898678414
El Aguila Supermarket #2,"945 Madison Avenue, Paterson",40.9085894,-74.1566778,"$113,828 ",9210.748898678414
Food Pro supermarket,"307 Broadway, Paterson",40.91875109999999,-74.16162469999999,"$113,828 ",9210.748898678414
Friends & Family Deli,"292 Belmont Avenue, Haledon",40.9329921,-74.18384979999999,"$113,828 ",9210.748898678414
"Getty Meat & Produce, Inc/Farmboy Country Market","465 Getty Avenue, Paterson",40.8922003,-74.1535856,"$113,828 ",9210.748898678414
bp,"780 Market Street, Paterson",40.90577,-74.14783700000001,"$113,828 ",9210.748898678414
SuperFresh,"465 Getty Avenue, Paterson",40.89272959999999,-74.1525999,"$113,828 ",9210.748898678414
Rosa Park Supermarket,"268 Rosa Parks Boulevard, Paterson",40.9198305,-74.1589933,"$113,828 ",9210.748898678414
Coco Supermarket,"293 Hamilton Avenue, Paterson",40.920195,-74.159229,"$113,828 ",9210.748898678414
Super Supermarket,"408 Haledon Avenue, Haledon",40.9385964,-74.1815194,"$113,828 ",9210.748898678414
Whole Foods Market,"560 Valley Road, Wayne",40.9308926,-74.22680249999999,"$113,828 ",9210.748898678414
bp,"263 East 29th Street, Paterson",40.9267755,-74.1431819,"$53,592 ",4854.31718061674
ACME Markets,"75 Mayhill Street, Saddle Brook",40.8992008,-74.09238479999999,"$53,592 ",4854.31718061674
CTown Supermarkets,"444 Madison Avenue, Paterson",40.9256531,-74.1521175,"$53,592 ",4854.31718061674
East Side Grocery,"462 10th Avenue, Paterson",40.92333989999999,-74.1452917,"$53,592 ",4854.31718061674
Nana Pena Grocery,"276 Trenton Avenue, Paterson",40.8969584,-74.1467402,"$113,828 ",9210.748898678414
El mercadito fruit & meat market,"592 21st Avenue, Paterson",40.9053709,-74.1477451,"$113,828 ",9210.748898678414
"AKMARKET - Aslan Marketing LLC.,","320 Wabash Avenue, Paterson",40.89318,-74.148957,"$113,828 ",9210.748898678414
Smart Shoppers,"290 East Railway Avenue, Paterson",40.8925263,-74.1511027,"$113,828 ",9210.748898678414
Al Quds Super Market,"305-307 East Railway Avenue, Paterson",40.89207710000001,-74.15031619999999,"$113,828 ",9210.748898678414
Food Universe Marketplace,"498 East 30th Street, Paterson",40.90957899999999,-74.147346,"$113,828 ",9210.748898678414
La Barata Supermarket,"514 Park Avenue, Paterson",40.9132191,-74.1433098,"$113,828 ",9210.748898678414
Universal Food Markets,"494 Ellison Street, Paterson",40.9167838,-74.1559179,"$113,828 ",9210.748898678414
Whole Foods Market,"300 Bergen Town Center, Paramus",40.9140564,-74.0572656,"$54,717 ",8370.925110132159
Subzi Bazaar Grocery,"194 New Jersey 17, Rochelle Park",40.9054972,-74.0712972,"$53,592 ",4854.31718061674
bp,"253 Route 4, Paramus",40.9151589,-74.0499911,"$54,717 ",8370.925110132159
ShopRite of Rochelle Park,"220 West Passaic Street, Rochelle Park",40.9151439,-74.08057409999999,"$53,592 ",4854.31718061674
bp,"80 Essex Street, Lodi",40.8931123,-74.075181,"$53,592 ",4854.31718061674
bp,"387 Market Street, Saddle Brook",40.89718,-74.096496,"$53,592 ",4854.31718061674
VRAJ FRESH,"449 Market Street, Saddle Brook",40.8977805,-74.099082,"$53,592 ",4854.31718061674
The Market C-Store | Deli and More,"487 Fairlawn Parkway, Saddle Brook",40.91630869999999,-74.09983009999999,"$53,592 ",4854.31718061674
ShopRite of Elmwood Park,"180 Broadway, Elmwood Park",40.919822,-74.1203574,"$53,592 ",4854.31718061674
H Mart Paramus,"60 New Jersey 17, Paramus",40.9156188,-74.0717366,"$54,717 ",8370.925110132159
bp,"220 West Drive #4, Paramus",40.9256362,-74.0906976,"$54,717 ",8370.925110132159
Lidl,"58 Broadway, Elmwood Park",40.91872999999999,-74.12686,"$53,592 ",4854.31718061674
Target Grocery,"900 Bergen Town Center, Paramus",40.91634010000001,-74.0610221,"$54,717 ",8370.925110132159
bp,"100 State Route 17, Paramus",40.9275051,-74.070229,"$54,717 ",8370.925110132159
ALDI,"492 Main Street, Hackensack",40.8943712,-74.03904229999999,"$54,717 ",8370.925110132159
99 Ranch Market,"450 Hackensack Avenue, Hackensack",40.90940399999999,-74.02896179999999,"$54,717 ",8370.925110132159
Grand and Essex Market,"89 New Bridge Road, Bergenfield",40.915318,-74.001076,"$62,243 ",2410.687203791469
Glatt Express Supermarket,"1400 Queen Anne Road, Teaneck",40.9013332,-74.0053884,"$54,717 ",8370.925110132159
Target Grocery,"630 Main Street, Hackensack",40.8991912,-74.03900879999999,"$54,717 ",8370.925110132159
Zaina Mart Smoke Shop,"20 Route 4, Hackensack",40.90384569999999,-74.0306885,"$54,717 ",8370.925110132159
bp,"1365 Queen Anne Road, Teaneck",40.9006423,-74.0056029,"$54,717 ",8370.925110132159
Lidl,"80 New Bridge Road, Bergenfield",40.9128109,-74.0011107,"$62,243 ",2410.687203791469
ALDI,"433 South Washington Avenue, Bergenfield",40.9137232,-73.9965009,"$62,243 ",2410.687203791469
ShopRite of Englewood,"40 Nathaniel Place, Englewood",40.896772,-73.97546369999999,"$54,717 ",8370.925110132159
bp,"20 County Road, Tenafly",40.9246242,-73.96332319999999,"$62,243 ",2410.687203791469
Asian American Food Mart,"23 Veterans Plaza, Bergenfield",40.9286691,-73.9978884,"$62,243 ",2410.687203791469
Tenafly Gourmet Farms Inc,"15 Highwood Avenue, Tenafly",40.9264964,-73.9636977,"$62,243 ",2410.687203791469
NEW GRAND SUPERMARKET,"NEW GRAND SUPER MARKET, 101 C, Portland Avenue, Bergenfield",40.9244567,-73.99755689999999,"$62,243 ",2410.687203791469
Middle East Grocery,"16 West Madison Avenue C, Dumont",40.9406313,-73.9945512,"$62,243 ",2410.687203791469
Emanu-el delicatessen,"52 West Railroad Avenue, Tenafly",40.9283513,-73.96425239999999,"$62,243 ",2410.687203791469
Kings Food Markets,"70 Union Avenue, Cresskill",40.94086099999999,-73.9603128,"$62,243 ",2410.687203791469
Key Food Supermarkets,"540 West 235th Street, The Bronx",40.8854373,-73.90924559999999,"$62,243 ",2410.687203791469
CTown Supermarkets,"5686 Mosholu Avenue, The Bronx",40.9052883,-73.9010988,"$62,243 ",2410.687203791469
Garden Gourmet Market - Supermarket,"5665 Broadway, The Bronx",40.88103719999999,-73.9035329,"$62,243 ",2410.687203791469
Riverdale Kosher Market,"5683 Riverdale Avenue, The Bronx",40.9068555,-73.9049213,"$62,243 ",2410.687203791469
Cherry Valley Marketplace,"529 South Broadway #3256, Yonkers",40.914799,-73.897115,"$62,243 ",2410.687203791469
bp,"3010 Riverdale Avenue, The Bronx",40.880452,-73.9099864,"$62,243 ",2410.687203791469
Saratoga Market,"208 Saratoga Avenue, Yonkers",40.91090150000001,-73.8927252,"$62,243 ",2410.687203791469
Key Food Supermarkets,"5661 Riverdale Avenue, The Bronx",40.9060147,-73.904986,"$62,243 ",2410.687203791469
Foodtown of Riverdale,"5555 Broadway, The Bronx",40.87862130000001,-73.9053354,"$62,243 ",2410.687203791469
Ben's Market,"19 Knolls Crescent # B, The Bronx",40.87849239999999,-73.91746789999999,"$34,894 ",3037.914691943128
Bishops' Storehouse,"250 Dyckman Street, New York",40.8661972,-73.9287259,"$34,894 ",3037.914691943128
CTown Supermarkets,"4918 Broadway, New York",40.8673003,-73.92160729999999,"$34,894 ",3037.914691943128
Amoco,"542 Riverdale Avenue, Yonkers",40.9132165,-73.9021819,"$62,243 ",2410.687203791469
Dan's Supermarket,"96 Sherman Avenue, New York",40.8640334,-73.92538549999999,"$34,894 ",3037.914691943128
Dan's Supermarket,"572 West 207th Street, New York",40.8664501,-73.9207588,"$34,894 ",3037.914691943128
Food Universe Marketplace,"184 West 231st Street, The Bronx",40.87850570000001,-73.90414419999999,"$37,648 ",3300.6161137440754
ALDI,"5532 Broadway, The Bronx",40.8778363,-73.90465569999999,"$37,648 ",3300.6161137440754
Target Grocery,"40 West 225th Street #50, The Bronx",40.8733943,-73.90778929999999,"$34,894 ",3037.914691943128
ANTILLANA SUPERMARKET,"490 West 207th Street, New York",40.8641815,-73.9185779,"$34,894 ",3037.914691943128
Naty Food Corp,"7 Hillside Avenue, New York",40.85888179999999,-73.9307989,"$54,717 ",8370.925110132159
Sedgwick Marketplace,"2891 Sedgwick Avenue, The Bronx",40.8749773,-73.9016336,"$37,648 ",3300.6161137440754
Shop Fair of Fort George,"4490 Broadway, New York",40.8576919,-73.931848,"$54,717 ",8370.925110132159
Surya Indian Grocery,"589 Central Park Avenue, Yonkers",40.92210290000001,-73.8626168,"$61,528 ",3610.0473933649287
Foodtown of Linden St.,"70 Linden Street, Yonkers",40.93357719999999,-73.89162069999999,"$62,243 ",2410.687203791469
bp,"1 East 233rd Street, The Bronx",40.8957171,-73.87647179999999,"$37,648 ",3300.6161137440754
ACME Markets,"660 McLean Avenue, Yonkers",40.9093209,-73.8765085,"$62,243 ",2410.687203791469
CTown of Woodlawn,"4265 Katonah Avenue, The Bronx",40.8973607,-73.86740499999999,"$61,528 ",3610.0473933649287
NSA Supermarkets,"230 South Broadway, Yonkers",40.92538,-73.8952719,"$62,243 ",2410.687203791469
Ideal Food Basket of Broadway,"230 South Broadway, Yonkers",40.9254312,-73.8953792,"$62,243 ",2410.687203791469
ShopRite of Greenway Plaza,"25-43 Prospect Street, Yonkers",40.9327731,-73.90082190000001,"$62,243 ",2410.687203791469
Foodtown of White Plains Road,"4332 White Plains Road, The Bronx",40.89617199999999,-73.855542,"$61,528 ",3610.0473933649287
bp,"102 Yonkers Avenue, Yonkers",40.935121,-73.885623,"$62,243 ",2410.687203791469
Food Universe Marketplace,"50 Van Cortlandt Avenue West, The Bronx",40.8828954,-73.8930355,"$37,648 ",3300.6161137440754
Fine Fare Supermarkets,"4725 White Plains Road, The Bronx",40.90408910000001,-73.8500537,"$61,528 ",3610.0473933649287
bp,"757 Central Park Avenue, Yonkers",40.92713500000001,-73.85786000000002,"$61,528 ",3610.0473933649287
bp,"191 McLean Avenue, Yonkers",40.91426190000001,-73.8898656,"$62,243 ",2410.687203791469
Top Tomato Super Store,"420 South Broadway, Yonkers",40.91889339999999,-73.8955579,"$62,243 ",2410.687203791469
CTown Supermarkets,"264 East 204th Street, The Bronx",40.8739186,-73.8840372,"$37,648 ",3300.6161137440754
Key Food Supermarkets,"4171 White Plains Road, The Bronx",40.8930667,-73.8579329,"$61,528 ",3610.0473933649287
SuperFresh Fordham Manor,"277 East 198th Street, The Bronx",40.86880780000001,-73.8882963,"$37,648 ",3300.6161137440754
Morton Williams the Fresh Marketplace,"15 East Kingsbridge Road, The Bronx",40.8674102,-73.89671109999999,"$37,648 ",3300.6161137440754
bp,"3276 Jerome Avenue, The Bronx",40.8783957,-73.88585859999999,"$37,648 ",3300.6161137440754
Fine Fare Supermarkets,"3131, 1 Grand Concourse, The Bronx",40.8750127,-73.8867124,"$37,648 ",3300.6161137440754
Foodtown of Bainbridge,"283 East 204th Street, The Bronx",40.873577,-73.878776,"$37,648 ",3300.6161137440754
FOOD BAZAAR,"1 Bogopa Plaza, Mount Vernon",40.90838169999999,-73.8347273,"$61,528 ",3610.0473933649287
Foodtown of Mount Vernon,"31 East Prospect Avenue, Mount Vernon",40.9130388,-73.83585529999999,"$61,528 ",3610.0473933649287
bp,"681 East Lincoln Avenue, Mount Vernon",40.91663479999999,-73.8129433,"$61,528 ",3610.0473933649287
bp,"944 Central Park Avenue, Yonkers",40.93414300000001,-73.8557345,"$61,528 ",3610.0473933649287
Manor Market,"4775-77 Boston Post Road, Pelham",40.8969154,-73.80451959999999,"$61,528 ",3610.0473933649287
ACME Markets,"12 Cedar Street, Bronxville",40.9389226,-73.8339765,"$61,528 ",3610.0473933649287
Paradise Food Market,"2476 Williamsbridge Road, The Bronx",40.862568,-73.8575472,"$57,394 ",2683.2227488151657
Fine Fare Supermarkets,"2556 Boston Road, The Bronx",40.8647015,-73.8629946,"$57,394 ",2683.2227488151657
Bani Food Market Corporation,"15 South Fulton Avenue, Mount Vernon",40.9108208,-73.8285387,"$61,528 ",3610.0473933649287
Met Foodmarkets,"4401 White Plains Road, The Bronx",40.89869569999999,-73.8544964,"$61,528 ",3610.0473933649287
LUPITAS MEXICAN GROCERY II INC,"654, 11 East 233rd Street #10, The Bronx",40.8937368,-73.8589623,"$61,528 ",3610.0473933649287
Caribbean Supermarket,"223 West 1st Street, Mount Vernon",40.9092968,-73.84665269999999,"$61,528 ",3610.0473933649287
City Fresh Market,"4139 Laconia Avenue, The Bronx",40.88814649999999,-73.8470064,"$61,528 ",3610.0473933649287
Amoco,"1220 East 233rd Street, The Bronx",40.88852,-73.842688,"$61,528 ",3610.0473933649287
ShopRite of New Rochelle,"8 Palmer Avenue, New Rochelle",40.916994,-73.7787503,"$61,528 ",3610.0473933649287
CTown Supermarkets,"538 Main Street, New Rochelle",40.9078852,-73.7825806,"$61,528 ",3610.0473933649287
Foodtown of New Rochelle,"430 Pelham Road, New Rochelle",40.895571,-73.779178,"$61,528 ",3610.0473933649287
Food Mart,"119 Pelham Road, New Rochelle",40.9052193,-73.7747736,"$61,528 ",3610.0473933649287
DeCicco & Sons Larchmont,"2141 Palmer Avenue, Larchmont",40.9286125,-73.7649666,"$61,528 ",3610.0473933649287
Viva Ranch Fruit Market,"38 Centre Avenue, New Rochelle",40.90889979999999,-73.7854121,"$61,528 ",3610.0473933649287
Supermercado Mexico,"100 Union Avenue, New Rochelle",40.9099176,-73.7889244,"$61,528 ",3610.0473933649287
bp,"819 Main Street, New Rochelle",40.901826,-73.792828,"$61,528 ",3610.0473933649287
La Placita Fresh Market,"768 Main Street, New Rochelle",40.9024429,-73.7902069,"$61,528 ",3610.0473933649287
Sabrett Frankfurter Distributors,"28 Webster Avenue, New Rochelle",40.90522969999999,-73.7888541,"$61,528 ",3610.0473933649287
Farmers market,"28 Centre Avenue, New Rochelle",40.9086959,-73.7858261,"$61,528 ",3610.0473933649287
DeCicco & Sons Pelham,"43 Fifth Avenue, Pelham",40.91198780000001,-73.8094959,"$61,528 ",3610.0473933649287
Target Grocery,"500 East Sandford Boulevard, Mount Vernon",40.9004016,-73.8185642,"$61,528 ",3610.0473933649287
bp,"390 East 3rd Street, Mount Vernon",40.9097879,-73.82225609999999,"$61,528 ",3610.0473933649287
Main Street Supermarket Corporation,"404 Main Street, New Rochelle",40.91095429999999,-73.7780439,"$61,528 ",3610.0473933649287
Amoco,"452 North Avenue, New Rochelle",40.917548,-73.786199,"$61,528 ",3610.0473933649287
New Rochelle Farms,"465 North Avenue, New Rochelle",40.9180738,-73.78593579999999,"$61,528 ",3610.0473933649287
Las Antillas Produce Meat Market,"169 East 3rd Street, Mount Vernon",40.908558,-73.8283982,"$61,528 ",3610.0473933649287
North Ave Food Market,"570 North Avenue, New Rochelle",40.9212428,-73.78802240000002,"$61,528 ",3610.0473933649287
Sunshine Supermarket,"3830 Dyre Avenue, The Bronx",40.88891249999999,-73.8311294,"$61,528 ",3610.0473933649287
La Placita Food Market,"1 Park Avenue, Mount Vernon",40.9127855,-73.833846,"$61,528 ",3610.0473933649287
Amoco,"497 New Rochelle Road, Bronxville",40.92925899999999,-73.809223,"$61,528 ",3610.0473933649287
Amoco,"230 West Lincoln Avenue, Mount Vernon",40.913066,-73.844341,"$61,528 ",3610.0473933649287
S & A Laconia Grocery,"3952 Laconia Avenue, The Bronx",40.8835723,-73.8494772,"$61,528 ",3610.0473933649287
C & A West Indian Supermarket Fish & Grocery,"3439 Boston Road, The Bronx",40.8762705,-73.84924269999999,"$61,528 ",3610.0473933649287
Trader Joe's,"1260 West Boston Post Road, Larchmont",40.9383861,-73.7464907,"$61,528 ",3610.0473933649287
Larchmont Meateria,"9 Addison Street, Larchmont",40.92932489999999,-73.7523918,"$61,528 ",3610.0473933649287
Food Basket,"68 Bayville Avenue, Bayville",40.9094731,-73.5738894,"$86,731 ",1071.1223551057958
Trader Joe's,"910 Hamburg Turnpike, Wayne",40.95984310000001,-74.2300832,"$113,828 ",9210.748898678414
ShopRite of Wayne,"30 Wayne Hills Mall, Wayne",40.9625683,-74.23900359999999,"$113,828 ",9210.748898678414
Market Basket,"54-56 Utter Avenue, Hawthorne",40.95974,-74.153374,"$53,592 ",4854.31718061674
bp,"401 Wagaraw Road, Fair Lawn",40.942564,-74.147863,"$53,592 ",4854.31718061674
Suncrest Service Station,"346 High Mountain Road, North Haledon",40.9496821,-74.1819847,"$53,592 ",4854.31718061674
ALDI,"625 Hamburg Turnpike, Wayne",40.9543208,-74.2206839,"$113,828 ",9210.748898678414
bp,"716 Goffle Road, Hawthorne",40.9582432,-74.1619559,"$53,592 ",4854.31718061674
La Nueva Mercedes Supermarket,"500 River Street, Paterson",40.9313223,-74.15900909999999,"$53,592 ",4854.31718061674
Superior Comfort Discount Store,"236 6th Avenue, Paterson",40.933401,-74.1555077,"$53,592 ",4854.31718061674
Bravo Supermarkets,"74-76 East 15th Street, Paterson",40.9339903,-74.15432919999999,"$53,592 ",4854.31718061674
Latino Supermarket,"752 River Street, Paterson",40.93793060000001,-74.15123419999999,"$53,592 ",4854.31718061674
Rosa Parks Food Center,"92 Rosa Parks Boulevard, Paterson",40.9256831,-74.1589623,"$113,828 ",9210.748898678414
Food Universe Marketplace,"937 Lincoln Avenue, Glen Rock",40.9506231,-74.145417,"$53,592 ",4854.31718061674
A BETTER MARKET,"215 Rosa Parks Boulevard, Paterson",40.9212411,-74.1588281,"$113,828 ",9210.748898678414
Whole Foods Market,"44 Godwin Avenue, Ridgewood",40.9784275,-74.122508,"$62,243 ",2410.687203791469
Kings Food Markets,"85 Godwin Avenue, Midland Park",40.9839553,-74.13830589999999,"$62,243 ",2410.687203791469
ACME Markets,"136 Lake St, Midland Park",40.98290859999999,-74.1403892,"$54,717 ",8370.925110132159
Kilroy's Wonder Market,"288 Rock Road, Glen Rock",40.96195410000001,-74.127694,"$54,717 ",8370.925110132159
Food Showcase,"24-28 Fair Lawn Avenue, Fair Lawn",40.93957959999999,-74.1183428,"$53,592 ",4854.31718061674
Quality Market & Deli,"408 5th Avenue, Paterson",40.9329316,-74.14422379999999,"$53,592 ",4854.31718061674
king farmers market,"918 Prospect Street, Glen Rock",40.951992,-74.10803419999999,"$54,717 ",8370.925110132159
"Green Way Markets Ridgewood - Food, Wine & Spirits","112 North Maple Avenue, Ridgewood",40.98117560000001,-74.11326,"$62,243 ",2410.687203791469
Trader Joe's,"404 New Jersey 17, Paramus",40.9483179,-74.0705862,"$62,243 ",2410.687203791469
bp,"845 New Jersey 17, Paramus",40.9774703,-74.0829906,"$62,243 ",2410.687203791469
Amoco,"624 New Jersey 17, Paramus",40.96099299999999,-74.07550499999999,"$62,243 ",2410.687203791469
bp,"640 New Jersey 17, Paramus",40.96232799999999,-74.076072,"$62,243 ",2410.687203791469
Stew Leonard's Farm Fresh Food & Wine,"700 Paramus Park, Paramus",40.9546179,-74.0682698,"$62,243 ",2410.687203791469
Amazon Fresh,"30 East Ridgewood Avenue, Paramus",40.9668836,-74.07495899999999,"$62,243 ",2410.687203791469
Father and son food mart,"Sunoco gas station, 539 Forest Avenue, Paramus",40.95308050000001,-74.0515226,"$62,243 ",2410.687203791469
Trader Joe's,"20 Irvington Street, Westwood",40.9931665,-74.0359788,"$62,243 ",2410.687203791469
ShopRite of New Milford,"250 River Road, New Milford",40.9444718,-74.0217497,"$62,243 ",2410.687203791469
The Fresh Grocer of Pascack Rd.,"315 Pascack Road, Township of Washington",40.98667090000001,-74.06302219999999,"$62,243 ",2410.687203791469
Oradel Mini Market & Deli,"219 Kinderkamack Road, Oradell",40.9477332,-74.0316187,"$62,243 ",2410.687203791469
bp,"484 Closter Dock Road, Closter",40.96525,-73.95459,"$62,243 ",2410.687203791469
Whole Foods Market,"45 Vervalen Street, Closter",40.9706989,-73.9563433,"$62,243 ",2410.687203791469
ShopRite of Emerson,"425 Old Hook Road, Emerson",40.981063,-74.0066981,"$62,243 ",2410.687203791469
My Spice Sage,"1 Main Street #319, Yonkers",40.93416029999999,-73.8980679,"$62,243 ",2410.687203791469
Shop Fair of Yonkers,"113 New Main Street, Yonkers",40.93347,-73.897154,"$62,243 ",2410.687203791469
LA HUERTA SUPERMARKET LLC,"125 New Main Street, Yonkers",40.93314350000001,-73.89687359999999,"$62,243 ",2410.687203791469
Stew Leonard's,"1 Stew Leonard Drive, Yonkers",40.9737483,-73.8645107,"$62,243 ",2410.687203791469
Whole Foods Market,"1 Ridge Hill Boulevard, Yonkers",40.961621,-73.8565216,"$62,243 ",2410.687203791469
Foodtown Express of Yonkers,"772 Palisade Avenue, Yonkers",40.9600933,-73.8851991,"$62,243 ",2410.687203791469
ShopRite of Tuckahoe,"278 Tuckahoe Road, Yonkers",40.953315,-73.858722,"$62,243 ",2410.687203791469
Key Food Marketplace,"key food weekly flyerNY, 1233 Nepperhan Avenue, Yonkers",40.965958,-73.8732376,"$62,243 ",2410.687203791469
bp,"1245 Nepperhan Avenue, Yonkers",40.96658,-73.872236,"$62,243 ",2410.687203791469
H Mart Yonkers,"1789 Central Park Avenue, Yonkers",40.95967889999999,-73.8430018,"$61,528 ",3610.0473933649287
Foodtown of Lake Avenue,"129 Lake Avenue, Yonkers",40.9471615,-73.8867894,"$62,243 ",2410.687203791469
JC Supermarket & Grocery,"200 Ashburton Avenue, Yonkers",40.9391596,-73.8883757,"$62,243 ",2410.687203791469
bp,"594 Nepperhan Avenue, Yonkers",40.9461251,-73.8822246,"$62,243 ",2410.687203791469
bp,"704 Saw Mill River Road, Yonkers",40.9595679,-73.8704454,"$62,243 ",2410.687203791469
Lockwood Super Market,"156 Lockwood Avenue, Yonkers",40.94818,-73.867661,"$62,243 ",2410.687203791469
key food,"500 Odell Avenue, Yonkers",40.966469,-73.8729986,"$62,243 ",2410.687203791469
bp,"631 Yonkers Avenue, Yonkers",40.926448,-73.868573,"$62,243 ",2410.687203791469
Ideal Fresh Market of Yonkers Ave,"779 Yonkers Avenue, Yonkers",40.9225219,-73.863551,"$61,528 ",3610.0473933649287
Ideal Food Basket,"779 Yonkers Avenue, Yonkers",40.9225579,-73.863477,"$61,528 ",3610.0473933649287
Sangam Indian Grocery & Spices,"1587 Central Park Avenue, Yonkers",40.9534045,-73.8438172,"$61,528 ",3610.0473933649287
Centuck Fresh Farm,"1571 Central Park Avenue, Yonkers",40.952703,-73.8440706,"$61,528 ",3610.0473933649287
Target Grocery,"9005 Xavier Drive, Yonkers",40.92791039999999,-73.8515477,"$61,528 ",3610.0473933649287
Trader Joe's,"727 White Plains Road, Scarsdale",40.97233749999999,-73.80487,"$61,528 ",3610.0473933649287
Country Markets of Westchester,"344 White Plains Road, Eastchester",40.9522456,-73.8156067,"$61,528 ",3610.0473933649287
ACME Markets,"23 Quaker Ridge Road, New Rochelle",40.94717350000001,-73.79404749999999,"$61,528 ",3610.0473933649287
The Fresh Market,"723 White Plains Road, Scarsdale",40.97158700000001,-73.806091,"$61,528 ",3610.0473933649287
bp,"381 White Plains Road, Eastchester",40.9549735,-73.81444599999999,"$61,528 ",3610.0473933649287
Lidl,"2574 Central Park Avenue, Yonkers",40.98634000000001,-73.825357,"$61,528 ",3610.0473933649287
DeCicco & Sons Eastchester,"777 White Plains Road, Scarsdale",40.9747184,-73.8040786,"$61,528 ",3610.0473933649287
Seasons,"Shopping Center, 1104 Wilmot Road, Scarsdale",40.9850862,-73.77769479999999,"$61,528 ",3610.0473933649287
Balducci's,"15 Palmer Avenue, Scarsdale",40.98518410000001,-73.7749087,"$61,528 ",3610.0473933649287
DeCicco & Sons Harrison,"7 Halstead Avenue, Harrison",40.961894,-73.72309899999999,"$61,528 ",3610.0473933649287
bp,"1 Boston Post Road, Rye",40.9552894,-73.7149829,"$61,528 ",3610.0473933649287
Market Fresh,"712 Old White Plains Road, Mamaroneck",40.9548753,-73.7403173,"$61,528 ",3610.0473933649287
North Shore Farms,"805 Mamaroneck Avenue, Mamaroneck",40.9568495,-73.7370232,"$61,528 ",3610.0473933649287
The Market At GUS'S,"120 Halstead Avenue, Harrison",40.964746,-73.7193064,"$61,528 ",3610.0473933649287
