Name,Address,Latitude,Longitude,Income,Density,Trafic
Chronodrive,"Grande, Route de Chasse, Ballainvilliers",48.6685109,2.2841057,19.59,23.92304964539007,21.96404964539007
E.Leclerc MASSY,"107 Route de Palaiseau, Massy",48.72939400000001,2.2442135,21.82,27.2625,25.0805
ALDI,"1 Rue du Président François Mitterrand, Longjumeau",48.7013456,2.2970436,19.59,23.92304964539007,21.96404964539007
Carrefour,"2 Rue des Canadiens, Massy",48.732159,2.287344999999999,19.59,23.92304964539007,21.96404964539007
G20 Supermarket,"42 Rue de Paris 91120, Palaiseau",48.71688169999999,2.247313,21.82,27.2625,25.0805
Carrefour,"4 Rue du Docteur Morère, Palaiseau",48.7114896,2.2440594,21.82,27.2625,25.0805
Franprix,"4 Rue Pasteur, Palaiseau",48.71527819999999,2.2465682,21.82,27.2625,25.0805
Coccinelle,"97 Rue Maurice Berteaux, Palaiseau",48.717009,2.2401348,21.82,27.2625,25.0805
Franprix,"Rue Pierre Curie Centre Commercial des Basses Garennes, Palaiseau",48.717174,2.260977,21.82,27.2625,25.0805
Carrefour,"Route de Saclay, Palaiseau",48.7171616,2.2336656,21.82,27.2625,25.0805
Costco Villebon-sur-Yvette,"3 Avenue de Bréhat, Villebon-sur-Yvette",48.6868684,2.2224326,21.82,27.2625,25.0805
Carrefour,"1 Rue Alexandra David-Neel, Massy",48.72087500000001,2.2666233,21.82,27.2625,25.0805
Lidl,"Chemin Départ, Longjumeau",48.6952849,2.2870376,19.59,23.92304964539007,21.96404964539007
E.Leclerc DRIVE Massy Palaiseau,"Palaiseau FR, 65 Avenue des Alliés, Massy",48.72584889999999,2.245945799999999,21.82,27.2625,25.0805
Auchan,"23-25 Place de l'Union Européenne, Massy",48.7268,2.25723,21.82,27.2625,25.0805
Auchan,"Centre de Villarceaux, Route de Villejust, Nozay",48.67155400000001,2.237423,21.82,27.2625,25.0805
Franprix,"80 Grande Rue, Longjumeau",48.6958846,2.2944396,19.59,23.92304964539007,21.96404964539007
Lidl,"14 Rue du Pileu, Massy",48.7301823,2.2398642,21.82,27.2625,25.0805
Carrefour,"Avenue de l'Europe, Massy",48.72557249999999,2.2785025,19.59,23.92304964539007,21.96404964539007
bp,"1-3 Route de Longjumeau, Chilly-Mazarin",48.7129271,2.2983994,19.59,23.92304964539007,21.96404964539007
Carrefour,"Rue De La, 5 Chemin de la Croix Saint-Jacques, La ville-du-Bois",48.66909959999999,2.2735906,19.59,23.92304964539007,21.96404964539007
Franprix,"16 Rue de Longjumeau, Massy",48.72980969999999,2.2767567,19.59,23.92304964539007,21.96404964539007
Coccinelle Express,"4 Allee Albert Thomas, Massy",48.7349525,2.26243,21.82,27.2625,25.0805
Franprix,"10 Avenue nationale, Massy",48.7286213,2.2853281,19.59,23.92304964539007,21.96404964539007
Franprix,"20-22 Rue Charles de Gaulle, Orsay",48.70283939999999,2.191858299999999,21.82,27.2625,25.0805
Franprix,"2 Rue du Docteur Ernest Lauriat, Orsay",48.6967773,2.1870947,21.82,27.2625,25.0805
Intermarché EXPRESS Villebon-Sur-Yvette,"35 Avenue du Général de Gaulle, Villebon-sur-Yvette",48.7003433,2.2144615,21.82,27.2625,25.0805
Picard,"16 route de Palaiseau cd117 face au Leclerc, 16 Route de Palaiseau, Massy",48.72878850000001,2.245879,21.82,27.2625,25.0805
Grand Frais Orsay,"Lieu-dit La Cyprenne, 69 Rue de Montlhéry, Orsay",48.6857858,2.1880502,21.82,27.2625,25.0805
Intermarché SUPER Chilly-Mazarin,"38 Route de Longjumeau, Chilly-Mazarin",48.70984199999999,2.29759,19.59,23.92304964539007,21.96404964539007
Picard,"Rond-Point de Mondetour, Les Ulis",48.68338379999999,2.1885813,21.82,27.2625,25.0805
Grand Frais Saulx-les-Chartreux,"Zone Commerciale La Ville du Bois, Saulx-les-Chartreux",48.671518,2.277829000000001,19.59,23.92304964539007,21.96404964539007
Chronodrive,"4 Rue du Perou, Massy",48.71906600000001,2.3005697,19.59,23.92304964539007,21.96404964539007
Picard,"3 Rue du Chemin de Fer, Chilly-Mazarin",48.7006144,2.307418,19.59,23.92304964539007,21.96404964539007
Lidl,"Avenue de la Plesse, Villebon-sur-Yvette",48.70289,2.25277,21.82,27.2625,25.0805
Auchan,"Cc Villebon, 2 Chemin de Briis, Villebon-sur-Yvette",48.70367900000001,2.253785,21.82,27.2625,25.0805
Picard,"centre commercial Auchan, Chemin de Briis, Villebon-sur-Yvette",48.70478629999999,2.2527766,21.82,27.2625,25.0805
Auchan,"2 Chemin de Briis, Villebon-sur-Yvette",48.70692999999999,2.253835999999999,21.82,27.2625,25.0805
Franprix,"27 Rue Léon Bourgeois, Palaiseau",48.7045943,2.2381254,21.82,27.2625,25.0805
cocciMarket,"1 Avenue du 1er Mai, Palaiseau",48.7138541,2.2583138,21.82,27.2625,25.0805
Marché d'à Côté,"2 Route de Villebon, Villejust",48.6841223,2.2365052,21.82,27.2625,25.0805
Franprix,"2 Route de Villebon, Villejust",48.6841198,2.2364972,21.82,27.2625,25.0805
Altar Distribution,"97 Rue Maurice Berteaux, Palaiseau",48.7170566,2.2401255,21.82,27.2625,25.0805
Carrefour,"8 Rue Henri Barbusse, Palaiseau",48.719523,2.262049699999999,21.82,27.2625,25.0805
Carrefour,"1 Rue du Pont Neuf, Saulx-les-Chartreux",48.6940658,2.2819585,19.59,23.92304964539007,21.96404964539007
Carrefour,"1 Rue du Pont Neuf, Saulx-les-Chartreux",48.69381769999999,2.2823482,19.59,23.92304964539007,21.96404964539007
Market Saulx-Les-Chartreux,"1 Rue du Pont Neuf, Saulx-les-Chartreux",48.6937947,2.2823387,19.59,23.92304964539007,21.96404964539007
Carrefour,"20 Rue Ampère, Massy",48.7200131,2.265365000000001,21.82,27.2625,25.0805
Carrefour,"place Du Grand Ouest, Massy",48.7233345,2.263027399999999,21.82,27.2625,25.0805
Carrefour,"Place du Grand Ouest, Massy",48.723672,2.262835,21.82,27.2625,25.0805
Csf,"25 Avenue Carnot, Massy",48.7243637,2.2611851,21.82,27.2625,25.0805
Carrefour,"Parking Ip Paris, Palaiseau",48.7109225,2.2150151,21.82,27.2625,25.0805
Commerces Place du Grand Ouest,"Place du Grand Ouest, Massy",48.724097,2.262768,21.82,27.2625,25.0805
Carrefour,"93 Avenue de Paris, Massy",48.7234663,2.2653876,21.82,27.2625,25.0805
Carrefour,"93 Avenue de Paris, Massy",48.7234095,2.2656015,21.82,27.2625,25.0805
Rapidmarket,"4 Rue Alfred de Musset, Palaiseau",48.7058274,2.2105385,21.82,27.2625,25.0805
SUPERMARCHÉ G20,"1 Place de Bretten, Longjumeau",48.6970897,2.2926609,19.59,23.92304964539007,21.96404964539007
Picnic Champlan,"8 Rue du Chemin Blanc, Champlan",48.70602230000001,2.2924383,19.59,23.92304964539007,21.96404964539007
SCAL Cash & Carry Courtaboeuf,"20 bis Avenue de la Baltique, Villebon-sur-Yvette",48.6892506,2.209553499999999,21.82,27.2625,25.0805
Xpisti,"1 Place des Causeuses, Palaiseau",48.7142971,2.211291699999999,21.82,27.2625,25.0805
ALDI,"1 Place Régis Ryckebush, Savigny-sur-Orge",48.69223789999999,2.3376672,17.09,25.036783216783217,23.327783216783217
Carrefour,"Rue de la Passerelle, Chilly-Mazarin",48.70044069999999,2.3196075,19.59,23.92304964539007,21.96404964539007
Franprix,"24/30 Rue du Général Leclerc, Morangis",48.7073123,2.3290958,17.09,25.036783216783217,23.327783216783217
Carrefour,"Z.I. Sables, Avenue Blaise Pascal, Morangis",48.696961,2.33378,17.09,25.036783216783217,23.327783216783217
Carrefour,"142 Grande Rue, Épinay-sur-Orge",48.67906560000001,2.3187171,19.59,23.92304964539007,21.96404964539007
E.Leclerc DRIVE Morangis,"69/71 Avenue Charles de Gaulle, Morangis",48.7060704,2.3436062,17.09,25.036783216783217,23.327783216783217
Supermarché G20,"6 Rue d'Alger, Massy",48.73475990000001,2.294649300000001,19.59,23.92304964539007,21.96404964539007
Picard,"angle, 50-52 avenue Aristide Briand, Rue Molière, Savigny-sur-Orge",48.6858489,2.3487338,17.09,25.036783216783217,23.327783216783217
Marché Entrepôt Savigny,"4 Avenue Gabriel Péri, Savigny-sur-Orge",48.6883314,2.3572551,17.09,25.036783216783217,23.327783216783217
Picard,"centre commercial Carrefour, Chemin des Tourelles, Épinay-sur-Orge",48.6677748,2.3363184,17.09,25.036783216783217,23.327783216783217
Franprix,"159 Avenue de la Division Leclerc, Antony",48.7411938,2.3028244,19.59,23.92304964539007,21.96404964539007
Auchan,"134 Rue Pascal, Antony",48.74049900000001,2.314116,19.59,23.92304964539007,21.96404964539007
Carrefour,"1 Chemin de la Vallée, Wissous",48.73733429999999,2.3278516,19.59,23.92304964539007,21.96404964539007
Lidl,"Saint-Guy, Avenue du Bel air, Massy",48.7298327,2.3019233,19.59,23.92304964539007,21.96404964539007
Franprix,"38 Rue du Mail, Savigny-sur-Orge",48.6734887,2.3509702,17.09,25.036783216783217,23.327783216783217
Marché Entrepôt Paray 2,"88 Avenue de Verdun, Paray-Vieille-Poste",48.7058799,2.3645057,17.09,25.036783216783217,23.327783216783217
Intermarché SUPER Juvisy-Sur-Orge,"27 Avenue Camille Desmoulins, Juvisy-sur-Orge",48.6943775,2.3577856,17.09,25.036783216783217,23.327783216783217
Lidl,"79 Avenue Charles de Gaulle, Morangis",48.7061473,2.3456409,17.09,25.036783216783217,23.327783216783217
O Cantinho Portugues,"204 Avenue de la Division Leclerc, Massy",48.7381927,2.301708000000001,19.59,23.92304964539007,21.96404964539007
Carrefour,"Avenue Blaise Pascal, Morangis",48.697163,2.334173,17.09,25.036783216783217,23.327783216783217
Grand Frais Chilly-Mazarin,"55 Route de Longjumeau, Chilly-Mazarin",48.706223,2.298461000000001,19.59,23.92304964539007,21.96404964539007
kavi exotic,"113 Rue du Président François Mitterrand, Longjumeau",48.6943901,2.2939783,19.59,23.92304964539007,21.96404964539007
SUPERMARCHÉ G20,"82 Rue de Gravigny, Chilly-Mazarin",48.6941979,2.309897,19.59,23.92304964539007,21.96404964539007
MITHRA MINI MARKET,"36 Avenue Mazarin, Chilly-Mazarin",48.70549339999999,2.3154841,19.59,23.92304964539007,21.96404964539007
Lidl,"8 Route de Massy, Chilly-Mazarin",48.7113731,2.306385499999999,19.59,23.92304964539007,21.96404964539007
Carrefour,"Rue de la Passerelle, Chilly-Mazarin",48.6999078,2.3191821,19.59,23.92304964539007,21.96404964539007
Marché d'à Côté,"11 Place des Charmilles, Longjumeau",48.6840519,2.3154947,19.59,23.92304964539007,21.96404964539007
Carrefour,"1 Rue du Perou, Massy",48.7197484,2.2997953,19.59,23.92304964539007,21.96404964539007
Csf,"17 Avenue Descartes, Morangis",48.6972425,2.3336585,17.09,25.036783216783217,23.327783216783217
Carrefour,"Zi Les Sables, Avenue Blaise Pascal, Morangis",48.6970202,2.334071900000001,17.09,25.036783216783217,23.327783216783217
Carrefour,"142 Grande Rue, Épinay-sur-Orge",48.6788524,2.317968,19.59,23.92304964539007,21.96404964539007
Jeyam Supermarché-Épicerie-Supérette CLAIR VILLAGE,"2 Place Beaumarchais, Savigny-sur-Orge",48.6848439,2.3302326,17.09,25.036783216783217,23.327783216783217
MONOPRIX,"127 Avenue du Général de Gaulle, Draveil",48.6862851,2.4079793,17.09,25.036783216783217,23.327783216783217
Carrefour,"180 N7, Athis-Mons",48.71216039999999,2.373358000000001,17.09,25.036783216783217,23.327783216783217
Picard,"2-4 Rue Francoeur, Viry-Châtillon",48.6755599,2.3848261,17.09,25.036783216783217,23.327783216783217
bp,"38 Avenue de Morangis, Athis-Mons",48.7059207,2.3686776,17.09,25.036783216783217,23.327783216783217
Picard ATHIS MONS,"71 Avenue François Mitterrand, Athis-Mons",48.7039323,2.371427799999999,17.09,25.036783216783217,23.327783216783217
Lidl,"28 Rue Henri Hamel, Athis-Mons",48.707721,2.3721481,17.09,25.036783216783217,23.327783216783217
Carrefour,"180, N7, Athis-Mons",48.7110208,2.3724434,17.09,25.036783216783217,23.327783216783217
Franprix,"30 Rue Monttessuy, Juvisy-sur-Orge",48.6873648,2.3845494,17.09,25.036783216783217,23.327783216783217
Intermarché SUPER Viry Châtillon,"21 Boulevard Meder, Viry-Châtillon",48.68327300000001,2.382384,17.09,25.036783216783217,23.327783216783217
MONOP'DAILY,"Terminal Orly Jonction, Orly",48.7262397,2.365317,17.09,25.036783216783217,23.327783216783217
ALDI,"94 bis Avenue du Général de Gaulle, Viry-Châtillon",48.6785033,2.383037400000001,17.09,25.036783216783217,23.327783216783217
E.Leclerc DRIVE Viry Châtillon,"80/90, Avenue du Général de Gaulle, Viry-Châtillon",48.6780224,2.383967,17.09,25.036783216783217,23.327783216783217
Franprix,"42 Avenue de Provence, Viry-Châtillon",48.668475,2.3608116,17.09,25.036783216783217,23.327783216783217
cocciMarket,"24 Rue du Port aux Dames, Draveil",48.6804542,2.4007004,17.09,25.036783216783217,23.327783216783217
E.Leclerc VIRY CHATILLON CEDEX,"28 Route de Grigny, Viry-Châtillon",48.6634902,2.376556299999999,17.09,25.036783216783217,23.327783216783217
Marché Entrepôt Grigny,"9 Rue des Halles, Grigny",48.670235,2.393732,17.09,25.036783216783217,23.327783216783217
Picard,"24 Place de la République, Draveil",48.68573199999999,2.409876999999999,17.09,25.036783216783217,23.327783216783217
Auchan,"27 Rue Victor Hugo, Juvisy-sur-Orge",48.6908,2.37793,17.09,25.036783216783217,23.327783216783217
Carrefour,"4 Rue V, Rue Valentin Conrart, Athis-Mons",48.7081439,2.3884601,17.09,25.036783216783217,23.327783216783217
Intermarché SUPER Morsang-Sur-Orge,"26 Avenue du Commandant Barre, Morsang-sur-Orge",48.6620934,2.3592447,17.09,25.036783216783217,23.327783216783217
Auchan,"Avenue de Morangis, Athis-Mons",48.70552199999999,2.362774,17.09,25.036783216783217,23.327783216783217
Lidl,"8 Rue Jean Pierre Timbaud, Morsang-sur-Orge",48.66174999999999,2.35969,17.09,25.036783216783217,23.327783216783217
Arcado,"114 Avenue de Verdun, Paray-Vieille-Poste",48.70574850000001,2.361391900000001,17.09,25.036783216783217,23.327783216783217
Picard,"33 Avenue Ferdinand de Lesseps, Morangis",48.70477289999999,2.3402806,17.09,25.036783216783217,23.327783216783217
Super U et Drive,"149 Boulevard Aristide Briand, Savigny-sur-Orge",48.68711680000001,2.351347800000001,17.09,25.036783216783217,23.327783216783217
GRAND PARIS MARCHE,"157 Boulevard Aristide Briand, Savigny-sur-Orge",48.68697619999999,2.3533626,17.09,25.036783216783217,23.327783216783217
ALDI,"33 bis Avenue François Mitterrand, Athis-Mons",48.70120900000001,2.370268400000001,17.09,25.036783216783217,23.327783216783217
CocciMarket,"62 Avenue de la Cour de France, Juvisy-sur-Orge",48.6978591,2.3721005,17.09,25.036783216783217,23.327783216783217
Panier Sympa Supérette de Savigny,"77 Boulevard Aristide Briand, Savigny-sur-Orge",48.6854121,2.3461005,17.09,25.036783216783217,23.327783216783217
Marché Turquoise,"123 Avenue François Mitterrand, Athis-Mons",48.707448,2.3710566,17.09,25.036783216783217,23.327783216783217
Superette,"99 Avenue Roger Salengro, Savigny-sur-Orge",48.68138889999999,2.3412042,17.09,25.036783216783217,23.327783216783217
Franprix,"1 Rue des Coquelicots, Savigny-sur-Orge",48.680295,2.342052999999999,17.09,25.036783216783217,23.327783216783217
ALDI,"7B 9 Grande Rue, Rue Jules Ferry 3-9, Juvisy-sur-Orge",48.68795799999999,2.376714900000001,17.09,25.036783216783217,23.327783216783217
TS supermarché,"4 Grande Rue, Juvisy-sur-Orge",48.68741870000001,2.3777755,17.09,25.036783216783217,23.327783216783217
E.Leclerc MONTGERON,"72 Avenue Jean Jaurès, Montgeron",48.7157176,2.4449578,19.02,22.14341692789969,20.24141692789969
Super U et Drive,"6 Avenue de l'Europe, Draveil",48.6827399,2.4313545,19.02,22.14341692789969,20.24141692789969
ALDI,"132 Avenue Charles de Gaulle, Montgeron",48.693122,2.4450589,19.02,22.14341692789969,20.24141692789969
Magasin Maison Thiriet,"30-34 Rue Albert Rémy, Ris-Orangis",48.6570003,2.4082383,17.09,25.036783216783217,23.327783216783217
E.Leclerc ORLY,"8 Place Gaston Viens, Orly",48.7437254,2.4075253,19.02,22.14341692789969,20.24141692789969
bp,"54 Avenue Henri Barbusse, Vigneux-sur-Seine",48.7000317,2.4200857,19.02,22.14341692789969,20.24141692789969
Franprix,"12 Place du 14 Juillet, Vigneux-sur-Seine",48.7055616,2.4227322,19.02,22.14341692789969,20.24141692789969
Magasin Maison Thiriet,"19 Avenue de l'Europe, Draveil",48.683096,2.430168,19.02,22.14341692789969,20.24141692789969
Montgeron Services,"72 Avenue Jean Jaurès, Montgeron",48.7157867,2.4449546,19.02,22.14341692789969,20.24141692789969
Soc Exploit Magasin Nord Est,"110 Avenue de la République, Montgeron",48.70709690000001,2.4553664,19.02,22.14341692789969,20.24141692789969
Franprix,"55 Rue du Général de Gaulle, Villeneuve-le-Roi",48.7350442,2.4215683,19.02,22.14341692789969,20.24141692789969
ALDI Draveil,"6 Rue de Ris, Draveil",48.6635827,2.4177518,17.09,25.036783216783217,23.327783216783217
Picard,"35 Route de Choisy, Villeneuve-le-Roi",48.74143639999999,2.4084413,19.02,22.14341692789969,20.24141692789969
Centre Commercial du Valdoly,"6 Rue de la Longueraie, Vigneux-sur-Seine",48.7149341,2.4385571,19.02,22.14341692789969,20.24141692789969
Auchan,"Rue Mercure, Montgeron",48.715148,2.438493,19.02,22.14341692789969,20.24141692789969
Franprix,"2 Rue Henri Janin, Villeneuve-Saint-Georges",48.7293552,2.4478205,19.02,22.14341692789969,20.24141692789969
Centre Commercial Orlydis,"8 Place Gaston Viens, Orly",48.7430419,2.4068912,19.02,22.14341692789969,20.24141692789969
Intermarché SUPER Draveil,"94 Avenue Henri Barbusse, Draveil",48.6786868,2.4113242,17.09,25.036783216783217,23.327783216783217
Super U République Montgeron,"110 Avenue de la République, Montgeron",48.7035397,2.4593364,19.02,22.14341692789969,20.24141692789969
Intermarché SUPER Villeneuve Le Roi,"32-38 Avenue le Foll, Villeneuve-le-Roi",48.72989099999999,2.428503999999999,19.02,22.14341692789969,20.24141692789969
ALDI,"20 Rue Albert Rémy, Ris-Orangis",48.6567511,2.4088936,17.09,25.036783216783217,23.327783216783217
Lidl,"1 Cours de Verdun, Villeneuve-le-Roi",48.733225,2.4069792,19.02,22.14341692789969,20.24141692789969
Picard,"22-24 Rue de Concy, Montgeron",48.70784829999999,2.4662851,19.02,22.14341692789969,20.24141692789969
Lidl,"50 Rue Waldeck Rousseau, Draveil",48.68746849999999,2.433371699999999,19.02,22.14341692789969,20.24141692789969
Auchan,"32 Place de la République, Draveil",48.6858,2.410639999999999,17.09,25.036783216783217,23.327783216783217
Intermarché SUPER Vigneux,"5 Avenue Henri Barbusse, Vigneux-sur-Seine",48.69756570000001,2.4147264,19.02,22.14341692789969,20.24141692789969
Auchan,"Rue Mercure, Montgeron",48.7128489,2.437477399999999,19.02,22.14341692789969,20.24141692789969
Super U et Drive,"32 Rue Edouard Vaillant, Athis-Mons",48.70636330000001,2.3966243,17.09,25.036783216783217,23.327783216783217
Carrefour,"101 Avenue du 18 avril 1944, Athis-Mons",48.70207509999999,2.3867375,17.09,25.036783216783217,23.327783216783217
Carrefour,"101 Avenue du 18 avril 1944, Athis-Mons",48.7019921,2.3866443,17.09,25.036783216783217,23.327783216783217
SUPERMARCHÉ G20,"6 Place des Quatre Saisons, Vigneux-sur-Seine",48.70010040000001,2.4169552,19.02,22.14341692789969,20.24141692789969
Franprix,"46 Rue de Montgeron, Brunoy",48.6927628,2.492496899999999,19.02,22.14341692789969,20.24141692789969
Picard,"3 Boulevard Charles de Gaulle, Brunoy",48.6950756,2.5033719,19.02,22.14341692789969,20.24141692789969
Franprix,"85 Avenue du Président John Fitzgerald Kennedy, Villeneuve-Saint-Georges",48.73561840000001,2.464985,19.02,22.14341692789969,20.24141692789969
Carrefour,"Avenue de la Grange, Yerres",48.7224289,2.4992195,19.02,22.14341692789969,20.24141692789969
Intermarché SUPER Yerres,"52 Rue de Concy, Yerres",48.7108481,2.4845534,19.02,22.14341692789969,20.24141692789969
Carrefour,"Place Gambetta, Yerres",48.7016218,2.4861996,19.02,22.14341692789969,20.24141692789969
MONOPRIX,"12-14 Rue Philisbourg, Brunoy",48.6980219,2.506847,19.02,22.14341692789969,20.24141692789969
bp,"N6, Montgeron",48.690606,2.454383,19.02,22.14341692789969,20.24141692789969
G20 DISTRI MONGE,"CC LA FORET, Avenue Charles de Gaulle, Montgeron",48.6963553,2.455254800000001,19.02,22.14341692789969,20.24141692789969
Superette Service,"72 Avenue Paul Vaillant-Couturier, Vigneux-sur-Seine",48.6968134,2.4341958,19.02,22.14341692789969,20.24141692789969
Marché d'à Côté,"100 Avenue Jean Jaurès, Montgeron",48.7130392,2.4488028,19.02,22.14341692789969,20.24141692789969
Franprix,"100 Avenue Jean Jaurès, Montgeron",48.7130648,2.4488521,19.02,22.14341692789969,20.24141692789969
Marché d'à Côté,"30 Avenue Jean Jaurès, Crosne",48.71430910000001,2.4618818,19.02,22.14341692789969,20.24141692789969
Auchan,"Centre Commercial Valdoly, Rue des Gaulois, Montgeron",48.71473,2.43788,19.02,22.14341692789969,20.24141692789969
Intermarché EXPRESS Crosne,"4 Rue Alexandre Foudrier, Crosne",48.7168103,2.458683699999999,19.02,22.14341692789969,20.24141692789969
H Marche FRAIS,"13 BIS Rue de la Longueraie, Vigneux-sur-Seine",48.7153459,2.4352997,19.02,22.14341692789969,20.24141692789969
Grossiste alimentaire,"13 bis Rue de la Longueraie, Vigneux-sur-Seine",48.7153837,2.4352592,19.02,22.14341692789969,20.24141692789969
E.Leclerc DRIVE Montgeron,"ZA La mare à boulanger, Montgeron",48.7176097,2.4423407,19.02,22.14341692789969,20.24141692789969
cocciMarket,"2 Rue Jean Corringer, Vigneux-sur-Seine",48.7061412,2.4235652,19.02,22.14341692789969,20.24141692789969
E.Leclerc YERRES,"107 Rue de Concy, Yerres",48.70780000000001,2.4822,19.02,22.14341692789969,20.24141692789969
Jerimaldis,"Place Gambetta, Yerres",48.70118230000001,2.4862472,19.02,22.14341692789969,20.24141692789969
COCCIMARKET,"1 Avenue du Président Robert Lakota, 1 Rue Molière, Vigneux-sur-Seine",48.7079402,2.4146177,19.02,22.14341692789969,20.24141692789969
Franprix,"8 Avenue du Président Salvador Allende, Crosne",48.7219261,2.4699263,19.02,22.14341692789969,20.24141692789969
Franprix,"276B Boulevard Henri Barbusse, Draveil",48.69197310000001,2.4124852,17.09,25.036783216783217,23.327783216783217
Marché d'à Côté,"276 Boulevard Henri Barbusse, Draveil",48.6920039,2.4124484,17.09,25.036783216783217,23.327783216783217
Marché d'à Côté,"31 Rue de Paris, Villeneuve-Saint-Georges",48.72674,2.445936,19.02,22.14341692789969,20.24141692789969
Marché d'à Côté,"45 Rue Gabriel Péri, Yerres",48.708926,2.4887747,19.02,22.14341692789969,20.24141692789969
GMARKET,"45 Rue Gabriel Péri, Yerres",48.7089234,2.4888322,19.02,22.14341692789969,20.24141692789969
Supermarché Villeneuve - Épicerie du monde,"57 Rue de Paris, Villeneuve-Saint-Georges",48.72846149999999,2.4466686,19.02,22.14341692789969,20.24141692789969
SITIS MARKET 94,"6 T Rue de Verdun, Villeneuve-Saint-Georges",48.73021749999999,2.4478007,19.02,22.14341692789969,20.24141692789969
Franprix,"50 Rue Charles de Gaulle, Yerres",48.7165164,2.4892167,19.02,22.14341692789969,20.24141692789969
Franprix,"130 Boulevard Henri Barbusse, Draveil",48.6811751,2.4093372,17.09,25.036783216783217,23.327783216783217
Food's City Supermarché,"3 bis Avenue Carnot, Villeneuve-Saint-Georges",48.7331496,2.4473538,19.02,22.14341692789969,20.24141692789969
Grande et moyenne distribution,Yerres,48.7172947,2.4954846,19.02,22.14341692789969,20.24141692789969
Picard,"la Marnière, centre commercial Val D'Yerres, 2, Quincy-sous-Sénart",48.6832355,2.5374027,19.02,22.14341692789969,20.24141692789969
ALDI,"D33, Cc Du Val D'Yerres, Boussy-Saint-Antoine",48.6821208,2.533952,19.02,22.14341692789969,20.24141692789969
Cora,"Centre Com.Val D, Rue de l'Yerres 2, Boussy-Saint-Antoine",48.6820073,2.536565899999999,19.02,22.14341692789969,20.24141692789969
Carrefour,"10 Avenue Foreau, Villecresnes",48.72704220000001,2.5368009,19.02,22.14341692789969,20.24141692789969
Picard,"Zone d'aménagement des Tuileries, N19, Marolles-en-Brie",48.72779370000001,2.5386668,19.02,22.14341692789969,20.24141692789969
Primeurs G20,"12 Rue Georges Clemenceau, Limeil-Brévannes",48.7418273,2.477156099999999,19.02,22.14341692789969,20.24141692789969
Carrefour,"51 Rue du Lieutenant Dagorno, Villecresnes",48.7225644,2.5336998,19.02,22.14341692789969,20.24141692789969
Franprix,"1 Avenue Victor Hugo, Épinay-sous-Sénart",48.697657,2.524900999999999,19.02,22.14341692789969,20.24141692789969
Lidl,"3-5 Rue Marcel Pagnol, Boussy-Saint-Antoine",48.6785,2.528649999999999,19.02,22.14341692789969,20.24141692789969
Supermarché PROXI BRUNOY,"1 Rue du Rôle 1, Brunoy",48.7001263,2.5076994,19.02,22.14341692789969,20.24141692789969
Carrefour,"3 Boulevard Charles de Gaulle, Brunoy",48.6952151,2.5044852,19.02,22.14341692789969,20.24141692789969
Market Brunoy,"3 Boulevard Charles de Gaulle, Brunoy",48.69512599999999,2.504774,19.02,22.14341692789969,20.24141692789969
ALDI,"55 Rue Sainte-Geneviève, Épinay-sous-Sénart",48.6937705,2.512961,19.02,22.14341692789969,20.24141692789969
Marché d'à Côté,"39 Rue Paul Doumer, Yerres",48.716893,2.506053,19.02,22.14341692789969,20.24141692789969
Intermarché SUPER Villecresnes,"Rue du Salle, Villecresnes",48.70845,2.52769,19.02,22.14341692789969,20.24141692789969
Franprix,"6 Rue de la Ferme, Boussy-Saint-Antoine",48.69043519999999,2.5294455,19.02,22.14341692789969,20.24141692789969
Carrefour,"centre commercial Val D'Yerres, Boussy-Saint-Antoine",48.68323549999999,2.537274,19.02,22.14341692789969,20.24141692789969
Supermarché G20,"6 Rue de Boissy-Saint-Léger, Quincy-sous-Sénart",48.6727188,2.5377776,19.02,22.14341692789969,20.24141692789969
Carrefour,"Yerres FR, 2 Route de Brie-Comte-Robert, Périgny",48.695498,2.557233,19.02,22.14341692789969,20.24141692789969
Senthuran,"85 Avenue du Président John Fitzgerald Kennedy, Villeneuve-Saint-Georges",48.73560870000001,2.4648891,19.02,22.14341692789969,20.24141692789969
Marché d'à Côté,"85 Avenue du Président John Fitzgerald Kennedy, Villeneuve-Saint-Georges",48.735654,2.4648347,19.02,22.14341692789969,20.24141692789969
SUPERMARCHÉ G20,"12 Rue Georges Clemenceau, Limeil-Brévannes",48.7421799,2.4774939,19.02,22.14341692789969,20.24141692789969
MONOPRIX,"153 Rue Houdan, Sceaux",48.7787894,2.2811332,21.82,27.2625,25.0805
MONOPRIX,"16 Rue Auguste Mounié, Antony",48.753837,2.303629599999999,19.59,23.92304964539007,21.96404964539007
Auchan,"Cc Velizy 2, Vélizy-Villacoublay",48.77980600000001,2.219598,31.49,20.87458912768648,17.725589127686476
Intermarché SUPER Antony,"16 -18 Rue des Gouttières, Antony",48.7557795,2.2917806,19.59,23.92304964539007,21.96404964539007
Market Verrières-Le-Buisson,"Boulevard du Maréchal Juin, Verrières-le-Buisson",48.752948,2.271803,21.82,27.2625,25.0805
Lidl,"99-103 Rue de la Porte de Trivaux, Clamart",48.7902034,2.2594141,21.82,27.2625,25.0805
CSF France,"Boulevard du Maréchal Juin, Verrières-le-Buisson",48.75276960000001,2.2721225,21.82,27.2625,25.0805
Chamadis,"440 Avenue de la Division Leclerc, Châtenay-Malabry",48.76902279999999,2.2513037,21.82,27.2625,25.0805
Picard,"6 Rue Jean Moulin, Antony",48.7531663,2.3057611,19.59,23.92304964539007,21.96404964539007
Picard,"7 Voie Georges Pompidou, Verrières-le-Buisson",48.7491587,2.2792399,19.59,23.92304964539007,21.96404964539007
Casino Supermarché,"Jean Longuet, 68 Rue Jean Longuet, Châtenay-Malabry",48.7686851,2.279738,21.82,27.2625,25.0805
Carrefour,"76/78av, Avenue Charles de Gaulle, Le Plessis-Robinson",48.7771209,2.2573632,21.82,27.2625,25.0805
Franprix,"61 Avenue Jean Monnet, Antony",48.7463415,2.2970793,19.59,23.92304964539007,21.96404964539007
bp,"77 Avenue Edouard Depreux, Sceaux",48.774645,2.279758999999999,21.82,27.2625,25.0805
Auchan,"Cc Velizy 2, 2 Avenue de l'Europe, Vélizy-Villacoublay",48.7793433,2.219099099999999,31.49,20.87458912768648,17.725589127686476
Picard,"13 Avenue de Celle, Meudon",48.78702269999999,2.2280618,21.82,27.2625,25.0805
Picard,"59 Avenue de l'Europe, Vélizy-Villacoublay",48.77893280000001,2.209956,31.49,20.87458912768648,17.725589127686476
Auchan,"5 Rue Bergeret de Frouville, Sceaux",48.77874999999999,2.29337,19.59,23.92304964539007,21.96404964539007
SUPERMARCHÉ G20,"171 Avenue Jean Baptiste Clément, Clamart",48.79056400000001,2.2630263,21.82,27.2625,25.0805
Market Le Plessis-Robinson,"3 Grand'place, Le Plessis-Robinson",48.7810072,2.262992,21.82,27.2625,25.0805
Intermarché EXPRESS Verrières Le Buisson,"46 Boulevard du Maréchal Foch, Verrières-le-Buisson",48.74477959999999,2.2680791,21.82,27.2625,25.0805
Lidl,"149 Rue Auguste Renoir, Châtenay-Malabry",48.76534590000001,2.264554,21.82,27.2625,25.0805
Carrefour,"38 Boulevard Pasteur, Fresnes",48.7570924,2.3152972,19.59,23.92304964539007,21.96404964539007
Intermarché EXPRESS Chatenay Malabry,"440 Avenue de la Division Leclerc, Châtenay-Malabry",48.76902279999999,2.2513037,21.82,27.2625,25.0805
Au Domaine Royal,"61 Rue Houdan, Sceaux",48.7782201,2.291796799999999,19.59,23.92304964539007,21.96404964539007
Carrefour,"1 Allée des Aulnes, Châtenay-Malabry",48.7804507,2.2798232,21.82,27.2625,25.0805
Auchan,"2 Avenue de l'Europe, Vélizy-Villacoublay",48.7797077,2.2191734,31.49,20.87458912768648,17.725589127686476
Picard,"2 Avenue de la Gare, Sceaux",48.77942700000001,2.2818755,21.82,27.2625,25.0805
Picard,"zone d'aménagement du coeur de ville, 20 Grand'place, Le Plessis-Robinson",48.7814419,2.262584099999999,21.82,27.2625,25.0805
Carrefour,"23 Avenue du Général de Gaulle, Meudon",48.7871905,2.2271034,31.49,20.87458912768648,17.725589127686476
Épicerie Oui,"87 Rue d'Estienne d'Orves, Verrières-le-Buisson",48.7427568,2.2619785,21.82,27.2625,25.0805
O'Marché Exotique,"2 Rue Jean Rostand, Massy",48.7367551,2.2603797,21.82,27.2625,25.0805
Carrefour,"299 Avenue de la Division Leclerc, Châtenay-Malabry",48.76517,2.26146,21.82,27.2625,25.0805
Marché d'à Côté,"12 Rue de Versailles, Massy",48.7325738,2.261764799999999,21.82,27.2625,25.0805
Franprix,"12 Rue de Versailles, Massy",48.73250619999999,2.26179,21.82,27.2625,25.0805
Franprix,"4 All. Mabelle Corey, Massy",48.73095740000001,2.2466542,21.82,27.2625,25.0805
Carrefour,"1 Rue des Petits Ruisseaux, Verrières-le-Buisson",48.74586670000001,2.283194,19.59,23.92304964539007,21.96404964539007
ALDI,"206 Rue Adolphe Pajeaud, Antony",48.7411625,2.282109,19.59,23.92304964539007,21.96404964539007
Monoprix,"8 Rue René Roeckel, Bourg-la-Reine",48.7799176,2.314128,19.59,23.92304964539007,21.96404964539007
Intermarché SUPER Fresnes,"48 Avenue Paul Vaillant Couturier, Fresnes",48.7602541,2.3181486,19.59,23.92304964539007,21.96404964539007
Carrefour,"50-56 Boulevard du Maréchal Joffre, Bourg-la-Reine",48.782734,2.3146252,19.59,23.92304964539007,21.96404964539007
Carrefour,"9 Avenue de la Division Leclerc, Cachan",48.7859561,2.3288152,19.59,23.92304964539007,21.96404964539007
Picard,"45 Avenue de Stalingrad, Fresnes",48.763455,2.3336064,17.09,25.036783216783217,23.327783216783217
Coccimarket,"3 Chemin de Paray, Rungis",48.74598839999999,2.3472211,17.09,25.036783216783217,23.327783216783217
Cocci Market,"51 Avenue du Parc des Sports, Fresnes",48.75000199999999,2.3235239,19.59,23.92304964539007,21.96404964539007
Franprix - Fresnes,"7 Place de l'Église, Fresnes",48.75469340000001,2.323072,19.59,23.92304964539007,21.96404964539007
Franprix,"6 Rue du Docteur Charcot, Fresnes",48.7623004,2.3276854,19.59,23.92304964539007,21.96404964539007
Auchan,"12 Place de la Résidence, Antony",48.769787,2.316016,19.59,23.92304964539007,21.96404964539007
PETIT D ASIE,"13 Place de la Résidence, Antony",48.7697363,2.3162794,19.59,23.92304964539007,21.96404964539007
Franprix,"6 Rue Dispan, L'Haÿ-les-Roses",48.77925379999999,2.339128,17.09,25.036783216783217,23.327783216783217
Grand Frais Fresnes,"22 Avenue de Stalingrad, Fresnes",48.7637389,2.3355175,17.09,25.036783216783217,23.327783216783217
Rungis Market,"44 Avenue Georges Guynemer, Chevilly-Larue",48.7645797,2.3381545,17.09,25.036783216783217,23.327783216783217
bp,"754 Avenue du Viaduc, Rungis",48.7604583,2.3486639,17.09,25.036783216783217,23.327783216783217
Intermarché SUPER Bourg-La-Reine,"79 Rue de la Bièvre, Bourg-la-Reine",48.7804701,2.3244729,19.59,23.92304964539007,21.96404964539007
Lidl,"45 Avenue du Général Leclerc, L'Haÿ-les-Roses",48.77169000000001,2.34679,17.09,25.036783216783217,23.327783216783217
Franprix,"2 Place de la Fontaine Gueffier, Bagneux",48.7878736,2.3047792,19.59,23.92304964539007,21.96404964539007
Franprix,"11-13 Avenue du Général Leclerc, Bourg-la-Reine",48.7866907,2.3185032,19.59,23.92304964539007,21.96404964539007
Elite Fruits,"3 Avenue de Lorraine, Chevilly-Larue",48.7640271,2.3550945,17.09,25.036783216783217,23.327783216783217
Chez Polette,"43 Rue Boucicaut, Fontenay-aux-Roses",48.7903037,2.2896746,21.82,27.2625,25.0805
bp,"A86, N186, Rungis",48.75391440000001,2.3619039,17.09,25.036783216783217,23.327783216783217
SUPERMARCHÉ G20,"28 Rue Marc Sangnier, Cachan",48.7862302,2.3323685,19.59,23.92304964539007,21.96404964539007
Carrefour,"97 Avenue du Général de Gaulle, L'Haÿ-les-Roses",48.7843461,2.3445725,17.09,25.036783216783217,23.327783216783217
Carrefour,"Cc Belle Epine, 170, Thiais",48.75679,2.371978,17.09,25.036783216783217,23.327783216783217
Carrefour,"67-81 Avenue de Stalingrad, Villejuif",48.78308099999999,2.368745,17.09,25.036783216783217,23.327783216783217
Lidl,"42 Rue de Chevilly, Villejuif",48.78198,2.35522,17.09,25.036783216783217,23.327783216783217
MONOPRIX,"34 Rue Jean Jaurès, Villejuif",48.7935962,2.3662012,17.09,25.036783216783217,23.327783216783217
Intermarché SUPER Choisy-Le-Roi,"36 Avenue de Lugo, Choisy-le-Roi",48.7697105,2.4071824,19.02,22.14341692789969,20.24141692789969
Auchan,"28 Rue du Puits Dixme, Thiais",48.74977109999999,2.378513299999999,17.09,25.036783216783217,23.327783216783217
bp,"Sud C C Belle, 334 Rond-Point d'Espagne 2Pine, Thiais",48.7549126,2.374810999999999,17.09,25.036783216783217,23.327783216783217
Franprix,"4 Place du Maréchal de Lattre de Tassigny, Chevilly-Larue",48.771359,2.367197,17.09,25.036783216783217,23.327783216783217
Coccinelle,"9 Rue des 15 Arpents, Thiais",48.7668486,2.3822172,17.09,25.036783216783217,23.327783216783217
Franprix,"1 Rue de Lorraine, Thiais",48.75627830000001,2.3988845,17.09,25.036783216783217,23.327783216783217
Lidl,"132-162, Rue Julian Grimau, Vitry-sur-Seine",48.7784,2.3757,17.09,25.036783216783217,23.327783216783217
Carrefour,"81-97 Avenue du Général de Gaulle, L'Haÿ-les-Roses",48.7843941,2.3445186,17.09,25.036783216783217,23.327783216783217
Franprix,"2 Place Auguste Rodin, Villejuif",48.7856294,2.3588719,17.09,25.036783216783217,23.327783216783217
Franprix,"2 B Avenue du 25 Août 1944, Thiais",48.76236530000001,2.4018611,19.02,22.14341692789969,20.24141692789969
Paris Store Choisy-le-Roi,"15 Rue du Docteur Roux, Choisy-le-Roi",48.7709474,2.4071794,19.02,22.14341692789969,20.24141692789969
Franprix,"141-145, Avenue du Maréchal de Lattre de Tassigny, Choisy-le-Roi",48.75213750000001,2.4062891,19.02,22.14341692789969,20.24141692789969
Franprix,"12 Avenue Gambetta, Choisy-le-Roi",48.76385140000001,2.4033528,19.02,22.14341692789969,20.24141692789969
Franprix,"7 Avenue de la République, Villejuif",48.7884128,2.365673,17.09,25.036783216783217,23.327783216783217
Auchan,"Cc Vitry, Avenue Youri Gagarine, Vitry-sur-Seine",48.785391,2.391348,17.09,25.036783216783217,23.327783216783217
SUPERMARKET G20,"114-116 Rue Jean Jaurès, Villejuif",48.78943590000001,2.3665908,17.09,25.036783216783217,23.327783216783217
Coccinelle Express,"4 Avenue Anatole France, Choisy-le-Roi",48.7648956,2.4094812,19.02,22.14341692789969,20.24141692789969
Le Jardin du Paradis,"3 Avenue Anatole France, Choisy-le-Roi",48.76497529999999,2.410031699999999,19.02,22.14341692789969,20.24141692789969
CocciMarket,"1 Avenue du Maréchal de Lattre de Tassigny, Cachan",48.7906436,2.3319812,19.59,23.92304964539007,21.96404964539007
Carrefour,"145 Avenue Paul Vaillant Couturier, Vitry-sur-Seine",48.792586,2.395524,19.02,22.14341692789969,20.24141692789969
Choisy Laur,"6 Avenue Victor Hugo, Choisy-le-Roi",48.76677,2.4153629,19.02,22.14341692789969,20.24141692789969
Franprix,"64 Avenue d'Alfortville, Choisy-le-Roi",48.77166279999999,2.4141333,19.02,22.14341692789969,20.24141692789969
Lidl,"130 Avenue d'Alfortville, Choisy-le-Roi",48.7760845,2.4162009,19.02,22.14341692789969,20.24141692789969
Franprix,"Centre Commercial, Avenue du 8 Mai 1945, Vitry-sur-Seine",48.78386460000002,2.397526800000001,19.02,22.14341692789969,20.24141692789969
Centre de livraison Maison Thiriet,"4 Place Henri Moissan, Valenton",48.7519179,2.4555948,19.02,22.14341692789969,20.24141692789969
Supermarché- Souk Addounia,"19 Rue de la Basse Quinte, Créteil",48.7743447,2.4432245,19.02,22.14341692789969,20.24141692789969
Franprix,"25 Avenue Lucien Français, Vitry-sur-Seine",48.7864669,2.3864972,17.09,25.036783216783217,23.327783216783217
Franprix,"146 Rue Etienne Dolet, Alfortville",48.7863527,2.4259856,19.02,22.14341692789969,20.24141692789969
CocciMarket,"2 Rue Audigeois, Vitry-sur-Seine",48.7908723,2.3920758,19.02,22.14341692789969,20.24141692789969
Lidl,"103 Avenue Rouget de Lisle, Vitry-sur-Seine",48.77945559999999,2.3944014,19.02,22.14341692789969,20.24141692789969
Picard,"151-157, Avenue Paul Vaillant Couturier, Vitry-sur-Seine",48.7923431,2.3954502,19.02,22.14341692789969,20.24141692789969
Proxi,"74 Avenue Jean Jaurès, Vitry-sur-Seine",48.793917,2.3989957,19.02,22.14341692789969,20.24141692789969
Carrefour,"44 Rue de la Sablonnière, Valenton",48.74952500000001,2.4543542,19.02,22.14341692789969,20.24141692789969
Exo Impex.,"5 Rue Henri Sellier, Villeneuve-Saint-Georges",48.7523727,2.4458179,19.02,22.14341692789969,20.24141692789969
Casino,"2 Avenue Jean Jaurès, Choisy-le-Roi",48.76636500000001,2.410015,19.02,22.14341692789969,20.24141692789969
Carrefour,"31 Rue Paul Cézanne, Thiais",48.7700214,2.391756500000001,17.09,25.036783216783217,23.327783216783217
Franprix,"99 Avenue René Panhard, Thiais",48.7645333,2.3922445,17.09,25.036783216783217,23.327783216783217
Franprix,"6 Avenue Victor Hugo, Choisy-le-Roi",48.7667186,2.4149173,19.02,22.14341692789969,20.24141692789969
Picard,"ZONE SENIA, 6 Rue des Alouettes, Thiais",48.75190689999999,2.3696491,17.09,25.036783216783217,23.327783216783217
O’PrimeurJ.L.A.,"149 Avenue du Maréchal de Lattre de Tassigny, Choisy-le-Roi",48.75150740000001,2.4063746,19.02,22.14341692789969,20.24141692789969
La Belle Literie,"8 Place Gaston Viens, Orly",48.74691800000001,2.40573,19.02,22.14341692789969,20.24141692789969
Marché Orly Extra,"41 Rue du Docteur Calmette Prolongée, Orly",48.7501767,2.4085316,19.02,22.14341692789969,20.24141692789969
Carrefour,"Avenue du Général de Gaulle, Créteil",48.77828899999999,2.455985999999999,19.02,22.14341692789969,20.24141692789969
Lidl,"5 Rue Emmanuel Chabrier, Créteil",48.7770485,2.463252,19.02,22.14341692789969,20.24141692789969
Lidl,"2 Avenue Rodolphe Hottinguer, Bonneuil-sur-Marne",48.75810370000001,2.4836227,19.02,22.14341692789969,20.24141692789969
Chronodrive,"zone d'activité commerciale De Bonneuil Sud, Bonneuil-sur-Marne",48.757335,2.484477,19.02,22.14341692789969,20.24141692789969
Auchan,"3 Rue Louis Salle, Limeil-Brévannes",48.750913,2.489244,19.02,22.14341692789969,20.24141692789969
Créteil Soleil,"Avenue de la France libre, Créteil",48.7802084,2.4552636,19.02,22.14341692789969,20.24141692789969
MARCHE BOISSY,"LE BOIS DE L'EGLISE, 1 Rue de Paris, Boissy-Saint-Léger",48.7540223,2.506997000000001,19.02,22.14341692789969,20.24141692789969
Supermarché G20,"30 Avenue du Maréchal Lyautey, Créteil",48.7896336,2.4501135,19.02,22.14341692789969,20.24141692789969
SUPERMARCHÉ G20,"287 Avenue du Général de Gaulle, Créteil",48.79094069999999,2.4452655,19.02,22.14341692789969,20.24141692789969
E.Leclerc DRIVE Bonneuil-sur-Marne,"4 Avenue des Vingt-Huit Arpents, Bonneuil-sur-Marne",48.7638297,2.477304,19.02,22.14341692789969,20.24141692789969
Auchan,"22 Rue du Général Leclerc, Créteil",48.7933,2.46206,19.02,22.14341692789969,20.24141692789969
U Express et Drive,"73 Avenue Jean Jaurès, Saint-Maur-des-Fossés",48.7884155,2.4829472,19.02,22.14341692789969,20.24141692789969
Carrefour,"117 Rue du Général Leclerc, Créteil",48.7890536,2.4669512,19.02,22.14341692789969,20.24141692789969
Franprix,"68 Avenue du Général Pierre Billotte, Créteil",48.77292410000001,2.4575784,19.02,22.14341692789969,20.24141692789969
Yemek Market,"2 Rue de la Sablonnière, Valenton",48.75177619999999,2.4540692,19.02,22.14341692789969,20.24141692789969
Hmarket Villeneuve-Saint-Georges,"Rue Marie Laurencin, Villeneuve-Saint-Georges",48.7483132,2.4550462,19.02,22.14341692789969,20.24141692789969
Franprix,"286 Ter Rue de Paris, Villeneuve-Saint-Georges",48.74659430000001,2.4466716,19.02,22.14341692789969,20.24141692789969
Marché d'à Côté,"286 Rue de Paris, Villeneuve-Saint-Georges",48.74659399999999,2.446672,19.02,22.14341692789969,20.24141692789969
S.S.M.K,"36 Avenue de Choisy, Villeneuve-Saint-Georges",48.74970069999999,2.434487499999999,19.02,22.14341692789969,20.24141692789969
La Ferme du Village,"79 Avenue de Choisy, Villeneuve-Saint-Georges",48.7500672,2.4338614,19.02,22.14341692789969,20.24141692789969
Supermarché casino,"12 Avenue du Président Wilson, Villeneuve-Saint-Georges",48.739151,2.4490458,19.02,22.14341692789969,20.24141692789969
G20,"12 Avenue du Président Wilson, Villeneuve-Saint-Georges",48.7392086,2.448007,19.02,22.14341692789969,20.24141692789969
TRIANGLE SUPERMARCHE,"7 Rue de l'Orme Sainte-Marie, Villeneuve-Saint-Georges",48.73915289999999,2.448832,19.02,22.14341692789969,20.24141692789969
LIDL,"64 Avenue Julien Duranton, Valenton",48.7621002,2.4477004,19.02,22.14341692789969,20.24141692789969
Diagonal supermarche,"33 Rue Raspail, Valenton",48.7653632,2.4458988,19.02,22.14341692789969,20.24141692789969
FRANPRIX,"15 Place Arthur Rimbaud G20, Limeil-Brévannes",48.7522864,2.4738148,19.02,22.14341692789969,20.24141692789969
Monoprix,"Rue des Fontaines, Sucy-en-Brie",48.77208470000001,2.518311,19.02,22.14341692789969,20.24141692789969
Picard,"zone d'aménagement centre ville, 3 Place du Village, Sucy-en-Brie",48.7706819,2.5219956,19.02,22.14341692789969,20.24141692789969
Franprix,"4 Rue Ludovic Halévy, Sucy-en-Brie",48.77033369999999,2.522094,19.02,22.14341692789969,20.24141692789969
Auchan,"Le Prieuré, Avenue du Fort, Sucy-en-Brie",48.766836,2.532986,19.02,22.14341692789969,20.24141692789969
Franprix,"2 Rue du Faisan Doré, Sucy-en-Brie",48.7576382,2.5497213,19.02,22.14341692789969,20.24141692789969
Carrefour,"7 Rue Chevalier, Saint-Maur-des-Fossés",48.7889647,2.5036589,19.02,22.14341692789969,20.24141692789969
MARCHÉ DU CHATEAU SUPERMARCHE,"9-11 Avenue du Château, Saint-Maur-des-Fossés",48.7907017,2.5122151,19.02,22.14341692789969,20.24141692789969
Intermarché SUPER Noiseau,"1 3 Rue Sadi Carnot, Noiseau",48.7763196,2.5520204,19.02,22.14341692789969,20.24141692789969
Franprix,"86 Rue d'Amboile, Chennevières-sur-Marne",48.7871665,2.5303533,19.02,22.14341692789969,20.24141692789969
Halle O Discount,"5 Rue Sadi Carnot, Noiseau",48.7754809,2.5516665,19.02,22.14341692789969,20.24141692789969
Lidl,"3 Rue des Amériques, Sucy-en-Brie",48.77383039999999,2.4980054,19.02,22.14341692789969,20.24141692789969
Franprix,"5 Boulevard de la Gare, Boissy-Saint-Léger",48.7526845,2.505880599999999,19.02,22.14341692789969,20.24141692789969
Vayra supermarket,"23 Rue Antoine de Saint-Exupéry, Limeil-Brévannes",48.7533733,2.4946184,19.02,22.14341692789969,20.24141692789969
SUPERMARCHÉ G20,"3 Boulevard de la Gare, Boissy-Saint-Léger",48.75296849999999,2.5061345,19.02,22.14341692789969,20.24141692789969
Intermarché EXPRESS Boissy Saint Léger,"3 Ter Rue de Paris, Boissy-Saint-Léger",48.75298890000001,2.508053300000001,19.02,22.14341692789969,20.24141692789969
ALDI,"28-30 Boulevard Léon Revillon, Boissy-Saint-Léger",48.74606220000001,2.5115776,19.02,22.14341692789969,20.24141692789969
Supermarché DIAGONAL ET RELAIS POSTE,"1-3 Rue des Herbages de Sèze, Limeil-Brévannes",48.747348,2.481275499999999,19.02,22.14341692789969,20.24141692789969
E.Leclerc BONNEUIL S/MARNE,"1-3 Avenue du Bicentenaire 1789-1989, Bonneuil-sur-Marne",48.7641667,2.4891667,19.02,22.14341692789969,20.24141692789969
L'Eau Vive Bonneuil-sur-Marne,"7 Avenue de la Convention, Bonneuil-sur-Marne",48.76665149999999,2.4868037,19.02,22.14341692789969,20.24141692789969
ALDI,"17 Avenue de la Convention, Bonneuil-sur-Marne",48.7675597,2.4880499,19.02,22.14341692789969,20.24141692789969
MOLDOVA Bonneuil sur Marne_ Magazin Moldovenesc _ Magazin Romanesc _ Polski sklep _ Русский магазин _ Украинский магазин,"3 Avenue des Vinght-Huit Arpents, 94380, Bonneuil-sur-Marne",48.76303129999999,2.4773548,19.02,22.14341692789969,20.24141692789969
Mangeons Frais,"Route de la Pompadour, Bonneuil-sur-Marne",48.76506,2.4783981,19.02,22.14341692789969,20.24141692789969
E Leclrec Express,"6 Avenue des Vingt-Huit Arpents, Bonneuil-sur-Marne",48.76427450000001,2.4767955,19.02,22.14341692789969,20.24141692789969
Alimentation de la Gare,"6 Place de la Gare, Sucy-en-Brie",48.7717317,2.5087844,19.02,22.14341692789969,20.24141692789969
Carrefour,"1-5 Avenue du Docteur Emile Roux, Bonneuil-sur-Marne",48.769211,2.477459,19.02,22.14341692789969,20.24141692789969
Franprix,"64 Avenue François Mitterrand, Créteil",48.76818120000001,2.4686564,19.02,22.14341692789969,20.24141692789969
Mtm Market,"3 Place du Clos des Vergers, Créteil",48.7717165,2.4695517,19.02,22.14341692789969,20.24141692789969
SUPERMARCHÉ G20,"1 Place de la Fraternité, Sucy-en-Brie",48.7749067,2.5259314,19.02,22.14341692789969,20.24141692789969
Carrefour,"13 Rue des Marchands, Marolles-en-Brie",48.73692490000001,2.5536165,19.02,22.14341692789969,20.24141692789969
MONOPRIX,"130-140 Route de la Reine, Boulogne-Billancourt",48.8404867,2.2332706,31.49,20.87458912768648,17.725589127686476
Market Boulogne-Billancourt,"67 Avenue du Général Leclerc, Boulogne-Billancourt",48.8297395,2.2324488,31.49,20.87458912768648,17.725589127686476
Lidl,"1 Avenue de la Paix, Clamart",48.8148187,2.277229999999999,21.82,27.2625,25.0805
Super U,"14 Rue de Vanves, Clamart",48.8116741,2.2717072,21.82,27.2625,25.0805
MONOPRIX,"57 Rue du Général Leclerc, Issy-les-Moulineaux",48.82419999999999,2.274082,21.82,27.2625,25.0805
Lidl,"205-207, Avenue de Versailles, Paris",48.83860319999999,2.2597236,31.49,20.87458912768648,17.725589127686476
Super U et Drive,"2 Avenue Victor Hugo, Clamart",48.80184000000001,2.2661335,21.82,27.2625,25.0805
Carrefour,"38 Rue Gabriel Péri, Châtillon",48.8017156,2.286567100000001,21.82,27.2625,25.0805
Market Vanves,"36 Rue Auguste Comte, Vanves",48.8254823,2.2930935,21.82,27.2625,25.0805
Intermarché EXPRESS Vanves,"2 Rue Ernest Laval, Vanves",48.8199476,2.290884699999999,21.82,27.2625,25.0805
MONOPRIX,"22-24 Boulevard Gambetta, Issy-les-Moulineaux",48.82718080000001,2.2774268,21.82,27.2625,25.0805
Intermarché EXPRESS Montrouge,"183 Avenue Pierre Brossolette, Montrouge",48.81403069999999,2.3031483,19.59,23.92304964539007,21.96404964539007
Picard,"252 Boulevard Jean Jaurès, Boulogne-Billancourt",48.82760500000001,2.246690800000001,31.49,20.87458912768648,17.725589127686476
Picard,"36 Boulevard Gabriel Péri, Malakoff",48.8189189,2.2968284,21.82,27.2625,25.0805
Picard,"45 Rue du Général Leclerc, Issy-les-Moulineaux",48.824712,2.2752173,21.82,27.2625,25.0805
Picard,"4 place Maurice Gunsbourg, Clamart",48.8002775,2.2635896,21.82,27.2625,25.0805
Picard,"7 bis Rue de Vanves, Clamart",48.812103,2.2714893,21.82,27.2625,25.0805
Franprix,"9 Rue de Sèvres, Boulogne-Billancourt",48.83851110000001,2.2285726,31.49,20.87458912768648,17.725589127686476
SDV Distribution,"5 Rue Pierre Wacquant, Meudon",48.8198103,2.228559199999999,31.49,20.87458912768648,17.725589127686476
Franprix,"29-31 Rue du Trosy, Clamart",48.8004966,2.2624463,21.82,27.2625,25.0805
Franprix,"10 Avenue Louvois, Meudon",48.8075614,2.2397995,31.49,20.87458912768648,17.725589127686476
Franprix,"54 Rue d'Erevan, Issy-les-Moulineaux",48.8178207,2.2601714,21.82,27.2625,25.0805
Franprix,"97 Avenue de Verdun, Issy-les-Moulineaux",48.8200098,2.2580956,21.82,27.2625,25.0805
Auchan,"117 Rue Boucicaut, Fontenay-aux-Roses",48.79412300000001,2.284272,21.82,27.2625,25.0805
Carrefour,"40 Rue de Fontenay, Châtillon",48.79710170000001,2.2854461,21.82,27.2625,25.0805
Franprix,"5 Rue Pierre Wacquant, Meudon",48.8198641,2.2284671,31.49,20.87458912768648,17.725589127686476
Intermarché EXPRESS Issy Les Moulineaux,"15 Cours de l'Ancienne Boulangerie, Issy-les-Moulineaux",48.8247717,2.258944,31.49,20.87458912768648,17.725589127686476
Franprix,"20 Avenue Pierre Grenier, Boulogne-Billancourt",48.82755119999999,2.2502381,31.49,20.87458912768648,17.725589127686476
Franprix,"64 Rue Marcel Bontemps, Boulogne-Billancourt",48.8271822,2.238239000000001,31.49,20.87458912768648,17.725589127686476
Lidl,"54 Avenue de Paris, Châtillon",48.8053326,2.2925793,21.82,27.2625,25.0805
Carrefour,"106-108 Rue du Point du Jour, Boulogne-Billancourt",48.829307,2.247448,31.49,20.87458912768648,17.725589127686476
Franprix,"1 Place du Président Kennedy, Vanves",48.8204276,2.2849178,21.82,27.2625,25.0805
MONOP',"6 Place de Bir Hakeim, Boulogne-Billancourt",48.830061,2.2397227,31.49,20.87458912768648,17.725589127686476
Coccinelle supermarché,"15 Route de Gallardon, Sèvres",48.81121859999999,2.2059595,31.49,20.87458912768648,17.725589127686476
Carrefour,"2 Avenue de la République, Issy-les-Moulineaux",48.8274142,2.273553,21.82,27.2625,25.0805
Franprix,"19 Boulevard des Frères Voisin, Paris",48.8283063,2.2730506,21.82,27.2625,25.0805
Picard,"72 Grande Rue, Sèvres",48.82443139999999,2.2109764,31.49,20.87458912768648,17.725589127686476
Franprix,"32 Rue du Dôme, Boulogne-Billancourt",48.8328982,2.2500264,31.49,20.87458912768648,17.725589127686476
Franprix,"1 Avenue de la Division Leclerc, Sèvres",48.8262835,2.2198002,31.49,20.87458912768648,17.725589127686476
Tellermate Europe,"117 Avenue Victor Hugo, Boulogne-Billancourt",48.8346018,2.244475200000001,31.49,20.87458912768648,17.725589127686476
Franprix,"1 Rue Froide, Bagneux",48.7970228,2.3013981,19.59,23.92304964539007,21.96404964539007
Franprix,"4 Rue Pierre Midrin, Sèvres",48.8227606,2.2109231,31.49,20.87458912768648,17.725589127686476
Intermarché EXPRESS Issy-Les-Moulineaux,"100 Boulevard Gallieni, Issy-les-Moulineaux",48.82435359999999,2.267695,21.82,27.2625,25.0805
MONOPRIX,"187 Boulevard Jean Jaurès, Boulogne-Billancourt",48.83436289999999,2.243382,31.49,20.87458912768648,17.725589127686476
Franprix,"11-13 Bis, 13 Rue Carnot, Boulogne-Billancourt",48.83444850000001,2.241803500000001,31.49,20.87458912768648,17.725589127686476
MONOPRIX,"25 Avenue de l'Europe, Sèvres",48.8223353,2.2086149,31.49,20.87458912768648,17.725589127686476
Carrefour,"58avenue E.Vaillant, 58 Avenue Edouard Vaillant, Boulogne-Billancourt",48.8356871,2.248920699999999,31.49,20.87458912768648,17.725589127686476
Franprix,"19 Rue Paul Bert, Malakoff",48.8183052,2.2965565,21.82,27.2625,25.0805
MONOPRIX,"6-12 Avenue Pierre Brossolette, Malakoff",48.821746,2.3129842,19.59,23.92304964539007,21.96404964539007
Cora,"75 Avenue Aristide Briand, Arcueil",48.80525989999999,2.3255062,19.59,23.92304964539007,21.96404964539007
Monoprix,"42 Rue Daviel, Paris",48.8283643,2.3441528,23.89,22.84533648170012,20.45633648170012
Lidl,"24-28 Rue Labrouste, Paris",48.8351278,2.309055499999999,19.59,23.92304964539007,21.96404964539007
Lidl,"74 Avenue Marx Dormoy, Montrouge",48.81,2.318379999999999,19.59,23.92304964539007,21.96404964539007
Carrefour,"2 Rue de Vouillé, Paris",48.83509129999999,2.3029071,21.82,27.2625,25.0805
Auchan,"Cc Okabe, Le Kremlin-Bicêtre",48.8123157,2.3617151,17.09,25.036783216783217,23.327783216783217
Carrefour,"102 Avenue du Général Leclerc, Paris",48.826625,2.326078299999999,19.59,23.92304964539007,21.96404964539007
Carrefour,"41-43 Boulevard Brune, Paris",48.82709829999999,2.3091113,19.59,23.92304964539007,21.96404964539007
Monoprix,"86-88 Avenue de la République, Montrouge",48.8157186,2.3177303,19.59,23.92304964539007,21.96404964539007
E.Leclerc LE KREMLIN BICETRE CEDEX,"106 Avenue de Fontainebleau, Le Kremlin-Bicêtre",48.80907329999999,2.36219,17.09,25.036783216783217,23.327783216783217
MONOPRIX,"117-119 Rue Raymond Losserand, Paris",48.83251070000001,2.3156439,19.59,23.92304964539007,21.96404964539007
Carrefour,"40 Rue de la Procession, Paris",48.8378564,2.3072153,21.82,27.2625,25.0805
Intermarché SUPER Gentilly,"113 Avenue Raspail, Gentilly",48.80998700000001,2.344003,17.09,25.036783216783217,23.327783216783217
Monoprix,"76 Rue Lecourbe, Paris",48.84370939999999,2.3054493,33.96,12.053789731051344,8.657789731051345
U Express et Drive,"69 Avenue Henri Ginoux, Montrouge",48.8168127,2.3216787,19.59,23.92304964539007,21.96404964539007
Monoprix,"105 Rue de la Convention, Paris",48.84135029999999,2.287743499999999,21.82,27.2625,25.0805
Franprix,"26 Avenue du Pont Royal, Cachan",48.79292,2.32145,19.59,23.92304964539007,21.96404964539007
Franprix,"107 Avenue Verdier, Montrouge",48.81609840000001,2.3093057,19.59,23.92304964539007,21.96404964539007
Franprix,"56 Avenue de la République, Montrouge",48.81748389999999,2.3187469,19.59,23.92304964539007,21.96404964539007
Auchan,"110 Avenue Aristide Briand, Montrouge",48.81362499999999,2.325645,19.59,23.92304964539007,21.96404964539007
LEVCASH,"54 Rue Gabriel Péri, Montrouge",48.8190204,2.3171562,19.59,23.92304964539007,21.96404964539007
Picard,"25 bis Rue Jean Bleuzen, Vanves",48.82169899999999,2.2931395,21.82,27.2625,25.0805
Monoprix,"ZAC Des Portes D'Arcueil, Rue d'Arcueil, Arcueil",48.8112587,2.3291299,19.59,23.92304964539007,21.96404964539007
Franprix,"29 Avenue Laplace, Arcueil",48.8078132,2.3321224,19.59,23.92304964539007,21.96404964539007
Carrefour,"15-17 Avenue Louis Georgeon, Cachan",48.793121,2.33519,19.59,23.92304964539007,21.96404964539007
MONOPRIX,"13 Rue Auguste Perret, Paris",48.8242389,2.3589253,17.09,25.036783216783217,23.327783216783217
Bercy Village,"28 Rue François Truffaut, Paris",48.8328395,2.3861883,19.02,22.14341692789969,20.24141692789969
Carrefour,"10 Rue Westermeyer, Ivry-sur-Seine",48.81954529999999,2.3948854,19.02,22.14341692789969,20.24141692789969
Lidl,"66 Avenue d'Ivry, Paris",48.824648,2.364337,17.09,25.036783216783217,23.327783216783217
Carrefour,"67 Boulevard Saint-Marcel, Paris",48.8372488,2.3542507,23.89,22.84533648170012,20.45633648170012
Carrefour,"Place de l'Europe, Charenton-le-Pont",48.825906,2.394102,19.02,22.14341692789969,20.24141692789969
Tang Frères,"48 Avenue d'Ivry, Paris",48.8238898,2.365566299999999,17.09,25.036783216783217,23.327783216783217
Lidl,"13 Avenue Pierre Semard, Ivry-sur-Seine",48.81959999999999,2.38016,17.09,25.036783216783217,23.327783216783217
E.Leclerc VITRY SUR SEINE,"43-45 Quai Jules Guesde, Vitry-sur-Seine",48.7950375,2.4160792,19.02,22.14341692789969,20.24141692789969
Carrefour,"165 Rue Nationale, Paris",48.83210039999999,2.3622966,17.09,25.036783216783217,23.327783216783217
Tang Frères,"168 Avenue de Choisy, Paris",48.82931,2.3578274,17.09,25.036783216783217,23.327783216783217
MONOPRIX,"54 Boulevard de l'Hôpital, Paris",48.8385857,2.3603638,23.89,22.84533648170012,20.45633648170012
Franprix,"11 Rue Delambre, Paris",48.8416811,2.3284087,30.06,18.81488372093024,15.808883720930236
Carrefour,"26 Rue Michelet, Ivry-sur-Seine",48.8080464,2.3762448,17.09,25.036783216783217,23.327783216783217
Tang Frères,"163 Boulevard de Stalingrad, Vitry-sur-Seine",48.803797,2.3770779,17.09,25.036783216783217,23.327783216783217
Supermarché G20,"7 Boulevard Chastenet de Géry, Villejuif",48.8022003,2.3561287,17.09,25.036783216783217,23.327783216783217
Picard,"17-19 Boulevard Paul Vaillant Couturier, Villejuif",48.7949488,2.366803,17.09,25.036783216783217,23.327783216783217
Sitis Market,"21 Rue Émile Zola, Villejuif",48.80291669999999,2.3707605,17.09,25.036783216783217,23.327783216783217
Franprix,"67 Rue Charles Frérot, Gentilly",48.8145277,2.3482898,17.09,25.036783216783217,23.327783216783217
Picard,"60 Rue Charles Frérot, Gentilly",48.81542870000001,2.3495531,17.09,25.036783216783217,23.327783216783217
Franprix,"30 Rue Auguste Blanqui, Gentilly",48.81447999999999,2.340619999999999,17.09,25.036783216783217,23.327783216783217
Lidl,"27-29 Avenue de Fontainebleau, Le Kremlin-Bicêtre",48.81402369999999,2.3614345,17.09,25.036783216783217,23.327783216783217
G20,"6 Rue Lounès Matoub 2-4, Arcueil",48.81281499999999,2.3330099,19.59,23.92304964539007,21.96404964539007
Paris Gel,"20-28 Avenue d'Ivry, Paris",48.82281280000001,2.3670775,17.09,25.036783216783217,23.327783216783217
MONOPRIX,"153 bis, 153bis Rue Paul Vaillant Couturier, Alfortville",48.806853,2.4185131,19.02,22.14341692789969,20.24141692789969
MONOPRIX,"215 Rue de Charenton, Paris",48.8384397,2.3899977,19.02,22.14341692789969,20.24141692789969
MONOPRIX,"114 Rue de Picpus, Paris",48.83775139999999,2.401201,19.02,22.14341692789969,20.24141692789969
Picard,"39 Avenue du Général-Leclerc, Maisons-Alfort",48.81422550000001,2.425008,19.02,22.14341692789969,20.24141692789969
Picard,"89 Rue de Paris, Charenton-le-Pont",48.8221607,2.412451700000001,19.02,22.14341692789969,20.24141692789969
Lidl,"5-9 Avenue du Maréchal de Lattre de Tassigny, Créteil",48.79551,2.45877,19.02,22.14341692789969,20.24141692789969
Picard,"139-141 Rue Paul Vaillant Couturier, Alfortville",48.8077763,2.4183629,19.02,22.14341692789969,20.24141692789969
ALDI,"Les Berges de Charenton, 62/66 Quai des Carrières, Charenton-le-Pont",48.819805,2.405831,19.02,22.14341692789969,20.24141692789969
cocciMarket,"108 Square Véron, Alfortville",48.8094348,2.4142176,19.02,22.14341692789969,20.24141692789969
Pavatharsika Sarl,"47 Avenue Anatole France, Vitry-sur-Seine",48.80390440000001,2.4044571,19.02,22.14341692789969,20.24141692789969
MONOPRIX,"19 Rue Marguerite Duras, Vitry-sur-Seine",48.80440300000001,2.406411499999999,19.02,22.14341692789969,20.24141692789969
Franprix,"175 Rue Véron, Alfortville",48.805311,2.4154358,19.02,22.14341692789969,20.24141692789969
Coccinelle Express,"174 Rue Paul Vaillant Couturier, Alfortville",48.8047729,2.4193237,19.02,22.14341692789969,20.24141692789969
Franprix,"27 Boulevard de Brandebourg, Ivry-sur-Seine",48.8143976,2.4000559,19.02,22.14341692789969,20.24141692789969
Market Ivry-Sur-Seine,"22 Promenée Marat, Ivry-sur-Seine",48.81082980000001,2.3848558,17.09,25.036783216783217,23.327783216783217
Franprix,"50 Rue Victor Hugo, Alfortville",48.8039316,2.4222393,19.02,22.14341692789969,20.24141692789969
Franprix,"90 Bis Rue Paul Vaillant Couturier, Alfortville",48.810448,2.4168178,19.02,22.14341692789969,20.24141692789969
Franprix,"102 Avenue du Général de Gaulle, Maisons-Alfort",48.8027992,2.4281777,19.02,22.14341692789969,20.24141692789969
Kabenaya Micros Supermarche,"128B Rue Jean Jaurès, Maisons-Alfort",48.8003345,2.432044,19.02,22.14341692789969,20.24141692789969
Auchan,"13-17 Avenue du Professeur Cadiot, Maisons-Alfort",48.80509499999999,2.432169,19.02,22.14341692789969,20.24141692789969
Carrefour,"39 Avenue du Général-Leclerc, Maisons-Alfort",48.81412599999999,2.4254148,19.02,22.14341692789969,20.24141692789969
Auchan,"107 Rue Hoche, Ivry-sur-Seine",48.812651,2.371582,17.09,25.036783216783217,23.327783216783217
Carrefour,"46 Av Mal De Lattre Tassigny, Saint-Maurice",48.82173520000001,2.42003,19.02,22.14341692789969,20.24141692789969
Franprix,"11 Avenue de la Liberté, Charenton-le-Pont",48.825729,2.4065037,19.02,22.14341692789969,20.24141692789969
Leader Cash,"56 bis Avenue du Maréchal de Lattre de Tassigny, Saint-Maurice",48.82266839999999,2.4201131,19.02,22.14341692789969,20.24141692789969
MONOPRIX,"110 Boulevard de Créteil, Saint-Maur-des-Fossés",48.7973535,2.4856575,19.02,22.14341692789969,20.24141692789969
Carrefour,"57-59 Rue Delerue, Saint-Maur-des-Fossés",48.7960773,2.4922165,19.02,22.14341692789969,20.24141692789969
MONOP',"20-22, Avenue Emile Zola, Saint-Maur-des-Fossés",48.8029301,2.484410899999999,19.02,22.14341692789969,20.24141692789969
Picard,"22 Rue du Pont de Créteil, Saint-Maur-des-Fossés",48.8078672,2.470878,19.02,22.14341692789969,20.24141692789969
Intermarché Super,"46 Rue du Pont de Créteil, Saint-Maur-des-Fossés",48.80469170000001,2.4711869,19.02,22.14341692789969,20.24141692789969
G20 Supermarché,"3 Avenue Desgenettes, Saint-Maur-des-Fossés",48.8072499,2.471791099999999,19.02,22.14341692789969,20.24141692789969
Picard,"12 Avenue Louis Blanc, Saint-Maur-des-Fossés",48.79706059999999,2.5012258,19.02,22.14341692789969,20.24141692789969
Franprix,"96 Avenue du Général de Gaulle, Créteil",48.7969345,2.4484625,19.02,22.14341692789969,20.24141692789969
Carrefour,"37 Avenue du Maréchal de Lattre de Tassigny, Créteil",48.797036,2.456739999999999,19.02,22.14341692789969,20.24141692789969
Carrefour,"Rue Cheret 103-107, Créteil",48.8049887,2.4572163,19.02,22.14341692789969,20.24141692789969
Franprix,"226 Avenue de la République, Maisons-Alfort",48.8097989,2.4554061,19.02,22.14341692789969,20.24141692789969
Franprix,"60 Avenue Gambetta, Maisons-Alfort",48.80985869999999,2.4425988,19.02,22.14341692789969,20.24141692789969
Franprix,"4-6 Rue de la Varenne, Saint-Maur-des-Fossés",48.8091661,2.4716817,19.02,22.14341692789969,20.24141692789969
Coccinelle Express,"2 Rue des Réservoirs, Saint-Maurice",48.8178712,2.4613016,19.02,22.14341692789969,20.24141692789969
Carrefour,"57 Rue du Pont de Créteil, Saint-Maur-des-Fossés",48.7984167,2.4808925,19.02,22.14341692789969,20.24141692789969
MONOPRIX,"Rue de Paris, Joinville-le-Pont",48.81842,2.4657779,19.02,22.14341692789969,20.24141692789969
Franprix,"2 Avenue Léopold Sédar Senghor, Saint-Maur-des-Fossés",48.8049147,2.487059799999999,19.02,22.14341692789969,20.24141692789969
Carrefour,"37 Avenue du Général Gallieni, Joinville-le-Pont",48.82020229999999,2.4787742,19.02,22.14341692789969,20.24141692789969
The Drive Intermarché,"40 Rue de Verdun, Champigny-sur-Marne",48.8151869,2.489316,19.02,22.14341692789969,20.24141692789969
Franprix,"56 B Avenue du Maréchal de Lattre de Tassigny, Saint-Maurice",48.8228421,2.4201406,19.02,22.14341692789969,20.24141692789969
MONOPRIX,"170 Grande Rue Charles de Gaulle, Nogent-sur-Marne",48.8380878,2.491467499999999,19.02,22.14341692789969,20.24141692789969
Carrefour,"85 Route de Provins, Ormesson-sur-Marne",48.79470260000001,2.554979,19.02,22.14341692789969,20.24141692789969
E.Leclerc CHAMPIGNY SUR MARNE,"156 Rue Alexandre Fourny, Champigny-sur-Marne",48.8191003,2.5310236,19.02,22.14341692789969,20.24141692789969
Picard CHENNEVIERES,"5 Route de la Libération, Chennevières-sur-Marne",48.80326589999999,2.5385814,19.02,22.14341692789969,20.24141692789969
Franprix,"95 Avenue Joffre, Saint-Maur-des-Fossés",48.8042495,2.5070969,19.02,22.14341692789969,20.24141692789969
Carrefour,"4/6 Place Lénine, Champigny-sur-Marne",48.8120134,2.5099011,19.02,22.14341692789969,20.24141692789969
Franprix,"Rue Dupertuis, Rue Albert Thomas, Champigny-sur-Marne",48.81403170000001,2.5106724,19.02,22.14341692789969,20.24141692789969
Primeur du Plateau,"60 Avenue de Coeuilly, Champigny-sur-Marne",48.81241599999999,2.5264348,19.02,22.14341692789969,20.24141692789969
Superette du Morvrain,"48 Avenue Henry Dunant, Villiers-sur-Marne",48.8237002,2.5356616,19.02,22.14341692789969,20.24141692789969
Carrefour,"2 Place Rodin Cc Du Bois L'abbe, Champigny-sur-Marne",48.80572,2.55149,19.02,22.14341692789969,20.24141692789969
Franprix,"9 Rue Rabelais, Chennevières-sur-Marne",48.8031332,2.5527749,19.02,22.14341692789969,20.24141692789969
Intermarché EXPRESS Le Perreux Sur Marne,"221 Avenue Pierre Brossolette, Le Perreux-sur-Marne",48.8344459,2.5164056,19.02,22.14341692789969,20.24141692789969
Picard,"20-22 Boulevard Gallieni, Nogent-sur-Marne",48.83946950000001,2.4856996,19.02,22.14341692789969,20.24141692789969
Franprix,"42 Rue du Général de Gaulle, Villiers-sur-Marne",48.8272381,2.5418285,19.02,22.14341692789969,20.24141692789969
Carrefour,"10-12 Avenue Ledru Rollin, Le Perreux-sur-Marne",48.8386259,2.495452999999999,19.02,22.14341692789969,20.24141692789969
Lidl,"1 Avenue de Pince Vent, Chennevières-sur-Marne",48.79434999999999,2.558510000000001,19.02,22.14341692789969,20.24141692789969
Picard,"11 Avenue de l'Hippodrome, La Queue-en-Brie",48.79356860000001,2.5596005,19.02,22.14341692789969,20.24141692789969
U Express,"48 Avenue André Rouy, Villiers-sur-Marne",48.82311469999999,2.5505434,19.02,22.14341692789969,20.24141692789969
Franprix,"70 Grande Rue Charles de Gaulle, Bry-sur-Marne",48.83838,2.5216558,19.02,22.14341692789969,20.24141692789969
Carrefour,"3 Avenue de la République, Saint-Maur-des-Fossés",48.80409350000001,2.4862173,19.02,22.14341692789969,20.24141692789969
MONOPRIX,"117 Avenue du Général de Gaulle, Le Perreux-sur-Marne",48.8414079,2.5052326,19.02,22.14341692789969,20.24141692789969
Intermarché SUPER Champigny-Sur-Marne,"6 Rue Germinal, Champigny-sur-Marne",48.8238184,2.509207,19.02,22.14341692789969,20.24141692789969
Carrefour,"7 Rue Paul Verlaine, Saint-Maurice",48.8153022,2.4596984,19.02,22.14341692789969,20.24141692789969
Carrefour,"1 Avenue du Général Sarrail, Paris",48.845843,2.255849,31.49,20.87458912768648,17.725589127686476
MONOPRIX,"5 Avenue du Maréchal Foch, Saint-Cloud",48.8468258,2.2137125,31.49,20.87458912768648,17.725589127686476
MONOPRIX,"72-80 Avenue Charles de Gaulle, Neuilly-sur-Seine",48.881736,2.271228,31.49,20.87458912768648,17.725589127686476
Monoprix,"18 Rue de Passy, Paris",48.85829649999999,2.2821037,31.49,20.87458912768648,17.725589127686476
MONOPRIX,"60-64 Rue d'Auteuil, Paris",48.8480733,2.2615829,31.49,20.87458912768648,17.725589127686476
MONOPRIX,"24 Rue du Commerce, Paris",48.848888,2.2975889,21.82,27.2625,25.0805
E.Leclerc RUEIL MALMAISON,"58 Avenue de Fouilleuse, Rueil-Malmaison",48.8620766,2.194152,31.49,20.87458912768648,17.725589127686476
MONOPRIX,"2 Place de la Défense, Puteaux",48.8926262,2.2393919,31.49,20.87458912768648,17.725589127686476
Carrefour,"33 Rue Frémicourt, Paris",48.8478161,2.2995062,21.82,27.2625,25.0805
MONOPRIX,"19 Rue Linois, Paris",48.8481482,2.2839813,21.82,27.2625,25.0805
Carrefour,"3 Rue Pierre Demours, Paris",48.87978,2.2912707,23.73,29.58818342151676,27.215183421516755
Market Suresnes Verdun,"103 Rue de Verdun, Suresnes",48.8761391,2.2319812,31.49,20.87458912768648,17.725589127686476
Carrefour,"4 Allée Jules Ferry, Suresnes",48.86902689999999,2.2246778,31.49,20.87458912768648,17.725589127686476
MONOPRIX,"24 Rue des Belles Feuilles, Paris",48.8668736,2.282173,31.49,20.87458912768648,17.725589127686476
Picard,"195 Rue de Grenelle, Paris",48.8564631,2.3036202,33.96,12.053789731051344,8.657789731051345
MONOP',"29 Avenue Victor Hugo, Paris",48.87175420000001,2.2908048,23.73,29.58818342151676,27.215183421516755
Magasin Maison Thiriet,"9 Boulevard Jean Jaurès, Boulogne-Billancourt",48.844292,2.238132,31.49,20.87458912768648,17.725589127686476
Lidl,"9 Rue Dailly, Saint-Cloud",48.8427474,2.2209903,31.49,20.87458912768648,17.725589127686476
MONOPRIX,"8-14 Rue des Huissiers, Neuilly-sur-Seine",48.88413810000001,2.2659148,31.49,20.87458912768648,17.725589127686476
G20,"143 Rue Saint-Dominique, Paris",48.8579051,2.3012454,33.96,12.053789731051344,8.657789731051345
Carrefour,"84 Rue Saint-Dominique, Paris",48.8597256,2.3068579,33.96,12.053789731051344,8.657789731051345
Picard,"5 Rue de l'Église, Boulogne-Billancourt",48.845771,2.2359849,31.49,20.87458912768648,17.725589127686476
Monoprix,"10 12 Rue de l'Abreuvoir, Courbevoie",48.8915327,2.2547618,31.49,20.87458912768648,17.725589127686476
E.Leclerc NANTERRE,"99 Rue Paul Vaillant Couturier, Nanterre",48.88313290000001,2.2045502,31.49,20.87458912768648,17.725589127686476
Carrefour,"42 Avenue de la Motte-Picquet, Paris",48.8548361,2.3058889,33.96,12.053789731051344,8.657789731051345
G20 - Auteuil Market,"77 Rue d'Auteuil, Paris",48.8477457,2.2603586,31.49,20.87458912768648,17.725589127686476
Segep,"91 Avenue Paul Doumer, Paris",48.8586146,2.2759841,31.49,20.87458912768648,17.725589127686476
Picard,"63 Rue d'Auteuil, Paris",48.8478267,2.2626197,31.49,20.87458912768648,17.725589127686476
Picard,"352 Rue Lecourbe, Paris",48.83651589999999,2.2820113,21.82,27.2625,25.0805
Picard,"285 Rue de Vaugirard, Paris",48.83930470000001,2.3010427,21.82,27.2625,25.0805
Carrefour,"74 Avenue Pablo Picasso, Nanterre",48.889011,2.219507,31.49,20.87458912768648,17.725589127686476
bp,"99 Avenue de Versailles, Paris",48.845014,2.271591,31.49,20.87458912768648,17.725589127686476
Les Passages Shopping Center,"5 Rue Tony Garnier, Boulogne-Billancourt",48.83722220000001,2.2397222,31.49,20.87458912768648,17.725589127686476
Franprix,"42 Rue de l'Est, Boulogne-Billancourt",48.8414037,2.2446261,31.49,20.87458912768648,17.725589127686476
A2pas,"33 Rue Raffet, Paris",48.85196180000001,2.2643404,31.49,20.87458912768648,17.725589127686476
Family Kash,"22 Rue des Menus, Boulogne-Billancourt",48.84783650000001,2.2351663,31.49,20.87458912768648,17.725589127686476
..,"6 Rue Poussin, Paris",48.8490454,2.2653765,31.49,20.87458912768648,17.725589127686476
Franprix,"20 Boulevard Jean Jaurès, Boulogne-Billancourt",48.84382309999999,2.237535,31.49,20.87458912768648,17.725589127686476
Franprix,"14 Route de la Reine, Boulogne-Billancourt",48.8390534,2.2498222,31.49,20.87458912768648,17.725589127686476
Carrefour,"27 Boulevard Jean Jaurès, Boulogne-Billancourt",48.8416649,2.2391538,31.49,20.87458912768648,17.725589127686476
Monoprix,"109 Avenue Mozart, Paris",48.85094609999999,2.2675915,31.49,20.87458912768648,17.725589127686476
Intermarché EXPRESS Paris,"59 Rue Boileau, Paris",48.84278499999999,2.264411,31.49,20.87458912768648,17.725589127686476
Monoprix,"23 Avenue de l'Opéra, Paris",48.8665725,2.333697,24.03,8.824590163934426,6.421590163934425
Monoprix,"Boulevard de Sébastopol, Paris",48.8657832,2.352023899999999,22.86,28.761538461538468,26.475538461538463
Monoprix,"Rue du Bac, Paris",48.85655449999999,2.3272297,24.03,8.824590163934426,6.421590163934425
MONOPRIX,"24 Boulevard Saint-Michel, Paris",48.85090109999999,2.3425198,23.03,18.32875,16.02575
Monoprix,"71 Rue Saint-Antoine, Paris",48.8542725,2.3632913,22.86,28.761538461538468,26.475538461538463
Carrefour,"63 Boulevard Marguerite de Rochechouart, Paris",48.88177710000001,2.340074,23.64,51.51186440677967,49.14786440677968
MONOPRIX,"52 Rue de Rennes, Paris",48.8534424,2.332489499999999,30.06,18.81488372093024,15.808883720930236
Monoprix,"14 Rue Sainte-Apolline, Paris",48.86922000000001,2.3534798,22.86,28.761538461538468,26.475538461538463
Carrefour,"79 Rue de Seine, Paris",48.853565,2.3371147,30.06,18.81488372093024,15.808883720930236
MONOPRIX,"164 Rue du Temple, Paris",48.8661659,2.3614627,22.86,28.761538461538468,26.475538461538463
Carrefour,"34 Rue Monge, Paris",48.8460611,2.351625,23.89,22.84533648170012,20.45633648170012
K-Mart Opera,"4-8 Rue Sainte-Anne, Paris",48.8654877,2.3353235,24.03,8.824590163934426,6.421590163934425
Lidl,"8 Boulevard de Strasbourg, Paris",48.87015,2.35475,22.86,28.761538461538468,26.475538461538463
Monoprix,"47 Rue Joubert, Paris",48.8746501,2.3288409,23.64,51.51186440677967,49.14786440677968
Carrefour,"23 Rue des Lombards, Paris",48.85925879999999,2.3492074,23.03,18.32875,16.02575
MONOP',"9 Boulevard de la Madeleine, Paris",48.8694739,2.3268218,24.03,8.824590163934426,6.421590163934425
Carrefour,"23 Boulevard de Bonne Nouvelle, Paris",48.87011529999999,2.3495137,21.93,21.491919191919195,19.2989191919192
Franprix,"12 Rue de Surène, Paris",48.8709667,2.3210253,30.89,9.334536082474228,6.245536082474228
Market Paris Maubeuge,"33 Rue de Maubeuge, Paris",48.8784256,2.344824,23.64,51.51186440677967,49.14786440677968
Carrefour,"114 Boulevard Saint-Germain, Paris",48.85204769999999,2.3411401,23.03,18.32875,16.02575
Carrefour,"12 Rue du Faubourg Saint-Denis, Paris",48.8703043,2.3530912,18.22,29.021868512110725,27.19986851211073
Picard,"7 Rue André Mazet, Paris",48.8538256,2.339267200000001,30.06,18.81488372093024,15.808883720930236
SUPERMARCHÉ G20,"15 Rue du Grenier-Saint-Lazare, Paris",48.8628116,2.3528845,22.86,28.761538461538468,26.475538461538463
MONOPRIX,"31 Rue du Départ, Paris",48.8415671,2.3224654,30.06,18.81488372093024,15.808883720930236
MONOP',"4 Rue de la Bourse, Paris",48.86957640000001,2.3399512,21.93,21.491919191919195,19.2989191919192
Picard,"62 Rue Lamartine, Paris",48.87676919999999,2.3397117,23.64,51.51186440677967,49.14786440677968
MONOPRIX,"52 Rue Pierre Fontaine, Paris",48.88356580000001,2.3327467,23.64,51.51186440677967,49.14786440677968
Lidl,"130 Rue du Chemin Vert, Paris",48.86223,2.3848,18.64,39.5433242506812,37.679324250681205
MONOPRIX,"45 Rue Godefroy Cavaignac, Paris",48.856802,2.379562,18.64,39.5433242506812,37.679324250681205
Lidl,"83 Rue Saint-Maur, Paris",48.8639569,2.3783577,18.64,39.5433242506812,37.679324250681205
Super U et Drive,"14 Rue Paul Bert, Paris",48.8519687,2.384856699999999,18.64,39.5433242506812,37.679324250681205
Lidl,"73 Rue des Pyrénées, Paris",48.8533289,2.4056928,15.92,32.28160535117057,30.68960535117057
U Express et Drive,"46 Rue Oberkampf, Paris",48.86459019999999,2.3725471,18.64,39.5433242506812,37.679324250681205
MONOPRIX MARGARET,"91 Rue du Faubourg Saint-Denis, Paris",48.8741339,2.3549771,18.22,29.021868512110725,27.19986851211073
Auchan,"8 Place Léon Blum, Paris",48.85849899999999,2.380636,18.64,39.5433242506812,37.679324250681205
Monoprix,"70-72 Rue du Faubourg du Temple, Paris",48.8700406,2.372243000000001,18.64,39.5433242506812,37.679324250681205
Carrefour,"274 Rue des Pyrénées, Paris",48.8701208,2.3945689,15.92,32.28160535117057,30.68960535117057
Carrefour,"17 Rue de Clignancourt, Paris",48.88505139999999,2.347007999999999,16.9,31.93194675540765,30.24194675540765
Carrefour,"53 Rue de Turbigo, Paris",48.86566200000001,2.3559549,22.86,28.761538461538468,26.475538461538463
MONOP',"5 Rue des Haudriettes, Paris",48.861545,2.3574556,22.86,28.761538461538468,26.475538461538463
Picard,"8 Rue du Chemin Vert, Paris",48.8572482,2.3698058,18.64,39.5433242506812,37.679324250681205
MONOPRIX,"2 Avenue Foch, Saint-Mandé",48.84562750000001,2.417898399999999,19.02,22.14341692789969,20.24141692789969
Carrefour,"235 Rue Etienne Marcel, Montreuil",48.8546979,2.4159365,15.92,32.28160535117057,30.68960535117057
MONOPRIX,"96 Rue Dalayrac, Fontenay-sous-Bois",48.8493228,2.458831200000001,19.02,22.14341692789969,20.24141692789969
Auchan,"Cc Bel Est, Bagnolet",48.86557999999999,2.41509,15.92,32.28160535117057,30.68960535117057
Carrefour,"5 Avenue Faidherbe, Le Pré-Saint-Gervais",48.878899,2.41166,15.92,32.28160535117057,30.68960535117057
E.Leclerc PANTIN CEDEX,"51 Avenue Jean Lolive, Pantin",48.89092249999999,2.4043049,15.2,27.12164948453608,25.60164948453608
Lidl,"11 Avenue Gambetta, Bagnolet",48.8690712,2.4150885,15.92,32.28160535117057,30.68960535117057
Monoprix Belleville,"133 Rue de Belleville, Paris",48.8748775,2.3886971,15.2,27.12164948453608,25.60164948453608
Picard,"4 Avenue Parmentier, Paris",48.85898599999999,2.3799018,18.64,39.5433242506812,37.679324250681205
MONOPRIX,"27 Rue de l'Église, Vincennes",48.8476165,2.4353335,19.02,22.14341692789969,20.24141692789969
Carrefour,"32 Rue Sedaine, Paris",48.85644579999999,2.3738408,18.64,39.5433242506812,37.679324250681205
Picard,"48 Rue des Francs Bourgeois, Paris",48.8590256,2.3585928,22.86,28.761538461538468,26.475538461538463
Franprix,"106 Rue Petit, Paris",48.8861453,2.3916051,15.2,27.12164948453608,25.60164948453608
MONOPRIX,"Avenue Jean Jaurès 118, Paris",48.88586799999999,2.3835,15.2,27.12164948453608,25.60164948453608
Lidl,"53-55 Boulevard de la Villette, Paris",48.8756729,2.3724695,15.2,27.12164948453608,25.60164948453608
Monoprix,"99 Rue du Faubourg Saint-Antoine, Paris",48.8515023,2.3759813,18.64,39.5433242506812,37.679324250681205
Intermarché Express,"38 Rue de Strasbourg, Vincennes",48.8505182,2.4383186,19.02,22.14341692789969,20.24141692789969
Auchan,"Cc Val Fontenay, Fontenay-sous-Bois",48.85363,2.48354,19.02,22.14341692789969,20.24141692789969
Super U et Drive,"170 Rue de la Nouvelle France, Montreuil",48.86049239999999,2.4659524,19.02,22.14341692789969,20.24141692789969
Picard,"19 Avenue du Château, Vincennes",48.8462012,2.4365961,19.02,22.14341692789969,20.24141692789969
Carrefour,"2 Ter Rue Jean Jaurès, Noisy-le-Sec",48.89018009999999,2.4536633,15.92,32.28160535117057,30.68960535117057
Picard,"116 Rue Dalayrac, Fontenay-sous-Bois",48.84975610000001,2.4571877,19.02,22.14341692789969,20.24141692789969
Lidl,"4 Rue Roger-Salengro, Fontenay-sous-Bois",48.84851399999999,2.488621,19.02,22.14341692789969,20.24141692789969
Picard VITRUVE,"137 Rue des Pyrénées, Paris",48.85809440000001,2.4027202,15.92,32.28160535117057,30.68960535117057
Picard,"76-78 Rue de Paris, Les Lilas",48.8792762,2.4143977,15.92,32.28160535117057,30.68960535117057
Syd Distribution,"9 Rue du Parc, Saint-Mandé",48.84590430000001,2.4202878,19.02,22.14341692789969,20.24141692789969
franprix,"215 Rue Diderot, Vincennes",48.85004730000001,2.4519159,19.02,22.14341692789969,20.24141692789969
Picard,"30 Rue du Général Gallieni, Rosny-sous-Bois",48.872913,2.4840619,15.92,32.28160535117057,30.68960535117057
SUPERMARCHÉ G20,"1 Place François Mitterrand, Montreuil",48.8651835,2.4440492,15.92,32.28160535117057,30.68960535117057
Franprix,"215 Rue Diderot, Vincennes",48.85004730000001,2.4519159,19.02,22.14341692789969,20.24141692789969
U Express et Drive,"42 Rue Defrance, Vincennes",48.8479177,2.4490008,19.02,22.14341692789969,20.24141692789969
Franprix,"130-132, Rue Defrance, Vincennes",48.84902520000001,2.4554722,19.02,22.14341692789969,20.24141692789969
Franprix,"12 Rue de Fontenay, Vincennes",48.8479741,2.4451185,19.02,22.14341692789969,20.24141692789969
Biocoop Vincennes - Bio Rigollots,"140 Rue Defrance, Vincennes",48.8491662,2.455958,19.02,22.14341692789969,20.24141692789969
Franprix,"54 Avenue Gabriel Péri, Montreuil",48.8563494,2.4444547,19.02,22.14341692789969,20.24141692789969
G20,"25 Rue Raymond du Temple, Vincennes",48.8465561,2.4380605,19.02,22.14341692789969,20.24141692789969
SUPERMARCHÉ G20,"134 Avenue du Président Wilson, Montreuil",48.85519420000001,2.4393222,19.02,22.14341692789969,20.24141692789969
Franprix,"4 Rue des Meuniers, Montreuil",48.8510371,2.433960599999999,19.02,22.14341692789969,20.24141692789969
Franprix,"49 Boulevard Rouget de Lisle, Montreuil",48.8588158,2.437771300000001,15.92,32.28160535117057,30.68960535117057
Franprix,"55 Rue Lenain de Tillemont, Montreuil",48.8609546,2.4597954,15.92,32.28160535117057,30.68960535117057
Franprix,"40 Rue Franklin, Montreuil",48.86266740000001,2.4441688,15.92,32.28160535117057,30.68960535117057
Franprix,"13-15 Rue des Vignerons, Vincennes",48.8441866,2.4315112,19.02,22.14341692789969,20.24141692789969
Carrefour,"63 Rue de Paris, Montreuil",48.8572905,2.4325908,15.92,32.28160535117057,30.68960535117057
Franprix Bérault Vincennes,"64 Avenue de Paris, Vincennes",48.84548379999999,2.4304565,19.02,22.14341692789969,20.24141692789969
Franprix,"3-5 Rue Beaumarchais, Montreuil",48.85698,2.4316797,15.92,32.28160535117057,30.68960535117057
Franprix,"22 Rue Raspail, Montreuil",48.8531671,2.4264843,19.02,22.14341692789969,20.24141692789969
bp,"151 Rue de la Nouvelle France, Montreuil",48.863087,2.4640395,15.92,32.28160535117057,30.68960535117057
Franprix,"44 Rue de Lagny, Montreuil",48.8491115,2.425725399999999,19.02,22.14341692789969,20.24141692789969
Coccinelle,"Rue de Fontenay, Nogent-sur-Marne",48.8411059,2.4722809,19.02,22.14341692789969,20.24141692789969
U Express,"46 Rue Robespierre, Montreuil",48.85371,2.42343,19.02,22.14341692789969,20.24141692789969
Carrefour,"101-103 Avenue de Paris, Saint-Mandé",48.84591680000001,2.421368,19.02,22.14341692789969,20.24141692789969
U Express et Drive,"4 Avenue Paul Signac, Montreuil",48.8694221,2.449891699999999,15.92,32.28160535117057,30.68960535117057
Franprix,"9 Rue du Parc, Saint-Mandé",48.84609,2.42,19.02,22.14341692789969,20.24141692789969
Franprix,"1 Rue Emile Zola, Montreuil",48.8548535,2.4194909,15.92,32.28160535117057,30.68960535117057
Franprix,"25 Avenue Joffre, Saint-Mandé",48.8484737,2.4174885,19.02,22.14341692789969,20.24141692789969
Picard,"52 Rue Charles de Gaulle, Saint-Mandé",48.8422197,2.4175563,19.02,22.14341692789969,20.24141692789969
bp,"Place du Général de Gaulle, Fontenay-sous-Bois",48.85283399999999,2.485349,19.02,22.14341692789969,20.24141692789969
G20,"5 Rond-Point du Maréchal Foch, Nogent-sur-Marne",48.8444029,2.486738899999999,19.02,22.14341692789969,20.24141692789969
CocciMarket,"45 Boulevard Davout, Paris",48.8509201,2.4107078,19.02,22.14341692789969,20.24141692789969
Carrefour,"Clos Du, Boulevard du Mont d'Est, Noisy-le-Grand",48.839477,2.546309,19.02,22.14341692789969,20.24141692789969
Les Arcades,"234 Boulevard du Mont d'Est, Noisy-le-Grand",48.84016589999999,2.5471111,19.02,22.14341692789969,20.24141692789969
Intermarché SUPER Fontenay-Sous-Bois,"32 Rue Roger-Salengro, Fontenay-sous-Bois",48.8494893,2.4897827,19.02,22.14341692789969,20.24141692789969
Intermarché SUPER Le Perreux-Sur-Marne,"160 Boulevard d'Alsace Lorraine, Le Perreux-sur-Marne",48.85192139999999,2.5098736,19.02,22.14341692789969,20.24141692789969
SCAL Cash & Carry Fontenay-sous-Bois,"33 Avenue du Maréchal de Lattre de Tassigny, Fontenay-sous-Bois",48.8595999,2.4888609,19.02,22.14341692789969,20.24141692789969
Auchan,"Cc Baobab, Neuilly-sur-Marne",48.85475,2.51759,19.02,22.14341692789969,20.24141692789969
Franprix,"28 Chemin de Meaux, Neuilly-Plaisance",48.8623935,2.512039,19.02,22.14341692789969,20.24141692789969
Intermarché SUPER Noisy-Le-Grand,"6 Boulevard du Maréchal Foch, Noisy-le-Grand",48.84486769999999,2.5284259,19.02,22.14341692789969,20.24141692789969
Franprix,"70 Rue du 11 Novembre, Neuilly-sur-Marne",48.86324519999999,2.5266191,19.02,22.14341692789969,20.24141692789969
Franprix,"11 Rue du Général Leclerc, Rosny-sous-Bois",48.87095660000001,2.4875472,15.92,32.28160535117057,30.68960535117057
U Express,"CC Les Fauvettes, Place du Commerce, Rue de Savoie, Neuilly-sur-Marne",48.86847350000001,2.5326973,19.02,22.14341692789969,20.24141692789969
Lidl,"17 Avenue Robert Schumann, Neuilly-sur-Marne",48.872877,2.531199,19.02,22.14341692789969,20.24141692789969
Auchan,"1 Place Des Operettes, Noisy-le-Grand",48.8467173,2.548775,19.02,22.14341692789969,20.24141692789969
bp,"32 Avenue de Rosny, Villemomble",48.8852997,2.5047223,15.92,32.28160535117057,30.68960535117057
Franprix,"17 Rue du Marché, Noisy-le-Grand",48.8480481,2.5538406,19.02,22.14341692789969,20.24141692789969
Franprix,"168 Grande Rue, Villemomble",48.88214000000001,2.523269999999999,15.92,32.28160535117057,30.68960535117057
Westfield Rosny 2,"Avenue du Général de Gaulle, Rosny-sous-Bois",48.88374080000001,2.4777444,15.92,32.28160535117057,30.68960535117057
Sitis super market,"201 Boulevard de la Boissière, Montreuil",48.8771463,2.4640264,15.92,32.28160535117057,30.68960535117057
Carrefour,"4 Rue Montel, Villemomble",48.8878621,2.5105165,15.92,32.28160535117057,30.68960535117057
SITIS Market,"20Ter Avenue Jean Jaurès, Gagny",48.88364329999999,2.5292737,15.92,32.28160535117057,30.68960535117057
Franprix,"221-225 Boulevard Aristide Briand, Montreuil",48.8766865,2.4560993,15.92,32.28160535117057,30.68960535117057
Franprix,"6 Rue de la Philosophie, Bondy",48.8899217,2.4952726,15.92,32.28160535117057,30.68960535117057
MONOPRIX,"31 Rue Edith Cavell, Courbevoie",48.9027985,2.2682898,23.73,29.58818342151676,27.215183421516755
E.Leclerc COLOMBES,"Zac des 4 Chemins, 130 Boulevard Charles de Gaulle, Colombes",48.9143992,2.2302331,31.49,20.87458912768648,17.725589127686476
Carrefour,"21 Rue Louis Calmel, Gennevilliers",48.9254178,2.2924519,23.73,29.58818342151676,27.215183421516755
Lidl,"55 Rue Raspail, Levallois-Perret",48.8986546,2.2912723,23.73,29.58818342151676,27.215183421516755
Market Courbevoie,"Cc Charras, Courbevoie",48.89547030000001,2.250539000000001,31.49,20.87458912768648,17.725589127686476
E.Leclerc COLOMBES,"21 Rue Jules Michelet, Colombes",48.9322645,2.2683169,23.73,29.58818342151676,27.215183421516755
Intermarché SUPER Nanterre,"Boulevard François Vincent Raspail, Nanterre",48.89653099999999,2.207993,31.49,20.87458912768648,17.725589127686476
ALDI,"97 Rue du Ménil, Asnières-sur-Seine",48.9206403,2.2833072,23.73,29.58818342151676,27.215183421516755
MONOPRIX,"20 Rue Gabriel Péri, Levallois-Perret",48.89047809999999,2.2893249,23.73,29.58818342151676,27.215183421516755
MONOPRIX,"Place Georges Pompidou, Levallois-Perret",48.8987254,2.283107,23.73,29.58818342151676,27.215183421516755
MONOPRIX,"6 Place des Victoires, Asnières-sur-Seine",48.91041560000001,2.2905933,23.73,29.58818342151676,27.215183421516755
MARCHÉ FRAIS,"5 Rue Ambroise Thomas, Argenteuil",48.936116,2.236823,23.73,29.58818342151676,27.215183421516755
Picard,"4-6 Place du Général Leclerc, Levallois-Perret",48.8921795,2.2854983,23.73,29.58818342151676,27.215183421516755
Carrefour,"3 Avenue de la Redoute, Asnières-sur-Seine",48.9279145,2.2741335,23.73,29.58818342151676,27.215183421516755
Carrefour,"25/27 Avenue de l'Europe, Colombes",48.92572930000001,2.243333799999999,23.73,29.58818342151676,27.215183421516755
Lidl,"292 Rue du Président Salvador Allende, Colombes",48.92105000000001,2.23017,23.73,29.58818342151676,27.215183421516755
LIDL,"73 Rue Sadi Carnot, Nanterre",48.88712,2.20823,31.49,20.87458912768648,17.725589127686476
ALDI,"189-193 Rue Henri Barbusse, Argenteuil",48.9329696,2.2335043,23.73,29.58818342151676,27.215183421516755
Franprix,"56-58 Rue de Bezons, Courbevoie",48.89729939999999,2.2480517,31.49,20.87458912768648,17.725589127686476
Franprix,"1 Bis Rue Gounod, Paris",48.8823861,2.3009182,23.73,29.58818342151676,27.215183421516755
Lidl,"122 Boulevard du Général Leclerc, Clichy",48.90919,2.30714,23.73,29.58818342151676,27.215183421516755
Franprix,"17 Rue des Vallées, Colombes",48.9151536,2.2579337,23.73,29.58818342151676,27.215183421516755
Franprix,"17-19 Boulevard Jean Jaurès, Clichy",48.8978797,2.307781,23.73,29.58818342151676,27.215183421516755
Picard NANTERRE,"122-124 Rue Paul Vaillant Couturier 122-124, Nanterre",48.8818479,2.2042887,31.49,20.87458912768648,17.725589127686476
Transmontana,"8 Rue des Fusillés de la Résistance, Puteaux",48.88357670000001,2.2245638,31.49,20.87458912768648,17.725589127686476
MONOPRIX,"20 Rue du Capitaine Guynemer, Bois-Colombes",48.90776409999999,2.2616014,23.73,29.58818342151676,27.215183421516755
Sogecarnot,"75 Rue Carnot, Levallois-Perret",48.89281980000001,2.2854385,23.73,29.58818342151676,27.215183421516755
Carrefour,"63 Grande Rue Charles de Gaulle, Asnières-sur-Seine",48.9087993,2.2864973,23.73,29.58818342151676,27.215183421516755
bp,"16-22 Avenue de Stalingrad, Colombes",48.928232,2.271001999999999,23.73,29.58818342151676,27.215183421516755
bp,"265 Avenue Georges Clemenceau, Nanterre",48.885884,2.219958,31.49,20.87458912768648,17.725589127686476
Carrefour,"28 Avenue Marceau, Courbevoie",48.8994979,2.2460979,31.49,20.87458912768648,17.725589127686476
Franprix,"100 Rue de Colombes, Courbevoie",48.9035069,2.2562297,23.73,29.58818342151676,27.215183421516755
Franprix,"21 Boulevard Saint-Denis, Courbevoie",48.8965176,2.2588531,23.73,29.58818342151676,27.215183421516755
Intermarché EXPRESS Courbevoie,"18 ter Rue de Bezons, Courbevoie",48.8934898,2.2527105,31.49,20.87458912768648,17.725589127686476
Carrefour,"54 Boulevard de la République, La Garenne-Colombes",48.90669569999999,2.2474691,23.73,29.58818342151676,27.215183421516755
Franprix,"Square Henri Regnault, Courbevoie",48.89473599999999,2.2428094,31.49,20.87458912768648,17.725589127686476
Franprix,"46 Avenue de l'Arche, Courbevoie",48.8977946,2.238367499999999,31.49,20.87458912768648,17.725589127686476
Franprix,"6 Bis Rue Voltaire, La Garenne-Colombes",48.908233,2.24712,23.73,29.58818342151676,27.215183421516755
Franprix,"63 Rue Victor Hugo, Courbevoie",48.89627290000001,2.2622937,23.73,29.58818342151676,27.215183421516755
Auchan,"49-51 Avenue du Général de Gaulle, La Garenne-Colombes",48.9106,2.25481,23.73,29.58818342151676,27.215183421516755
Carrefour,"4plce Du Gal Leclerc, La Garenne-Colombes",48.909624,2.2413071,31.49,20.87458912768648,17.725589127686476
Marks & Spencer,"Galerie marchande de la gare RER La Défense, Puteaux",48.8914727,2.238479099999999,31.49,20.87458912768648,17.725589127686476
Franprix,"90 Boulevard national, La Garenne-Colombes",48.90847,2.23778,31.49,20.87458912768648,17.725589127686476
Auchan,"Cc Les 4 Temps, Puteaux",48.89123300000001,2.235188,31.49,20.87458912768648,17.725589127686476
Supermarché COCCINELLE,"2 Rue de la Liberté, Colombes",48.9225574,2.2538929,23.73,29.58818342151676,27.215183421516755
Intermarché EXPRESS Bois Colombes,"23-25 Rue des Peupliers, Bois-Colombes",48.9126339,2.2594605,23.73,29.58818342151676,27.215183421516755
coccinelle express,"142 Avenue Henri Barbusse, Colombes",48.91465059999999,2.2526574,23.73,29.58818342151676,27.215183421516755
Franprix,"15 Rue Ybry, Neuilly-sur-Seine",48.88639999999999,2.25897,31.49,20.87458912768648,17.725589127686476
Carrefour,"5 Boulevard Georges Clemenceau, Courbevoie",48.90266099999999,2.2731453,23.73,29.58818342151676,27.215183421516755
MONOPRIX,"2 Rue Garibaldi, Saint-Ouen-sur-Seine",48.90595560000001,2.3313365,16.9,31.93194675540765,30.24194675540765
MONOPRIX,"5 Rue Letort, Paris",48.89388599999999,2.342027,16.9,31.93194675540765,30.24194675540765
E.Leclerc CLICHY,"Espace, 167 Boulevard Victor Hugo, Clichy",48.9046397,2.3207455,23.73,29.58818342151676,27.215183421516755
Carrefour,"102 Avenue de Saint-Ouen, Paris",48.894029,2.328003,23.64,51.51186440677967,49.14786440677968
E.Leclerc GENNEVILLIERS,"10 Avenue du Général de Gaulle, Gennevilliers",48.9325736,2.3054914,23.73,29.58818342151676,27.215183421516755
Biocoop Paris 17eme,"153 Rue Legendre, Paris",48.890637,2.324548,23.64,51.51186440677967,49.14786440677968
Lidl,"89/103 Avenue Gabriel Péri, Saint-Ouen-sur-Seine",48.9040135,2.331515500000001,16.9,31.93194675540765,30.24194675540765
MONOP',"1-3 Place Pigalle, Paris",48.8820939,2.337812,23.64,51.51186440677967,49.14786440677968
Super U et Drive,"103 Avenue de Clichy, Paris",48.889279,2.322058,23.64,51.51186440677967,49.14786440677968
Auchan,"20 Place du Marché Saint-Honoré, Paris",48.8663538,2.331838599999999,24.03,8.824590163934426,6.421590163934425
Lidl,"210 Boulevard Gallieni, Villeneuve-la-Garenne",48.93539999999999,2.3333,16.9,31.93194675540765,30.24194675540765
ALDI,"6 Rue de Belfort, Clichy",48.90226929999999,2.3169981,23.73,29.58818342151676,27.215183421516755
Picard,"18 Avenue Trudaine, Paris",48.881201,2.341985600000001,23.64,51.51186440677967,49.14786440677968
Le Marché des Champs-Elysées,"53 Rue Galilée, Paris",48.8707524,2.2971525,30.89,9.334536082474228,6.245536082474228
Monoprix,"26 Rue d'Astorg, Paris",48.8743198,2.3198741,30.89,9.334536082474228,6.245536082474228
Franprix,"116 Rue Lamarck, Paris",48.89071189999999,2.3341343,23.64,51.51186440677967,49.14786440677968
Mabadis Supermarché G20,"29 Rue des Moines, Paris",48.8893,2.3196136,23.64,51.51186440677967,49.14786440677968
MONOPRIX,"25 Avenue des Ternes, Paris",48.87813449999999,2.2954077,23.73,29.58818342151676,27.215183421516755
Franprix,"6 Rue Saint-Ferdinand, Paris",48.8789788,2.2904378,23.73,29.58818342151676,27.215183421516755
Le Millénaire,"23 Rue Madeleine Vionnet, Aubervilliers",48.90292230000001,2.376431,15.2,27.12164948453608,25.60164948453608
Lidl,"247 Rue de Crimée, Paris",48.89438430000001,2.3724337,15.2,27.12164948453608,25.60164948453608
Carrefour,"le Millénaire, Zac Canal Porte, C.C, Aubervilliers",48.9032856,2.375402100000001,15.2,27.12164948453608,25.60164948453608
Picard,"87 Avenue de Flandre, Paris",48.88963450000001,2.374702800000001,15.2,27.12164948453608,25.60164948453608
Monoprix,"117 Avenue de Flandre, Paris",48.8914719,2.3771903,15.2,27.12164948453608,25.60164948453608
Carrefour,"Place du Caquet, Saint-Denis",48.93707,2.36003,16.9,31.93194675540765,30.24194675540765
Picard,"33 Quai de Valmy, Paris",48.86898079999999,2.3665927,22.86,28.761538461538468,26.475538461538463
MONOPRIX,"11 Avenue Henriette, Drancy",48.91885329999999,2.449678,15.92,32.28160535117057,30.68960535117057
Centre Commercial Avenir,"60 Rue Saint-Stenay, Drancy",48.91991910000001,2.421391099999999,15.2,27.12164948453608,25.60164948453608
Market Drancy,"16 Boulevard Paul Vaillant Couturier, Drancy",48.9220763,2.446813,15.92,32.28160535117057,30.68960535117057
Picard,"15 Rue Henri Ribière, Paris",48.8769711,2.3951912,15.92,32.28160535117057,30.68960535117057
Carrefour,"77 Rue Auguste Blanqui, Drancy",48.9199461,2.4592519,15.92,32.28160535117057,30.68960535117057
Picard,"59 Avenue Jean Lolive, Pantin",48.8914655,2.4027349,15.2,27.12164948453608,25.60164948453608
Picard,"17 Rue Jean Jaurès, Noisy-le-Sec",48.8915851,2.4544895,15.92,32.28160535117057,30.68960535117057
Franprix,"5 Place Pierre Mac Orlan, Paris",48.8955732,2.3622212,16.9,31.93194675540765,30.24194675540765
bp,"19 Avenue Jean Jaurès, Bobigny",48.90000799999999,2.441156,15.92,32.28160535117057,30.68960535117057
Oriental Discount,"Tour La Villette, 5 Rue Henri Barbusse, Aubervilliers",48.9024563,2.3883718,15.2,27.12164948453608,25.60164948453608
Franprix,"146 Rue de Belleville, Paris",48.87534259999999,2.3904373,15.2,27.12164948453608,25.60164948453608
Franprix,"1 Mail de la Blanchisserie, Pantin",48.8975043,2.3990449,15.2,27.12164948453608,25.60164948453608
TOTEM - Restauration et Cantine digitale en entreprise,"42 Rue Diderot, Pantin",48.9050357,2.3990686,15.2,27.12164948453608,25.60164948453608
Franprix,"Rue Victor Hugo, Pantin",48.89476510000001,2.4040476,15.2,27.12164948453608,25.60164948453608
Intermarché EXPRESS Pantin,"44bis Avenue Jean Jaurès, Pantin",48.9020696,2.3906944,15.2,27.12164948453608,25.60164948453608
Carrefour,"57 Avenue Jean Jaurès, Aubervilliers",48.9041971,2.392257,15.2,27.12164948453608,25.60164948453608
Franprix,"127 Avenue Jean Jaurès, Aubervilliers",48.9073286,2.3957314,15.2,27.12164948453608,25.60164948453608
Franprix,"108 Avenue Jean Lolive, Pantin",48.892365,2.4100212,15.92,32.28160535117057,30.68960535117057
Franprix,"85-89 Avenue de la République, Aubervilliers",48.9070884,2.3890732,15.2,27.12164948453608,25.60164948453608
Franprix,"31 Avenue Corentin Carrioux, Paris",48.8974159,2.3848948,15.2,27.12164948453608,25.60164948453608
Intermarché EXPRESS Paris,"17 Avenue Corentin Cariou, Paris",48.895891,2.383147999999999,15.2,27.12164948453608,25.60164948453608
Carrefour,"28 Rue Eugène Jumin, Paris",48.8881237,2.3923534,15.2,27.12164948453608,25.60164948453608
Franprix,"156 Avenue Jean Lolive, Pantin",48.894,2.41831,15.92,32.28160535117057,30.68960535117057
Franprix,"11 Rue Adolphe Mille, Paris",48.8886404,2.3882278,15.2,27.12164948453608,25.60164948453608
Cocci market city,"17 Rue Alphonse Karr, Paris",48.8948472,2.3804498,15.2,27.12164948453608,25.60164948453608
Supermarché Diagonal,"144 Boulevard Macdonald, Paris",48.8990202,2.37818,15.2,27.12164948453608,25.60164948453608
SUPERMARCHÉ G20,"145 Boulevard Sérurier, Paris",48.885896,2.394191,15.2,27.12164948453608,25.60164948453608
MONOPRIX,"32 Rue Auguste Polissard, Bondy",48.9034088,2.4800154,15.92,32.28160535117057,30.68960535117057
ALDI,"Route de Conflans, 37-41 Rue Pierre Semard, Le Blanc-Mesnil",48.934089,2.4765516,15.92,32.28160535117057,30.68960535117057
Le marché d'à côté,"238 Avenue Jean Jaurès, Drancy",48.9141898,2.461264,15.92,32.28160535117057,30.68960535117057
Picard,"Place de la Division Leclerc, Bondy",48.9028162,2.4801043,15.92,32.28160535117057,30.68960535117057
Franprix,"17 Boulevard Lénine, Bobigny",48.9067612,2.4431368,15.92,32.28160535117057,30.68960535117057
Oriental Express,"18 Rue Jean Jaurès, Noisy-le-Sec",48.8911526,2.4544702,15.92,32.28160535117057,30.68960535117057
Franprix,"15 Promenade Jean Rostand, Bobigny",48.9093603,2.453903,15.92,32.28160535117057,30.68960535117057
Supermarché Istanbul,"150 Rue de Paris, Noisy-le-Sec",48.902846,2.466028199999999,15.92,32.28160535117057,30.68960535117057
E-Leclerc Cultural Center in Bobigny,"Zac Matisse, 230 Avenue Jean Jaurès, Bobigny",48.91167529999999,2.4375579,15.92,32.28160535117057,30.68960535117057
Lal'Shop,"13 Bis Avenue Pierre Kerautret, Noisy-le-Sec",48.8832677,2.4427135,15.92,32.28160535117057,30.68960535117057
DIAGONAL supermarché,"26 Rue de la Fontaine, Noisy-le-Sec",48.88300650000001,2.4597425,15.92,32.28160535117057,30.68960535117057
MONOPRIX,"26 Avenue Paul Vaillant Couturier, Romainville",48.8851479,2.4337387,15.92,32.28160535117057,30.68960535117057
Franprix,"119 Avenue Henri Barbusse, Drancy",48.9193043,2.4498985,15.92,32.28160535117057,30.68960535117057
Coccinelle Super Market,"9 Rue des Bois de Groslay, Drancy",48.9183326,2.4644508,15.92,32.28160535117057,30.68960535117057
Auchan,"97 Rue de la République, Romainville",48.8804,2.43662,15.92,32.28160535117057,30.68960535117057
Supermarché G20 Romainville,"95 Avenue de Verdun, Romainville",48.8816327,2.4297568,15.92,32.28160535117057,30.68960535117057
Franprix,"56 Boulevard du Général Leclerc de Hauteclocque, Les Lilas",48.88078120000001,2.4257095,15.92,32.28160535117057,30.68960535117057
Lidl,"79 Avenue Geneviève Anthonioz de Gaulle, Bondy",48.894866,2.488084,15.92,32.28160535117057,30.68960535117057
Carrefour,"82 Rue Saint-Stenay, Drancy",48.9195489,2.4233655,15.2,27.12164948453608,25.60164948453608
Franprix,"192-196 Avenue Paul Vaillant Couturier, Le Blanc-Mesnil",48.92524969999999,2.4643149,15.92,32.28160535117057,30.68960535117057
Franprix,"158 Rue de Paris, Les Lilas",48.8810127,2.4203584,15.92,32.28160535117057,30.68960535117057
Franprix,"47 Avenue de Stalingrad, Bagnolet",48.8730865,2.4296882,15.92,32.28160535117057,30.68960535117057
E.Leclerc DRIVE La Courneuve,"Rue Jean Pierre Timbaud, La Courneuve",48.9241723,2.4174277,15.2,27.12164948453608,25.60164948453608
Coccinelle Express,"4 Rue Pierre Semard, Drancy",48.92969910000001,2.4279047,15.2,27.12164948453608,25.60164948453608
Coccinelle Express,"156 Rue Danielle-Casanova, Aubervilliers",48.9151033,2.4028913,15.2,27.12164948453608,25.60164948453608
O 'Market Fresh - La Courneuve,"171-173 Avenue Paul Vaillant Couturier, La Courneuve",48.927147,2.41664,15.2,27.12164948453608,25.60164948453608
Franprix,"29 Avenue Pierre et Marie Curie, Le Blanc-Mesnil",48.9359724,2.460638799999999,15.92,32.28160535117057,30.68960535117057
Casa Brasil - Produtos Artesanais,"10 Avenue Pierre et Marie Curie, Le Blanc-Mesnil",48.9362874,2.459098699999999,15.92,32.28160535117057,30.68960535117057
Franprix,"7 Allée Robillard, Les Pavillons-sous-Bois",48.90474160000001,2.5056538,15.92,32.28160535117057,30.68960535117057
Franprix,"259 Avenue Gambetta, Paris",48.87659559999999,2.4060544,15.92,32.28160535117057,30.68960535117057
Intermarché EXPRESS Paris,"20 Boulevard d'Indochine, Paris",48.88543960000001,2.3969086,15.2,27.12164948453608,25.60164948453608
Leclerc,"12 Allée de la Fossé Maussoin, Clichy-sous-Bois",48.9047206,2.5322799,15.92,32.28160535117057,30.68960535117057
Picard,"23 Boulevard Chanzy, Les Pavillons-sous-Bois",48.91002839999999,2.5189774,15.92,32.28160535117057,30.68960535117057
Commerc Multiples Pavillon,"Place de la Libération, Les Pavillons-sous-Bois",48.9095801,2.5178602,15.92,32.28160535117057,30.68960535117057
Picard,"49-51 Avenue du Maréchal Leclerc, Livry-Gargan",48.9199227,2.5392849,15.92,32.28160535117057,30.68960535117057
MONOPRIX,"Place de la Libération, Les Pavillons-sous-Bois",48.90976819999999,2.5177612,15.92,32.28160535117057,30.68960535117057
Carrefour,"8 Rond-Point de Montfermeil, Le Raincy",48.8958106,2.5260849,15.92,32.28160535117057,30.68960535117057
Le Joola,"126 Allée de Montfermeil, Clichy-sous-Bois",48.89725379999999,2.5326583,15.92,32.28160535117057,30.68960535117057
Picard,"211 Avenue Jean Jaurès face Auchan, Montfermeil",48.898435,2.5485687,15.92,32.28160535117057,30.68960535117057
Franprix,"14 Boulevard de Strasbourg, Aulnay-sous-Bois",48.9293097,2.4920847,15.92,32.28160535117057,30.68960535117057
Auchan,"Les, Avenue des 7 Îles, Montfermeil",48.89900799999999,2.54704,15.92,32.28160535117057,30.68960535117057
Carrefour,"6 Route de Bondy, Aulnay-sous-Bois",48.931608,2.493537,15.92,32.28160535117057,30.68960535117057
Franprix,"64 Avenue Anatole France, Aulnay-sous-Bois",48.9364417,2.4944485,15.92,32.28160535117057,30.68960535117057
Franprix,"2 Rue Jean Bouin, Gagny",48.87974999999999,2.54887,15.92,32.28160535117057,30.68960535117057
Assi Supermarché Livry Gargan,"15 Rue Marc Sangnier, Livry-Gargan",48.9259796,2.5471634,15.92,32.28160535117057,30.68960535117057
Lidl,"45/53 Boulevard de l'Europe, Livry-Gargan",48.926272,2.548322,15.92,32.28160535117057,30.68960535117057
Intermarché SUPER Bondy,"14 Place de la République, Bondy",48.89459539999999,2.4780458,15.92,32.28160535117057,30.68960535117057
Lidl,"95/99 Boulevard Alsace-Lorraine, Rosny-sous-Bois",48.88516000000001,2.48534,15.92,32.28160535117057,30.68960535117057
Lidl,"20-26 Boulevard Jean Moulin, Livry-Gargan",48.9114,2.51407,15.92,32.28160535117057,30.68960535117057
Carrefour,"46bd De Chanzy, Livry-Gargan",48.9114596,2.5210337,15.92,32.28160535117057,30.68960535117057
Auchan,"98 Boulevard de la Boissière, Montreuil",48.877922,2.457651,15.92,32.28160535117057,30.68960535117057
Casino Supermarché,"26 Place Gaston Bussière, Sevran",48.9376414,2.5291446,15.92,32.28160535117057,30.68960535117057
Intermarché SUPER Aulnay Sous Bois,"1 Rue Isaac Newton, Aulnay-sous-Bois",48.9293559,2.5098171,15.92,32.28160535117057,30.68960535117057
bp,"29 Avenue du Général Leclerc, Sevran",48.93885199999999,2.526470999999999,15.92,32.28160535117057,30.68960535117057
MONOPRIX,"1 Boulevard Jean Allemane, Argenteuil",48.9491347,2.2532564,23.73,29.58818342151676,27.215183421516755
MONOPRIX,"39 boulevard Du Général De Gaulle, Sannois",48.97122499999999,2.2586559,23.73,29.58818342151676,27.215183421516755
MONOPRIX,"46 Rue du Général de Gaulle, Enghien-les-Bains",48.9701236,2.3062108,23.73,29.58818342151676,27.215183421516755
Carrefour,"Avenue Robert Schuman, Sartrouville",48.946349,2.196952,31.49,20.87458912768648,17.725589127686476
Picard,"45-53 Boulevard Gallieni, Argenteuil",48.9414392,2.2416022,23.73,29.58818342151676,27.215183421516755
Intermarché SUPER Argenteuil,"Route d'Enghien, Argenteuil",48.957231,2.284605,23.73,29.58818342151676,27.215183421516755
Picard FRANCONVILLE,"rue de l'hermitage, Franconville",48.9770078,2.2364615,23.73,29.58818342151676,27.215183421516755
bp,"239 Route d'Enghien, Argenteuil",48.956919,2.283802000000001,23.73,29.58818342151676,27.215183421516755
Carrefour,"3 Rue de la Horionne, Sannois",48.964453,2.2554,23.73,29.58818342151676,27.215183421516755
Lidl,"Boulevard du Général Leclerc, Argenteuil",48.94154,2.2291,23.73,29.58818342151676,27.215183421516755
Lidl,"41 Boulevard Gabriel Péri, Sannois",48.96528,2.261569999999999,23.73,29.58818342151676,27.215183421516755
E.Leclerc DRIVE Sannois,"Boulevard Gabriel Péri, Sannois",48.965724,2.2608934,23.73,29.58818342151676,27.215183421516755
G 20,"164 Avenue Jean Jaurès, Argenteuil",48.94056510000001,2.2238702,23.73,29.58818342151676,27.215183421516755
Franprix,"17 Boulevard de Finlande, Colombes",48.93093299999999,2.259280399999999,23.73,29.58818342151676,27.215183421516755
ALDI,"87 Rue des Mourinoux, Asnières-sur-Seine",48.9315706,2.2756284,23.73,29.58818342151676,27.215183421516755
Carrefour,"13-15 Rue Saint-Denis, Colombes",48.9236632,2.2580351,23.73,29.58818342151676,27.215183421516755
Carrefour,"3-5 Place du Général Leclerc, Colombes",48.9225636,2.2523733,23.73,29.58818342151676,27.215183421516755
Franprix,"12 Avenue du Luth, Gennevilliers",48.9335859,2.2895299,23.73,29.58818342151676,27.215183421516755
Chronodrive,"1 Rue des Carouges, Cormeilles-en-Parisis",48.9594734,2.204406,23.73,29.58818342151676,27.215183421516755
Le Jardin du Val,"25 Rue des Grives, Argenteuil",48.94477080000001,2.2076821,23.73,29.58818342151676,27.215183421516755
Intermarché EXPRESS St Gratien,"38 Rue Soeur Angèle, Saint-Gratien",48.9697198,2.2881238,23.73,29.58818342151676,27.215183421516755
Franprix,"14 Place Jean Mermoz, Bois-Colombes",48.9214596,2.2720179,23.73,29.58818342151676,27.215183421516755
Bezons Distribution,"68 Rue Edouard Vaillant, Bezons",48.9268674,2.2142982,31.49,20.87458912768648,17.725589127686476
ALDI,"18 Rue Félix Merlin, Épinay-sur-Seine",48.9560444,2.2994963,23.73,29.58818342151676,27.215183421516755
SUPERMARCHÉ G20,"76 Rue Edouard Vaillant, Bezons",48.9265963,2.2135896,31.49,20.87458912768648,17.725589127686476
Picard,"40 Rue de Stalingrad, Ermont",48.98678289999999,2.2568348,23.73,29.58818342151676,27.215183421516755
Intermarché EXPRESS Ermont,"224 Rue du Général Leclerc, Ermont",48.9816343,2.270494599999999,23.73,29.58818342151676,27.215183421516755
Superette MARCEL,"94 3ème Avenue, Franconville",48.98566939999999,2.237025,23.73,29.58818342151676,27.215183421516755
Franprix,"19 Avenue Gallieni, Épinay-sur-Seine",48.9647707,2.2996339,23.73,29.58818342151676,27.215183421516755
Carrefour,"centre commercial Du Plateau, Rue Saint-Exupéry, Sartrouville",48.94608979999999,2.1950723,31.49,20.87458912768648,17.725589127686476
coccinelle express,"5 Avenue Gallieni, Épinay-sur-Seine",48.9654634,2.3005195,23.73,29.58818342151676,27.215183421516755
Auchan,"Résidence Du Moulin, Franconville",48.98401399999999,2.228475999999999,23.73,29.58818342151676,27.215183421516755
Minimarche Asnieres,"180 Boulevard Voltaire, Asnières-sur-Seine",48.918568,2.2831714,23.73,29.58818342151676,27.215183421516755
Carrefour,"71 Rue des Bourguignons, Bois-Colombes",48.9155422,2.275460599999999,23.73,29.58818342151676,27.215183421516755
Carrefour,"Avenue du Président Georges Pompidou Av Du, Ermont",48.9885207,2.2461736,23.73,29.58818342151676,27.215183421516755
bp,"59Bis Avenue Kellermann, Soisy-sous-Montmorency",48.978398,2.292485,23.73,29.58818342151676,27.215183421516755
Auchan,"108 Boulevard Emile Zola, Houilles",48.92391670000001,2.204079600000001,31.49,20.87458912768648,17.725589127686476
Carrefour,"112 Avenue d'Argenteuil, Asnières-sur-Seine",48.91593599999999,2.282639,23.73,29.58818342151676,27.215183421516755
Grand Frais,"184 Avenue de Stalingrad, Argenteuil",48.954518,2.2753687,23.73,29.58818342151676,27.215183421516755
Intermarché SUPER Argenteuil,"7 Rue du 8 Mai 1945, Argenteuil",48.94086,2.24753,23.73,29.58818342151676,27.215183421516755
alimentation generale.,"11 Avenue Foch, Cormeilles-en-Parisis",48.9696223,2.1942953,23.73,29.58818342151676,27.215183421516755
MONOPRIX,"85 Rue Saint-Denis, Colombes",48.9237987,2.2530947,23.73,29.58818342151676,27.215183421516755
MONOPRIX,"2 Avenue Mirabeau, Soisy-sous-Montmorency",48.990979,2.2904389,23.73,29.58818342151676,27.215183421516755
E.Leclerc EPINAY SUR SEINE,"159 Route de Saint-Leu, Épinay-sur-Seine",48.9537297,2.333704,16.9,31.93194675540765,30.24194675540765
Intermarché SUPER Montmagny,"136 Rue Jules Ferry, Montmagny",48.9627255,2.3371278,16.9,31.93194675540765,30.24194675540765
Auchan,"28 Avenue de Paris Cc Auchan, Soisy-sous-Montmorency",48.99158,2.2907,23.73,29.58818342151676,27.215183421516755
Carrefour,"67 Avenue Mathieu Chazotte, Deuil-la-Barre",48.9712025,2.321211899999999,16.9,31.93194675540765,30.24194675540765
Carrefour,"139 Boulevard Charles de Gaulle, Villeneuve-la-Garenne",48.9400133,2.313135,23.73,29.58818342151676,27.215183421516755
Auchan,"5 Avenue de Lattre de Tassigny, Épinay-sur-Seine",48.9550023,2.3190305,16.9,31.93194675540765,30.24194675540765
KYOTO GOURMET PARIS - Grossiste - Sushi - Saumon - Thon,"20 Rue Thomas Edison, Gennevilliers",48.9310687,2.3122754,23.73,29.58818342151676,27.215183421516755
Carrefour,"8 Place de la Nation, Deuil-la-Barre",48.96162580000001,2.3259883,16.9,31.93194675540765,30.24194675540765
Intermarché EXPRESS Enghien Les Bains,"6 Rue des Écoles, Enghien-les-Bains",48.9695019,2.3113344,23.73,29.58818342151676,27.215183421516755
Societe D'hypermarches Du Nord,"2 Avenue Mar de Lattre de Tassigny, Saint-Denis",48.9381393,2.3277093,16.9,31.93194675540765,30.24194675540765
E.Leclerc DRIVE Epinay,"Route de Saint-Leu 159, Épinay-sur-Seine",48.9537528,2.3338916,16.9,31.93194675540765,30.24194675540765
Franprix,"9 Rue du Général de Gaulle, Enghien-les-Bains",48.9722984,2.3096587,23.73,29.58818342151676,27.215183421516755
bp,"37 Avenue de Verdun, Villeneuve-la-Garenne",48.935225,2.331302,16.9,31.93194675540765,30.24194675540765
Franprix,"5 Rue Berthelot, L'Île-Saint-Denis",48.9417847,2.3367613,16.9,31.93194675540765,30.24194675540765
Marché d'Epinay,"3 Rue Claude Debussy, Épinay-sur-Seine",48.94792439999999,2.3422282,16.9,31.93194675540765,30.24194675540765
Franprix,"Avenue Chandon, Rue Henri Barbusse, Gennevilliers",48.92186829999999,2.299655699999999,23.73,29.58818342151676,27.215183421516755
Franprix,"1 Rue de Verdun, L'Île-Saint-Denis",48.9358251,2.338962400000001,16.9,31.93194675540765,30.24194675540765
Carrefour,"2 Boulevard Gallieni, Villeneuve-la-Garenne",48.926163,2.328279,16.9,31.93194675540765,30.24194675540765
ALDI Villetaneuse,"ZAC du centre ville, 17 Rue Etienne Fajon, Villetaneuse",48.960321,2.3435568,16.9,31.93194675540765,30.24194675540765
Aniss,"82 Boulevard Marcel Sembat, Saint-Denis",48.9353101,2.3481659,16.9,31.93194675540765,30.24194675540765
Primeurs charronnerie,"8 Rue de la Charronnerie, Saint-Denis",48.9372165,2.3511915,16.9,31.93194675540765,30.24194675540765
Franprix,"5-7 Mail Camille du Gast, Asnières-sur-Seine",48.9178372,2.3167419,23.73,29.58818342151676,27.215183421516755
Franprix,"82 Boulevard Marcel Sembat, Saint-Denis",48.9355032,2.3480917,16.9,31.93194675540765,30.24194675540765
Franprix,"38-40 Rue Auguste Poullain, Saint-Denis",48.94123800000001,2.3525504,16.9,31.93194675540765,30.24194675540765
SPAR Deuil La Barre,"2 Place des Aubépines, Deuil-la-Barre",48.976145,2.337983,16.9,31.93194675540765,30.24194675540765
ALDI,"112-116, Avenue Lénine, Pierrefitte-sur-Seine",48.9561052,2.356257400000001,16.9,31.93194675540765,30.24194675540765
Carrefour,"80 Boulevard Maxime Gorki, Stains",48.94770259999999,2.3848057,15.2,27.12164948453608,25.60164948453608
Migros France,"Rue des Rougemonts, Pierrefitte-sur-Seine",48.95611359999999,2.356604,16.9,31.93194675540765,30.24194675540765
Franprix,"130 Rue Gabriel Péri, Saint-Denis",48.9421206,2.3570666,16.9,31.93194675540765,30.24194675540765
Lidl,"58/64 Boulevard Jean Mermoz, Pierrefitte-sur-Seine",48.96616119999999,2.3652156,16.9,31.93194675540765,30.24194675540765
Franprix,"1 Rue du Docteur Lamaze, Saint-Denis",48.9368907,2.3718167,16.9,31.93194675540765,30.24194675540765
Supermarché G20,"61 Rue Danielle-Casanova, Saint-Denis",48.9265687,2.3670349,16.9,31.93194675540765,30.24194675540765
Makla Center,"7 Rue du Moulin Neuf, Stains",48.95176530000001,2.3923522,15.2,27.12164948453608,25.60164948453608
Marché Bosphore,"37 Avenue du 8 Mai 1945, Sarcelles",48.9776319,2.3698413,16.9,31.93194675540765,30.24194675540765
Picard,"Avenue de la République, Groslay",48.9849231,2.3594983,16.9,31.93194675540765,30.24194675540765
HYPERCACHERS SARCELLES,"Centre COmmercial Les Flanades 1 Place de Navarre, Sarcelles",48.9770781,2.3776851,16.9,31.93194675540765,30.24194675540765
Lidl,"28 Rue Saint-Denis 34, Aubervilliers",48.92084000000001,2.37777,15.2,27.12164948453608,25.60164948453608
Franprix,"16 Rue de Saint-Denis, Saint-Ouen-sur-Seine",48.91701380000001,2.3314499,16.9,31.93194675540765,30.24194675540765
Franprix,"18 Rue Suzanne Masson, La Courneuve",48.9226414,2.3842089,15.2,27.12164948453608,25.60164948453608
Grand Frais Groslay,"A côté de Jardiland, 20 Rue de Sarcelles, Groslay",48.984124,2.36574,16.9,31.93194675540765,30.24194675540765
Franprix,"186 Rue de la Convention, La Courneuve",48.9274347,2.3930485,15.2,27.12164948453608,25.60164948453608
Franprix,"2 Rue du Docteur Bauer, Saint-Ouen-sur-Seine",48.9123901,2.3353444,16.9,31.93194675540765,30.24194675540765
Franprix,"Avenue de la Commune de Paris, Garges-lès-Gonesse",48.970662,2.400155599999999,15.2,27.12164948453608,25.60164948453608
Carrefour,"14 Bis Rue des Bateliers, Saint-Ouen-sur-Seine",48.9132633,2.3262692,16.9,31.93194675540765,30.24194675540765
Lidl,"ZAC du Cœur de Ville, Avenue de la Division Leclerc, Sarcelles",48.98715,2.3773,16.9,31.93194675540765,30.24194675540765
Franprix,"112 Avenue du Président Wilson, Saint-Denis",48.90806440000001,2.3587929,16.9,31.93194675540765,30.24194675540765
Exotic Sun / at Rajah,"26 Boulevard Félix Faure, Saint-Denis",48.938706,2.360382,16.9,31.93194675540765,30.24194675540765
bp,"126 Avenue Victor Hugo, Aubervilliers",48.9119117,2.3802517,15.2,27.12164948453608,25.60164948453608
Casino Supermarché,"6 Rue Charles de Gaulle, Deuil-la-Barre",48.97529999999999,2.32537,16.9,31.93194675540765,30.24194675540765
Franprix,"34 Rue de la République, Saint-Denis",48.9364959,2.3551106,16.9,31.93194675540765,30.24194675540765
MONOPRIX,"14 Rue Ferragus, Aubervilliers",48.9144488,2.379986999999999,15.2,27.12164948453608,25.60164948453608
U Express et Drive,"89 Avenue de la Division Leclerc, Le Bourget",48.93659,2.4268007,15.2,27.12164948453608,25.60164948453608
Cora,"Boulevard de la Muette, Garges-lès-Gonesse",48.9747351,2.416624199999999,15.2,27.12164948453608,25.60164948453608
E.Leclerc EXPRESS,"192 Avenue Charles Floquet, Le Blanc-Mesnil",48.9414007,2.4435557,15.2,27.12164948453608,25.60164948453608
Auchan,"59 Avenue Charles Vaillant, Arnouville",48.98509099999999,2.413142999999999,15.2,27.12164948453608,25.60164948453608
Picard,"24-26 Avenue Henri Barbusse, Le Blanc-Mesnil",48.93737300000001,2.459364500000001,15.92,32.28160535117057,30.68960535117057
Picard GONESSE,"3-5 Avenue Raymond Rambert, Gonesse",48.9838327,2.4391927,15.2,27.12164948453608,25.60164948453608
Lidl,"2 Rue Marat, Bobigny",48.91670000000001,2.41631,15.2,27.12164948453608,25.60164948453608
Lidl,"20 Avenue Jean Jaurès, Le Bourget",48.93325,2.422892,15.2,27.12164948453608,25.60164948453608
Lidl,"Boulevard de la Muette, Garges-lès-Gonesse",48.97364,2.42344,15.2,27.12164948453608,25.60164948453608
Franprix,"21 Boulevard Albert Camus, Sarcelles",48.98034990000001,2.3719083,16.9,31.93194675540765,30.24194675540765
Exotic Center,"44 Rue de la République, Saint-Denis",48.9365967,2.3545882,16.9,31.93194675540765,30.24194675540765
Lidl,"34 Avenue Paul Vaillant Couturier, Arnouville",48.983414,2.420360000000001,15.2,27.12164948453608,25.60164948453608
Picard,"8 Rue Fontaine, Saint-Denis",48.93697590000001,2.3549728,16.9,31.93194675540765,30.24194675540765
Bien et Marché,"1 Rue Auguste Blanqui, Saint-Denis",48.93791,2.3565948,16.9,31.93194675540765,30.24194675540765
bp,"43 Avenue du Président Roosevelt, Aubervilliers",48.917845,2.37887,15.2,27.12164948453608,25.60164948453608
ATACADAO,,48.955687,2.477045,15.92,32.28160535117057,30.68960535117057
E.Leclerc GONESSE,"C.C Grande Vallee, 1 Avenue Georges Pompidou, Gonesse",48.98996849999999,2.4316937,15.2,27.12164948453608,25.60164948453608
Nahil Diagonal,"4 Allée de la Catalogne, Aulnay-sous-Bois",48.9438922,2.4822234,15.92,32.28160535117057,30.68960535117057
Lidl,"Rue Jacques Duclos, Aulnay-sous-Bois",48.9510966,2.488237599999999,15.92,32.28160535117057,30.68960535117057
Bleu Distribution,"19 Rue Jacques Duclos, Aulnay-sous-Bois",48.94318330000001,2.496534,15.92,32.28160535117057,30.68960535117057
Carrefour,"19/21 Rue Jacques Duclos, Aulnay-sous-Bois",48.9428832,2.496449300000001,15.92,32.28160535117057,30.68960535117057
bp,"Zac De Paris Nord II, Rue des Buttes, Villepinte",48.9747867,2.4966733,15.92,32.28160535117057,30.68960535117057
E.Leclerc DRIVE Blanc Mesnil,"1 Avenue Armand Esders, Le Blanc-Mesnil",48.9488473,2.4673406,15.2,27.12164948453608,25.60164948453608
E.Leclerc DRIVE Aulnay-sous-Bois,"85-109 Rue Auguste Renoir, Aulnay-sous-Bois",48.9608305,2.4985612,15.92,32.28160535117057,30.68960535117057
MONOPRIX,"4 Boulevard de Strasbourg, Aulnay-sous-Bois",48.9299173,2.4926609,15.92,32.28160535117057,30.68960535117057
Lidl,"Rue Voltaire, Drancy",48.9142059,2.43435,15.92,32.28160535117057,30.68960535117057
Picard,"87-89 Avenue Henri Barbusse, Drancy",48.91817449999999,2.4475029,15.92,32.28160535117057,30.68960535117057
bp,"370 Rue Michel Ange, Aulnay-sous-Bois",48.95373089999999,2.4838139,15.92,32.28160535117057,30.68960535117057
Centre Commercial La Grande Vallée Gonesse,"1 Avenue Georges Pompidou, Gonesse",48.99003599999999,2.4318439,15.2,27.12164948453608,25.60164948453608
Picard,"5 Boulevard de Strasbourg, Aulnay-sous-Bois",48.9297267,2.493281499999999,15.92,32.28160535117057,30.68960535117057
Boulangerie des tilleuls,"3 Allée Viollet le Duc, Le Blanc-Mesnil",48.9487398,2.4520514,15.2,27.12164948453608,25.60164948453608
Votre Marche,"132 Avenue du 8 Mai 1945, Le Blanc-Mesnil",48.9478616,2.4379134,15.2,27.12164948453608,25.60164948453608
E.Leclerc LE BLANC MESNIL,"192 Avenue Charles Floquet, Le Blanc-Mesnil",48.9413536,2.4435782,15.2,27.12164948453608,25.60164948453608
VEEL CASH AND CARRY,"69 Avenue Henri Barbusse 67, Le Blanc-Mesnil",48.9394663,2.4614708,15.92,32.28160535117057,30.68960535117057
Carrefour,"25-27 Avenue Henri Barbusse, Le Blanc-Mesnil",48.937222,2.458971999999999,15.92,32.28160535117057,30.68960535117057
Les 5 Frere,"11 Avenue Pierre et Marie Curie, Le Blanc-Mesnil",48.93639719999999,2.4593854,15.92,32.28160535117057,30.68960535117057
H Market Siege Social,"1 Avenue du XXI Siecle, Gonesse",48.9650131,2.4575546,15.2,27.12164948453608,25.60164948453608
Coccinelle Express,"5 Rue Joseph Hénaff, Drancy",48.9336584,2.4558715,15.92,32.28160535117057,30.68960535117057
Chozhan Palporul Vaanibam - Coccinelle Supermarché,"5 Rue Joseph Hénaff, Drancy",48.9336267,2.4559198,15.92,32.28160535117057,30.68960535117057
Supermarché BERFIN,"130 Avenue Pasteur, Le Blanc-Mesnil",48.9402598,2.4713622,15.92,32.28160535117057,30.68960535117057
Aéroville,"30 Rue des Buissons, Roissy-en-France",48.9912088,2.5219686,15.92,32.28160535117057,30.68960535117057
Carrefour,"Route des Petits Ponts, Sevran",48.948697,2.528114,15.92,32.28160535117057,30.68960535117057
Centre Commercial Beau Sevran,"Route des Petits Ponts, Sevran",48.94870299999999,2.526533,15.92,32.28160535117057,30.68960535117057
ALDI,"6 Allée du Docteur Claude Bernard, Aulnay-sous-Bois",48.95089549999999,2.5224551,15.92,32.28160535117057,30.68960535117057
Auchan,"Boulevard Robert Ballanger, Villepinte",48.9600037,2.5548121,15.92,32.28160535117057,30.68960535117057
bp,"Avenue Georges Clemenceau CD 40, Villepinte",48.9572217,2.559644399999999,15.92,32.28160535117057,30.68960535117057
Lidl,"5-7 Allée Louis Breguet, Villepinte",48.95751000000001,2.56135,15.92,32.28160535117057,30.68960535117057
Carrefour,"20 Allée de l'Est 2 A, Livry-Gargan",48.92899179999999,2.5538698,15.92,32.28160535117057,30.68960535117057
Lidl,"3 Rue Henri Becquerel, Sevran",48.94302800000001,2.532171,15.92,32.28160535117057,30.68960535117057
Grand Frais Villepinte,"1 Voie de l'Orchidée Sauvage, Villepinte",48.96113749999999,2.541477299999999,15.92,32.28160535117057,30.68960535117057
Franprix,"2 Avenue de la Gare, Villepinte",48.94564150000001,2.5654453,15.92,32.28160535117057,30.68960535117057
Lidl,"4-6 Route de Tremblay, Villepinte",48.9663942,2.5424678,15.92,32.28160535117057,30.68960535117057
Antep Market,"133 Boulevard Robert Ballanger, Villepinte",48.95469769999999,2.5355397,15.92,32.28160535117057,30.68960535117057
Auchan,"30 Rue des Buissons, Tremblay-en-France",48.993059,2.519603,15.92,32.28160535117057,30.68960535117057
Auchan,"CC Aéroville, Tremblay-en-France",48.993059,2.519603,15.92,32.28160535117057,30.68960535117057
Exoticenter,"3 Place des Étangs, Aulnay-sous-Bois",48.9509985,2.4970732,15.92,32.28160535117057,30.68960535117057
ALDI,"24 Rue Georges Seurat, Aulnay-sous-Bois",48.9530062,2.4976116,15.92,32.28160535117057,30.68960535117057
سوبرو ماركيت,"5 Allée Dumont d'Urville, Aulnay-sous-Bois",48.95655840000001,2.49687,15.92,32.28160535117057,30.68960535117057
coccinelle express,"7 Rue Jacques Duclos, Aulnay-sous-Bois",48.94178669999999,2.4967226,15.92,32.28160535117057,30.68960535117057
Coccinelle (S20 supermarché),"7 Rue Jacques Duclos, Aulnay-sous-Bois",48.94178669999999,2.4967226,15.92,32.28160535117057,30.68960535117057
Sas Soclidis,"85 Rue Auguste Renoir, Aulnay-sous-Bois",48.96054460000001,2.4987287,15.92,32.28160535117057,30.68960535117057
Aswak Salam,"24 Rue Léon Jouhaux, Aulnay-sous-Bois",48.9523855,2.4835464,15.92,32.28160535117057,30.68960535117057
Hmarket Aulnay,"14 Rue Léon Jouhaux, Aulnay-sous-Bois",48.954179,2.481995,15.92,32.28160535117057,30.68960535117057
Oasis Marché,"101 Rue d'Aulnay, Sevran",48.9395204,2.5131748,15.92,32.28160535117057,30.68960535117057
Atacadão,"Route Nationale, Aulnay-sous-Bois",48.955687,2.477045,15.92,32.28160535117057,30.68960535117057
