Name,Address,Latitude,Longitude
Walgreens,"7001 Amboy Road, Staten Island",40.5161908,-74.2339765
Walgreens,"655 Rossville Avenue, Staten Island",40.54268789999999,-74.2064221
Sunoco Gas Station,"15 Page Avenue, Staten Island",40.5243769,-74.2343625
7-Eleven,"15 Page Avenue, Staten Island",40.5241205,-74.2343941
CVS,"250 Page Avenue, Staten Island",40.51719360000001,-74.23537759999999
CVS,"5830 Amboy Road, Staten Island",40.5255981,-74.20154339999999
Shell,"6778 Hylan Boulevard, Staten Island",40.50754,-74.22966
variety convenience store,"27 Seguine Avenue, Staten Island",40.5258832,-74.2004307
Get n' Go,"6276 Amboy Road, Staten Island",40.5238536,-74.2151124
Tottenville Bagels Inc,"6959 Amboy Road, Staten Island",40.5167353,-74.23288099999999
Amboy Food Mart,"7254 Amboy Road, Staten Island",40.5117653,-74.2393281
Town & Country Deli,"7299 Amboy Road, Staten Island",40.51156900000001,-74.24085699999999
Borders Convenience Store,"5271 Arthur Kill Road, Staten Island",40.51512649999999,-74.24530349999999
Quick Stop Delicatessen,"4707 Arthur Kill Road, Staten Island",40.527972,-74.2397653
Shell,"4244 Hylan Boulevard, Staten Island",40.53639869999999,-74.1511688
CVS,"4055 Hylan Boulevard, Staten Island",40.5409209,-74.1475993
Armstrong Convenience,"4203 Hylan Boulevard, Staten Island",40.53777350000001,-74.150581
Vania corp,"4032 Hylan Boulevard, Staten Island",40.5412259,-74.1466481
Great Kill Superette Corp,"3997 Hylan Boulevard, Staten Island",40.5423618,-74.14623080000001
Hot Bagel & Juice Bar Inc,"3962 Richmond Avenue, Staten Island",40.54147909999999,-74.16292279999999
I Love Newyork Convenience,United States,40.542553,-74.16546249999999
McFly's On The Hook,"53 McNair Road Fort Hancock, 53 McNair Road, Highlands",40.4612653,-74.0028823
Rite Aid,"43-68 Amboy Road, Staten Island",40.544619,-74.160625
CVS,"640 Arthur Kill Road, Staten Island",40.5595475,-74.1628515
Walgreens,"758 Arthur Kill Road, Staten Island",40.55981529999999,-74.16648649999999
Bolla Market,"868 Arthur Kill Road, Staten Island",40.560756,-74.1692413
Alessi & Sons,"4275 Arthur Kill Road, Staten Island",40.5379314,-74.23778709999999
Shell,"1769 Arthur Kill Road, Staten Island",40.559309,-74.1975695
Delta Gas,"685 Port Reading Avenue, Port Reading",40.5698446,-74.2418814
Krauszer's Food Stores,"643 Port Reading Avenue, Port Reading",40.5694358,-74.2439521
Metro Mart Inc.,"2655 Richmond Avenue #2373, Staten Island",40.58092570000001,-74.1659935
CVS,"4065 Amboy Road, Staten Island",40.54971630000001,-74.1523536
Shell,"3701 Amboy Road, Staten Island",40.553069,-74.14290199999999
CVS,"260 Arden Avenue, Staten Island",40.5530978,-74.1923432
Grub & Co,"1781 Arthur Kill Road, Staten Island",40.55884949999999,-74.19841989999999
Grab N Go,"2298 Arthur Kill Road, Staten Island",40.55597050000001,-74.21249879999999
Westshore convenience,"585 Veterans Road West, Staten Island",40.54852650000001,-74.221899
Arden Minimart Inc,"1307 Arthur Kill Road, Staten Island",40.565502,-74.184059
"24 Hr MiniMart, Inc.","3835 Richmond Avenue, Staten Island",40.5446755,-74.1652596
Sajjad Mini Mart,"3835 Richmond Avenue, Staten Island",40.544664,-74.165217
EMPIRE BAGLES & MORE,"758 Arthur Kill Road, Staten Island",40.5598091,-74.166336
The Market At Carteret,"101 Roosevelt Avenue Suite B, Carteret",40.57194560000001,-74.224653
Cooke Avenue Food Mart,"24 Cooke Avenue, Carteret",40.5771447,-74.22034649999999
Krauszer's Food Store,"129 Washington Avenue, Carteret",40.5782957,-74.2257314
Racestar Foodmart And Deli,"151 Washington Avenue, Carteret",40.578922,-74.22663899999999
Petro Express / Phillips 66,"753 Port Reading Avenue, Port Reading",40.5704176,-74.2382149
Phillips 66,"753 Port Reading Avenue, Port Reading",40.5704837,-74.23824960000002
Amboy Superstar Convenience,"4020 Amboy Road, Staten Island",40.549961,-74.1507029
Great kills convenience,"28 Giffords Lane, Staten Island",40.551426,-74.1505312
TU TIENDA FAVORITA LLC,"677 Roosevelt Avenue, Carteret",40.5843411,-74.2224641
Big E's Deli,"172 West Service Road, Staten Island",40.5893932,-74.1942286
bp shop,"756 Roosevelt Avenue, Carteret",40.5865799,-74.2258544
Duane Reade,"3155 Amboy Road, Staten Island",40.5646937,-74.1339845
Convenient Food Mart,"2 New Dorp Lane, Staten Island",40.575504,-74.1198802
CVS,"2690 Hylan Boulevard, Staten Island",40.56660369999999,-74.1132141
R&R Convenience,"3185 Richmond Road, Staten Island",40.5759196,-74.12755159999999
CVS,"2465 Richmond Avenue, Staten Island",40.58761599999999,-74.1663375
Rose 1 Convenience Store,"118 Rose Avenue, Staten Island",40.5735301,-74.1184246
Convenience Store,"83 New Dorp Plaza, Staten Island",40.5733456,-74.11803789999999
7-Eleven,"2477 Hylan Boulevard, Staten Island",40.5709549,-74.1100024
Speedway,"2488 Hylan Boulevard, Staten Island",40.5705804,-74.1092359
Springvill Variety,"77 Richmond Hill Road, Staten Island",40.58825689999999,-74.1649606
Nome Superette & Bagels Inc.,"452 Nome Avenue, Staten Island",40.58988899999999,-74.16495499999999
Nome’s best,"460 Nome Avenue, Staten Island",40.5900399,-74.1652482
7-Eleven,"103 Lincoln Avenue, Staten Island",40.5799624,-74.1089241
A & M Bagels and Deli Inc,"114 Lincoln Avenue, Staten Island",40.5792958,-74.10879
Walgreens,"1759 Hylan Boulevard, Staten Island",40.5864176,-74.0926956
Shell,"1635 Hylan Boulevard, Staten Island",40.5887121,-74.09051079999999
Shop Smart Food Mart,"590 Midland Avenue, Staten Island",40.5718237,-74.0927085
Andy convenience,"465 Midland Avenue, Staten Island",40.5747339,-74.0969664
Bolla Market,"2150 Hylan Boulevard, Staten Island",40.5781319,-74.10178549999999
7-Eleven,"1740 Hylan Boulevard, Staten Island",40.5862105,-74.0919835
High end convenience,"1722 Hylan Boulevard, Staten Island",40.5867836,-74.09154819999999
Noor Convenience (99¢ Store),"1755 Richmond Road, Staten Island",40.5876039,-74.1035888
Railroad Quickstop,"635 North Railroad Avenue, Staten Island",40.5892107,-74.09606339999999
Seaview conveience,"82 Seaview Avenue, Staten Island",40.5896772,-74.0986728
Walgreens,"713 Brighton Beach Avenue, Brooklyn",40.57808589999999,-73.9600786
7-Eleven,"708 Brighton Beach Avenue, Brooklyn",40.57771779999999,-73.96002419999999
"Rocco's Bagels, Deli & Grill","117 Brighton Beach Avenue, Brooklyn",40.5765182,-73.9676046
CVS,"532 Neptune Avenue Ste 1, Brooklyn",40.5796397,-73.97269299999999
Shell,"3072 Cropsey Avenue, Brooklyn",40.5803597,-73.9858857
Island Mini Mart 1 Corp,"3222 Mermaid Avenue, Brooklyn",40.574833,-73.999191
Island deli Corp,"3202 Mermaid Avenue, Brooklyn",40.57492380000001,-73.9986332
OMEGA Convenience,"3106 Mermaid Avenue, Brooklyn",40.5750718,-73.9977877
Coney Grocery & Smoke Shop,"2803 Mermaid Avenue, Brooklyn",40.5756635,-73.9945637
Coney Island deli convenience,"2115 Surf Avenue, Brooklyn",40.57458689999999,-73.98856599999999
Leemuma African Food,"3415 Neptune Avenue, Brooklyn",40.578214,-74.0029584
Bolla Market,"1702 Neptune Avenue, Brooklyn",40.578666,-73.98590709999999
Speedway,"1620 Neptune Avenue, Brooklyn",40.57869410000001,-73.9849839
First Stop Convenience Candy & Snacks,"1413 Neptune Avenue, Brooklyn",40.57936470000001,-73.9825553
M.V. Quick Stop Corp,"2875 West 8th Street, Brooklyn",40.5777018,-73.97611950000001
0,"123 Brighton Beach Avenue, Brooklyn",40.57654939999999,-73.9675066
Cropsey Finest Inc,"2847 Cropsey Avenue, Brooklyn",40.58554639999999,-73.98729039999999
A&Z Convenient,"2727 Cropsey Avenue, Brooklyn",40.5879422,-73.9891935
Sadie's,"2755 Harway Avenue, Brooklyn",40.5892083,-73.9862742
Brooklyn Convenience Store,United States,40.577678,-73.955219
Suka Mota,"191 Neptune Avenue, Brooklyn",40.582036,-73.9605668
Phil's Mini Market,Brooklyn,40.5930234,-73.9885035
Bolla Market,"2960 86th Street, Brooklyn",40.5902594,-73.9750712
Bolla Market,"3003 Coney Island Avenue, Brooklyn",40.5828727,-73.95970059999999
7-Eleven,"2800 Coney Island Avenue, Brooklyn",40.5882124,-73.9609174
Rite Aid,"3823 Nostrand Avenue, Brooklyn",40.5907224,-73.9393207
CVS,"1402 Sheepshead Bay Road, Brooklyn",40.5875012,-73.95507599999999
Shoreway Convenience,"3043 Emmons Avenue, Brooklyn",40.584185,-73.93735
Shell,"2472 Knapp Street, Brooklyn",40.5927571,-73.932941
Idrees Mini Mart Inc.,"104 West End Avenue, Brooklyn",40.5788427,-73.9534412
Optimo Cigars,"East 12th Street, Brooklyn",40.5828643,-73.9565622
Grab N Go,"2063 Emmons Avenue, Brooklyn",40.5840575,-73.9466415
7-Eleven,"2702 Knapp Street, Brooklyn",40.5878537,-73.9321895
Bay Convenience,"1727 Sheepshead Bay Road, Brooklyn",40.585228,-73.9512823
Bayside Mini Mart,"3119 Emmons Avenue, Brooklyn",40.584291,-73.93481299999999
1506 deli and juice bar corp,"1506 Sheepshead Bay Road, Brooklyn",40.5871175,-73.95381499999999
12 snacks,"1202 Avenue Z, Brooklyn",40.5874344,-73.958049
Z Snacks,"Av Z, East 22nd Street, Brooklyn",40.5885847,-73.94752919999999
Bolla Market,"2624 Coney Island Avenue, Brooklyn",40.5926085,-73.9612159
Walgreens,"2590 Coney Island Avenue, Brooklyn",40.59318409999999,-73.9611599
Rock House,"263 Avenue X, Brooklyn",40.59034,-73.97317319999999
Sunoco,"112-10 Beach Channel Drive, Rockaway Park",40.5830217,-73.8348985
Duane Reade,"11602 Beach Channel Drive, Far Rockaway",40.5822362,-73.8385126
Kapiraj Smoke Shop,"206 Beach 116th Street, Rockaway Park",40.5800682,-73.8371463
116 Rockaway Park Stationers,"206 Beach 116th Street, Rockaway Park",40.5800682,-73.8371463
Sweet DELI MINIMART,"11230 Rockaway Beach Boulevard, Rockaway Park",40.5806348,-73.8345807
Walgreens,"10640 Rockaway Beach Boulevard, Rockaway Park",40.5824994,-73.8289021
Walgreens,"10640 Rockaway Beach Boulevard, Rockaway Park",40.5825266,-73.828906
pop exotics corp.,"9904 Rockaway Beach Boulevard, Rockaway Park",40.5842693,-73.8206443
close,"9902 b Rockaway Beach Boulevard, Rockaway Park",40.584291,-73.820617
Shell,"5914 Beach Channel Drive, Arverne",40.59408719999999,-73.7894499
CVS,"88-07 Rockaway Beach Boulevard, Rockaway Beach",40.5866148,-73.8130958
OCEAN PARK MARKET Fried chicken,"1721 Seagirt Boulevard, Far Rockaway",40.594771,-73.7519688
7-Eleven,"969 West Beech Street, Long Beach",40.5862371,-73.6950268
CVS,"310 West Park Avenue, Long Beach",40.5880845,-73.6732459
Snack Shop,United States,40.58809420000001,-73.6752126
Convenience store,"301 West Park Avenue, Long Beach",40.5887455,-73.67286659999999
Walgreens,"606 Long Beach Boulevard, Long Beach",40.5918897,-73.6566728
Bolla Market,"203 East Park Avenue, Long Beach",40.58893980000001,-73.6579209
Speedway,"450 Long Beach Boulevard, Long Beach",40.5896844,-73.65788040000001
7-Eleven,"504 Long Beach Boulevard, Long Beach",40.59046499999999,-73.6574873
Long Beach Convenience Store,"123 West Park Avenue, Long Beach",40.5888733,-73.6678625
The Point Supermarket & Gas,"12 Lido Boulevard, Point Lookout",40.5923415,-73.58354539999999
Shell,"12 Lido Boulevard, Point Lookout",40.59223710000001,-73.5835773
Walgreens,"1551 Richmond Avenue, Staten Island",40.6101026,-74.1597713
Walgreens,"833 Roosevelt Avenue, Carteret",40.5901156,-74.2291448
Phillips 66,"1400 Park Avenue S, Linden",40.6401534,-74.2190756
7-Eleven,"1299 Roosevelt Avenue, Carteret",40.5927856,-74.2431891
7-Eleven,"15 West Edgar Road, Linden",40.62580339999999,-74.2434131
Circle K,"801 East Edgar Road #889, Linden",40.6173225,-74.2508711
CVS,"837 Roosevelt Avenue, Carteret",40.5915324,-74.23090930000001
Sky Lounge CBD,"3785 Victory Boulevard, Staten Island",40.5975061,-74.1822074
Victory Mart,"3785 Victory Boulevard, Staten Island",40.5974158,-74.1821157
Bolla Market,"1680 Richmond Avenue, Staten Island",40.6074423,-74.1629169
ampm,"1705 Richmond Avenue, Staten Island",40.6068901,-74.1619466
Bolla Market,"700 South Avenue, Staten Island",40.6219414,-74.1687796
Sunoco Gas Station,"700 South Ave &, Goethals Road North, Staten Island",40.6221828,-74.1686103
APlus,Staten Island,40.6222134,-74.1685171
Island novelty,"10 Akron Street, Staten Island",40.6121188,-74.1590437
BEST DEAL,"1445 Richmond Avenue, Staten Island",40.6112069,-74.1564755
Roman Convenience Store,"451 Northfield Avenue #5, Staten Island",40.62831970000001,-74.16838849999999
CVS,"2045 Forest Avenue, Staten Island",40.626695,-74.15745799999999
Dollar General,"2264 Forest Avenue, Staten Island",40.6265239,-74.1655119
7-Eleven,"2282 Forest Avenue, Staten Island",40.6269637,-74.1659347
Shreeji Convenience,"100 West 15th Street Apartment 1, Linden",40.62233070000001,-74.2408363
Convenience Store,"2220 Forest Avenue, Staten Island",40.6261573,-74.16317260000001
Carteret Mobil Snack Shop,"1502 Roosevelt Avenue, Carteret",40.5953453,-74.25040709999999
Krauszer's Food Mart & Grill,"1114 South Wood Avenue, Linden",40.62489559999999,-74.24133859999999
Shell,"33 West Edgar Road, Linden",40.6261406,-74.24334030000001
Speedway,"2121 Forest Avenue, Staten Island",40.626901,-74.1601702
Bolla Market,"2525 Victory Boulevard, Staten Island",40.6105021,-74.1473858
Exxon,"11 East Edgar Road, Linden",40.626969,-74.24338399999999
Tiger Mart,"11 East Edgar Road, Linden",40.62704789999999,-74.24352979999999
Sunoco,"401 East Edgar Road, Linden",40.6306581,-74.2398481
Planet of Wine,"1771 West Edgar Road, Linden",40.61113899999999,-74.256569
Wawa,"800 West Edgar Road, Linden",40.61940099999999,-74.2508129
Speedway,"701 East Edgar Road, Linden",40.6324001,-74.2384217
7-Eleven,"741 East Edgar Road, Linden",40.63349509999999,-74.2377593
Exxon Food Mart,"1104 East Edgar Road, Linden",40.6372584,-74.2327205
Quick Corner,"425 South Wood Avenue, Linden",40.62806259999999,-74.24615450000002
CVS,"1933 Victory Boulevard, Staten Island",40.6128206,-74.1284426
Walgreens,"1227 Forest Avenue, Staten Island",40.6264402,-74.1309565
CVS,"778 Manor Road, Staten Island",40.60806600000001,-74.12167199999999
Walgreens,"955 Manor Road, Staten Island",40.603559,-74.1202424
7-Eleven,"1440 Forest Avenue, Staten Island",40.62421099999999,-74.136337
Shell,"741 Forest Avenue, Staten Island",40.6294353,-74.1136787
CVS,"1571 Forest Avenue, Staten Island",40.6251199,-74.1402446
Single Stop,"1546 Castleton Avenue, Staten Island",40.6357234,-74.134417
7-Eleven,"1252 Forest Avenue, Staten Island",40.6258337,-74.1317723
Citgo,"995 Manor Road, Staten Island",40.60202719999999,-74.12040800000001
Family Shoppe,"1720 Victory Boulevard, Staten Island",40.6129267,-74.1210325
7-Eleven,"2084 Victory Boulevard, Staten Island",40.6121128,-74.132869
SimpleSaver,"194 Purdy Avenue, Staten Island",40.61005569999999,-74.1335156
Shell,"1842 Victory Boulevard, Staten Island",40.612716,-74.124957
Bolla Market,"1774 Victory Boulevard, Staten Island",40.6127341,-74.1228261
Honeybee Convenience,"1774 Forest Avenue, Staten Island",40.6246864,-74.1480777
Convenience,"1810 Forest Avenue, Staten Island",40.6249091,-74.1493809
Sunoco,"1650 Forest Avenue, Staten Island",40.6247766,-74.14374769999999
Si5-11 Convenience Mart Inc,"760 Port Richmond Avenue, Staten Island",40.62551879999999,-74.144187
Manor deli and convenience,"444 Manor Road, Staten Island",40.6168885,-74.12385979999999
Richmond food snack N Drink,"744 Port Richmond Avenue, Staten Island",40.6256834,-74.1433789
J&A Vapes and Smoke Shop,"1427 Forest Avenue, Staten Island",40.625101,-74.1366123
Shell,"1234 Forest Avenue, Staten Island",40.626187,-74.130979
Bolla Market,"387 Port Richmond Avenue, Staten Island",40.6325064,-74.1371972
Post Ave Convenience store,"1067 Post Avenue, Staten Island",40.63386029999999,-74.13575329999999
ZaZa & Co.,"1426 Castleton Avenue, Staten Island",40.6338501,-74.13044190000001
Mbs Convenience Store,"1640 Castleton Avenue, Staten Island",40.6359393,-74.13839180000001
Walgreens,"2270 Clove Road, Staten Island",40.59915439999999,-74.08168309999999
Island Gas Plus,"535 Vanderbilt Avenue, Staten Island",40.61369699999999,-74.087076
Convenient Food Mart,"255 Hylan Boulevard, Staten Island",40.61215399999999,-74.0707205
Speedway,"951 Bay Street, Staten Island",40.6194518,-74.069617
My Deli,"200 Rhine Avenue, Staten Island",40.60925950000001,-74.0893093
Shop Smart,"403 Jersey Street, Staten Island",40.63837849999999,-74.0874078
Bolla Market,"231 Bay Street, Staten Island",40.6363778,-74.07561040000002
CVS,"501 Forest Avenue, Staten Island",40.63081469999999,-74.10624
CVS,"1125 Bay Street, Staten Island",40.6158843,-74.0670056
Highland Convenience Store,"1150 Hylan Boulevard, Staten Island",40.59849730000001,-74.08104759999999
Hylan Blvd Convenience,"1300 Hylan Boulevard, Staten Island",40.5964874,-74.0852649
Convenience Store and Head Shop,"1194 Hylan Boulevard, Staten Island",40.59809399999999,-74.0823793
Convenience Plus,United States,40.598046,-74.0822476
7-Eleven,"1200 Victory Boulevard, Staten Island",40.6161454,-74.10360159999999
Green Light,"470 Vanderbilt Avenue, Staten Island",40.6146463,-74.0849858
A Express Deli,"425 Vanderbilt Avenue, Staten Island",40.6156497,-74.0844177
La Finca Mini Market,"440 Targee Street, Staten Island",40.6163183,-74.0849666
Ameer Noor Convenience Inc,"74 Osgood Avenue, Staten Island",40.61877919999999,-74.0832475
New way convenience store formerly Diamond Deli,"171 Broad Street, Staten Island",40.6245251,-74.0805586
Si convenience,"520 Forest Avenue, Staten Island",40.6301572,-74.10761649999999
Forest Convenience & Gifts,"748 Forest Avenue, Staten Island",40.6289214,-74.1140285
Dollar General,"135 Canal Street, Staten Island",40.6268852,-74.07834079999999
King Deli of The Island,"99 Water Street, Staten Island",40.6272362,-74.0774
Famous Convenience Store Inc.,"416 Broadway, Staten Island",40.6309258,-74.1166288
Walgreens,"9408 3rd Avenue, Brooklyn",40.61773539999999,-74.0337887
Rite Aid,"6423 Fort Hamilton Parkway, Brooklyn",40.6304372,-74.0085939
BP VERRAZANO REPAIR SHOP,"9111 4th Avenue, Brooklyn",40.6186294,-74.0298224
Rite Aid,"9302 3rd Avenue, Brooklyn",40.618526,-74.033414
Rite Aid,"7118 3rd Avenue, Brooklyn",40.63384509999999,-74.0270299
CVS,"6702 Fort Hamilton Parkway, Brooklyn",40.62966559999999,-74.0111837
Rite Aid,"6900 4th Avenue, Brooklyn",40.6345462,-74.0239434
Danish Convenience Inc,"7826 3rd Avenue, Brooklyn",40.6287208,-74.0291336
Shell,"2001 Cropsey Avenue, Brooklyn",40.60025019999999,-74.00233159999999
Gujrat Service Station,"8775 Bay Parkway, Brooklyn",40.5981994,-73.99735030000001
Duane Reade,"436 86th Street, Brooklyn",40.6220933,-74.0276287
CVS,"8430 New Utrecht Avenue, Brooklyn",40.60813390000001,-74.002056
Shell,"6418 7th Avenue, Brooklyn",40.63429219999999,-74.0148437
Bolla Market,"605 65th Street, Brooklyn",40.635114,-74.016115
CVS,"2151 86th Street, Brooklyn",40.60271710000001,-73.9945497
7-Eleven,"8813 4th Avenue, Brooklyn",40.6206116,-74.02884170000002
K & K Convenient Store,"10006 4th Avenue, Brooklyn",40.612649,-74.0340636
Aka Convenience Store Inc.,Brooklyn,40.6136712,-74.03272120000001
Third Ave Mini Market,"9721 3rd Avenue, Brooklyn",40.6151026,-74.0342191
95 Smoke Deli and Juice Bar,"9504 4th Avenue, Brooklyn",40.61595289999999,-74.0313654
AR convenience store inc,"9257 4th Avenue, Brooklyn",40.61687879999999,-74.03037359999999
Candy shop 93 inc,"9305 3rd Avenue, Brooklyn",40.6185276,-74.03277779999999
9116 Smoke,"9116 3rd Avenue, Brooklyn",40.6196254,-74.0328701
92nd St convenience,"417 92nd Street, Brooklyn",40.6181696,-74.02949110000002
Bay Ridge Mini Mart,"8623 3rd Avenue, Brooklyn",40.6227853,-74.0311901
M S Conveinence Inc,"8610 4th Avenue, Brooklyn",40.6225687,-74.0287105
Coffee,"8525 3rd Avenue, Brooklyn",40.623662,-74.03073669999999
United Mini-Mart,"8123 3rd Avenue, Brooklyn",40.6264698,-74.0296482
Bolla Market,"1420 86th Street, Brooklyn",40.6122366,-74.0114899
86 Optimo Center,"1516 86th Street, Brooklyn",40.610907,-74.009286
Walgreens,"1532 86th Street 34 34, Brooklyn",40.6106178,-74.0088023
24 Hr. Mini Market,"1653 Benson Avenue, Brooklyn",40.607432,-74.0072426
Maui Wowie Brooklyn,"482 78th Street, Brooklyn",40.6273521,-74.0239387
Good Luck Super Convenience,"1820 Bath Avenue, Brooklyn",40.60343529999999,-74.0055587
Sunoco Gas Station,"1907 Cropsey Avenue, Brooklyn",40.6014653,-74.00473509999999
1 & One Market,"7626 5th Avenue, Brooklyn",40.628222,-74.023473
Cloudy Convenience,"7521 3rd Avenue, Brooklyn",40.6308572,-74.0277744
7-Eleven,"301 65th Street, Brooklyn",40.6392991,-74.0230176
CVS,"411 Ditmas Avenue, Brooklyn",40.6362111,-73.97446289999999
CVS,"6831 Bay Parkway, Brooklyn",40.6110412,-73.9839442
Walgreens,"6628 18th Avenue, Brooklyn",40.61813970000001,-73.9914434
99¢ Up,"57 Church Avenue, Brooklyn",40.6422532,-73.98112449999999
7-Eleven,"953 Kings Highway, Brooklyn",40.6074431,-73.9622244
Not Just Bagel Store & Grocery,"5914 14th Avenue, Brooklyn",40.6278508,-73.9962038
Highlawn Grill Deli,"196 Highlawn Avenue, Brooklyn",40.6033333,-73.9786111
Bolla Market,"5025 Bay Parkway, Brooklyn",40.6215106,-73.9750686
Bolla Market,"1935 Coney Island Avenue, Brooklyn",40.610305,-73.9620937
Sunoco Gas Station,"1248 Coney Island Avenue, Brooklyn",40.6273908,-73.9659155
7-Eleven,"1523 Avenue J, Brooklyn",40.6254084,-73.96062909999999
Shell,"1 Cortelyou Road, Brooklyn",40.63803949999999,-73.9793344
Speedway,"914 Coney Island Avenue, Brooklyn",40.63496289999999,-73.967851
Sunoco Gas Station,"6102 4th Avenue, Brooklyn",40.6402458,-74.0193917
Sunoco Gas Station,"2489 Coney Island Avenue, Brooklyn",40.5959625,-73.9607845
Fruits-A-Plenty Inc,"1507 Kings Highway, Brooklyn",40.6089979,-73.9580321
Mini Mart Corp.,"2924 Avenue R, Brooklyn",40.60717169999999,-73.9433528
7-Eleven,"6501 New Utrecht Avenue, Brooklyn",40.6231811,-73.9975339
Rite Aid,"5224 5th Avenue, Brooklyn",40.6436249,-74.0121408
Sophie's Groceries,"6607 Bay Parkway, Brooklyn",40.6130937,-73.9819536
7-Eleven,"1619 Avenue M, Brooklyn",40.6183713,-73.9584608
On the Luck Mini Mart,"2204 86th Street #4108, Brooklyn",40.60161910000001,-73.9937487
Rite Aid,"5901 Bay Parkway, Brooklyn",40.616946,-73.977739
Link Pharmacy,"2108 Bath Avenue, Brooklyn",40.59970119999999,-73.9993135
Morales Grocery,"2006 Bath Avenue, Brooklyn",40.601159,-74.001443
Food Mart,United States,40.6002423,-74.0024062
Deli Grocery,"2171 Bath Avenue, Brooklyn",40.5990316,-73.99748799999999
Mini mart smoke shop,"2302 Bath Avenue, Brooklyn",40.5969051,-73.99523169999999
AB 86 St Mini Mart Inc.,"2204 86th Street #4108, Brooklyn",40.6016202,-73.9937486
Bay Parkway Mini Mart Inc,"2204 86th Street #4108, Brooklyn",40.601662,-73.993698
"18th Ave. Convenience, Inc.","8601 18th Avenue, Brooklyn",40.6070043,-74.00264589999999
Rite Aid,"8222 18th Avenue, Brooklyn",40.6090735,-74.0006245
Pure Health Pharmacy,"8014 18th Avenue, Brooklyn",40.6103416,-73.9995417
Walgreens,"2532 86th Street #54, Brooklyn",40.5971029,-73.9863539
Walgreens,"4915 Flatlands Avenue, Brooklyn",40.6266565,-73.9280064
Duane Reade,"2265 Ralph Avenue, Brooklyn",40.6225503,-73.9170536
Duane Reade,"1517 Cortelyou Road, Brooklyn",40.6416597,-73.9637784
7-Eleven,"2474 Flatbush Avenue, Brooklyn",40.6097635,-73.9232377
Bolla Market,"2228 Gerritsen Avenue, Brooklyn",40.6009213,-73.9346022
CVS,"4112 Avenue U, Brooklyn",40.60850309999999,-73.9232147
Walgreens,"2325 Flatbush Avenue, Brooklyn",40.6137744,-73.9267186
CVS,"4901 Kings Highway, Brooklyn",40.63437529999999,-73.9289096
bp,"1092 Rogers Avenue, Brooklyn",40.64332129999999,-73.95187960000001
7-Eleven,"2247 Utica Avenue, Brooklyn",40.6169398,-73.9262073
Walgreens,"5716 Avenue U, Brooklyn",40.61300829999999,-73.9166941
CVS,"2320 Ralph Avenue, Brooklyn",40.6213139,-73.91784109999999
Bolla Market,"6201 Avenue U, Brooklyn",40.61594749999999,-73.9138918
Bolla Market,"2228 Gerritsen Avenue, Brooklyn",40.600898,-73.9347422
Ave K Mini Mart Inc.,"1452 Coney Island Avenue, Brooklyn",40.6220236,-73.96491
V Convenience Deli & Grill,"2113 Avenue V, Brooklyn",40.5976486,-73.9494375
Dany Delis Inc.,"2815 Avenue U #572, Brooklyn",40.6003803,-73.9433444
Pod Deli,"2950 Avenue U, Brooklyn",40.6004024,-73.9407074
2317 Coney Convenience Inc,"2317 Coney Island Avenue, Brooklyn",40.6003055,-73.96098049999999
Quick shoppy,"2404 Coney Island Avenue Suite 1B, Brooklyn",40.59840019999999,-73.9614407
Walgreens,"1720 Kings Highway, Brooklyn",40.6095507,-73.9558149
DOLLAR TOWN,"1808 Kings Highway, Brooklyn",40.609913,-73.9551755
Walgreens,"3082 Avenue U, Brooklyn",40.6008718,-73.9358736
Brooklyn Grill Gourmet Grill and Smoke Shop,"1918 Kings Highway, Brooklyn",40.6103463,-73.9540504
CVS,"1601 Kings Highway, Brooklyn",40.6093198,-73.9573343
Walgreens,"1847 Rockaway Parkway, Brooklyn",40.6373391,-73.8925141
Shell,"9612 Seaview Avenue, Brooklyn",40.633364,-73.889921
Bolla Market,"2000 Rockaway Parkway, Brooklyn",40.63389660000001,-73.8903521
Convenience store,"6001 Strickland Avenue, Brooklyn",40.6117751,-73.91311329999999
Mill Basin Stop,"6122 Avenue U, Brooklyn",40.6152624,-73.91393719999999
Speedway,"2400 Flatbush Avenue, Brooklyn",40.61134559999999,-73.9249952
Ralph Ave Convenience,"2363 Ralph Avenue, Brooklyn",40.6204315,-73.9171686
store,"3517 Avenue S, Brooklyn",40.60970789999999,-73.93174549999999
Bolla Market,"2402 Knapp Street, Brooklyn",40.59429000000001,-73.9334047
G&M convenience Store INC,"1606 East 53rd Street, Brooklyn",40.6193987,-73.9241739
24hr A&E Convenience Store,"3090 Avenue U, Brooklyn",40.6012915,-73.9354295
Star's Mini Market,"5002 Avenue M, Brooklyn",40.6212451,-73.926901
"Avenue N Market ""PackedMed LLC""","4604 Avenue N, Brooklyn",40.6185918,-73.9305153
Dollar General,"2027 Utica Avenue, Brooklyn",40.6219778,-73.92685929999999
Marine Deli & Grill,"3617 Quentin Road, Brooklyn",40.6151134,-73.9364849
Smokey grill,"Smokey grill, 1973 Ralph Avenue, Brooklyn",40.6294017,-73.9180379
Max Deals,"2120 Rockaway Parkway, Brooklyn",40.6312921,-73.88775559999999
Flatlands Convenience,"5010 Flatlands Avenue, Brooklyn",40.6261814,-73.9271749
Thriftway Card & Gift,"1940 Ralph Avenue, Brooklyn",40.6302854,-73.91905059999999
Sara's Deli Mini Mart,"4511 Avenue L, Brooklyn",40.6234452,-73.9316537
Canarsie One Stop Market,"8702 Avenue L, Brooklyn",40.6338982,-73.9024949
Avenue L Mini Mart,"8702 Avenue L, Brooklyn",40.6339079,-73.902485
Food Mart,United States,40.63337779999999,-73.8899551
Food Mart,United States,40.63083779999999,-73.9198103
Bolla Market,"Parking lot, 5808 Flatlands Avenue, Brooklyn",40.6309762,-73.919839
Shell,"5808 Flatlands Avenue, Brooklyn",40.6309777,-73.9198727
Flatbush Flaming Grill,"1953 Flatbush Avenue, Brooklyn",40.6223359,-73.936239
Rainbow Grocery & Deli,"5910 Glenwood Road, Brooklyn",40.6339704,-73.9193987
A & N Lucky Mini Mart Inc.,"1836 Rockaway Parkway, Brooklyn",40.637203,-73.89373800000001
Bolla Market,"2773 Nostrand Avenue, Brooklyn",40.6166627,-73.94466969999999
Bolla Market,"8401 Flatlands Avenue, Brooklyn",40.6378993,-73.9102147
U & A Mini Mart Llc,"Avenue L, Brooklyn",40.638757,-73.8954244
Glenwood Rd. MiniMart,"5515 Glenwood Road, Brooklyn",40.63565499999999,-73.9232987
Smiley Mini Market,"8811 Flatlands Avenue, Brooklyn",40.6396321,-73.9072036
Goodmen Mini Mart & Multi Services,"1256 East 37th Street, Brooklyn",40.6260662,-73.94029069999999
Cross Bay Grocery,"913 Cross Bay Boulevard, Broad Channel",40.6062435,-73.8197684
CVS,"271 Beach 20th Street, Far Rockaway",40.5970904,-73.75518640000001
Dollar General,"1479 Beach Channel Drive, Far Rockaway",40.61006140000001,-73.75376589999999
Sandcastle Pharmacy & Surgical Supply Inc,"711 Seagirt Avenue, Far Rockaway",40.5956665,-73.74180969999999
R&R Foods Store,"552 Beach 25th Street, Far Rockaway",40.5997586,-73.7612309
Seagirt Ave Convenience Store,"2517 Seagirt Avenue, Far Rockaway",40.5950731,-73.7591752
Juice Bar Deli & Grill 2,"2113 Mott Avenue, Far Rockaway",40.6046193,-73.7539367
Food Mart,United States,40.611491,-73.7529232
Shell,"50 Sheridan Boulevard, Inwood",40.613045,-73.752776
Los Latinos Mini Market Corp.,"13-1 Redfern Avenue, Far Rockaway",40.6091126,-73.751178
Yemen Deli Grocery,"14-01 Central Avenue, Far Rockaway",40.6062146,-73.75027399999999
Hudson,Queens,40.63752760000001,-73.781091
Hudson,"Terminal 4 Departures, Queens",40.6392771,-73.78109189999999
Seasons Express Lawrence,"50 Doughty Boulevard, Lawrence",40.6115331,-73.74511989999999
Hudson,"Terminal 4 Departures, Queens",40.6425272,-73.7833067
Circle A Convenience Store,"305 Rockaway Turnpike, Lawrence",40.6243484,-73.7357758
CVS,"530 Burnside Avenue, Inwood",40.6219687,-73.7451195
99 Cent,"276 Burnside Avenue, Lawrence",40.623993,-73.7369356
Bolla Market,"360 Rockaway Turnpike, Cedarhurst",40.6253804,-73.73567270000001
Sunoco Gas Station,"360 Rockaway Turnpike, Cedarhurst",40.62540730000001,-73.7356542
CVS,"116 Washington Avenue Unit 128, Cedarhurst",40.6203216,-73.7269298
7-Eleven,"480 Rockaway Turnpike, Lawrence",40.6288737,-73.7369829
Shell,"408 Rockaway Turnpike, Cedarhurst",40.6267631,-73.7363286
Speedway,"500 Burnside Avenue, Inwood",40.6220124,-73.74637349999999
Inwood star bazzar Smoke Shop,"535 Burnside Avenue, Inwood",40.6226539,-73.7449127
Turnpike Express,"202 Rockaway Turnpike, Cedarhurst",40.61863159999999,-73.7314922
Bolla Market,"605 Burnside Avenue, Inwood",40.62310019999999,-73.7421085
Cedarhurst Mini mart,"140 Washington Avenue #C, Cedarhurst",40.62076200000001,-73.727187
Bolla Market,"340 Rockaway Turnpike, Cedarhurst",40.62458919999999,-73.73514399999999
Quik Mart,"466 Rockaway Turnpike, Cedarhurst",40.6281677,-73.7367431
IN N OUT SMOKE SHOP & CONVENIENCE,"343 Rockaway Turnpike, Lawrence",40.62879119999999,-73.73844869999999
CVS,"929 Broadway, Woodmere",40.6293207,-73.70847909999999
Seasons Express Woodmere,"700 West Broadway, Cedarhurst",40.6278861,-73.7218706
CVS,"1220 Peninsula Boulevard, Hewlett",40.6431415,-73.7063676
7-Eleven,"415 Mill Road, Hewlett",40.643332,-73.704502
Sunoco Gas Station,"1291 Peninsula Boulevard, Hewlett",40.64365859999999,-73.7037667
7-Eleven,"3993 Austin Boulevard, Island Park",40.61181759999999,-73.64412159999999
Rios Deli,"4549 Austin Boulevard, Island Park",40.59890139999999,-73.6549661
Smoker’s Corner,"4545 Austin Boulevard, Island Park",40.5990407,-73.6547937
Farm Stores Island Park,"4451 Austin Boulevard, Island Park",40.6013359,-73.65300359999999
PETRO CONVENIENCE STORE,"4305 Austin Boulevard, Island Park",40.6044617,-73.64994229999999
Speedway,"4295 Austin Boulevard, Island Park",40.6050799,-73.6493818
In n Out Convenience & Smoke Shop,"300 Mill Road, Hewlett",40.6391044,-73.7022491
Sunoco,"4096 Austin Boulevard, Island Park",40.6096923,-73.6465235
Bolla Market,"1291 Peninsula Boulevard, Hewlett",40.6436577,-73.7037624
Busy Bee Convenience Store,"3980 Austin Boulevard, Island Park",40.61282250000001,-73.6443372
Shell,"3414 Long Beach Road, Oceanside",40.6274505,-73.64098489999999
CVS,"3496 Long Beach Road, Oceanside",40.62602510000001,-73.64046760000001
CVS,"GREAT LINCOLN S/C, 70 Atlantic Avenue, Oceanside",40.6395624,-73.64230719999999
7-Eleven,"65 Atlantic Avenue, Oceanside",40.6389626,-73.64263609999999
Bolla Market,"3414 Long Beach Road, Oceanside",40.6273489,-73.6412119
KP Smoke & Convenience Store,Oceanside,40.6259603,-73.634664
Milk Stop,"3370 Long Beach Road, Oceanside",40.6288796,-73.6413659
7-Eleven,"3125 Lawson Boulevard, Oceanside",40.63538989999999,-73.6537589
7-Eleven,"3274 Long Beach Road, Oceanside",40.6318162,-73.6412531
Ocean Villa Lotto and Smoke Shop,"3149 Lawson Boulevard, Oceanside",40.634681,-73.6536319
Oceanside Convenience Store Inc 11148D,"3125 Lawson Boulevard, Oceanside",40.6353739,-73.6537859
CVS,"594 Atlantic Avenue, East Rockaway",40.641182,-73.663736
Ocean Cigar & Vape,"3015 Long Beach Road, Oceanside",40.6375007,-73.63986200000001
Oceanside star Bazzar Smoke Shop &vape,"2947 Long Beach Road, Oceanside",40.6392745,-73.63968539999999
Royal smoke & beer and convenience,"571 Atlantic Avenue Unit 571, Oceanside",40.640639,-73.6565792
Speedway,"550 Atlantic Avenue, Oceanside",40.6410395,-73.65600859999999
Quick Pic Convenience Inc.,"136 Main Street, East Rockaway",40.6418793,-73.6661527
CVS,"403 Atlantic Avenue, Freeport",40.6437413,-73.5936838
7-Eleven,"500 Atlantic Avenue, Freeport",40.6433866,-73.597644
Shell Marina,"143 Bayside Drive, Point Lookout",40.594241,-73.5786104
CVS,"951 Atlantic Avenue, Baldwin",40.6401779,-73.60708009999999
Nautical Mile Convenience,"300 Woodcleft Avenue, Freeport",40.6316862,-73.5820028
Grayrock Convenient,"85 Woodcleft Avenue, Freeport",40.6375521,-73.5825663
7-Eleven,"713 Atlantic Avenue, Baldwin",40.63878200000001,-73.6131862
Gulf,"503 Atlantic Avenue, Freeport",40.6429261,-73.59732489999999
Stopandgo convenience and smokeshop,"376 South Bayview Avenue, Freeport",40.6441862,-73.5929286
Walgreens,"600 Newark Avenue, Elizabeth",40.6772929,-74.2126552
Metro Mart,"651 Kapkowski Road, Elizabeth",40.6595154,-74.16943359999999
Dollar General,"190 Elmora Avenue, Elizabeth",40.6635058,-74.23544869999999
Walgreens,"401 Rahway Avenue, Elizabeth",40.6585129,-74.2267086
Shell,"545 Rahway Avenue, Elizabeth",40.6567471,-74.229288
CVS,"430 Westfield Avenue, Elizabeth",40.6657278,-74.2312287
CVS,"1105A Morris Avenue, Union",40.6830793,-74.23390479999999
Shoppers EXPRESS Grocery Store & Smoke Shop,"577 North Broad Street, Elizabeth",40.6765948,-74.213081
7-Eleven,"328 Elizabeth Avenue, Elizabeth",40.6509389,-74.1957599
Dollar General,"801 Livingston Street, Elizabeth",40.6632791,-74.20059820000002
Dollar Deal,"1077 Elizabeth Avenue, Elizabeth",40.66162380000001,-74.2101905
7-Eleven,"2309 East Edgar Road, Linden",40.64759329999999,-74.2251489
Wawa,"595 Spring Street, Elizabeth",40.67309389999999,-74.1995853
Shell,"592 Spring Street, Elizabeth",40.6734551,-74.2005109
Shell,"574 Newark Avenue, Elizabeth",40.6764928,-74.2124935
7-Eleven,"1832 East Saint Georges Avenue, Linden",40.65136469999999,-74.2375807
CVS,"214 Rahway Avenue, Elizabeth",40.6590637,-74.2215526
7-Eleven,"555 East 1st Avenue, Roselle",40.6624645,-74.2493411
Dollar General,"1090 North Broad Street, Hillside",40.68906,-74.21529579999999
One Stop Shop,"1004 Roselle Street, Linden",40.64033979999999,-74.25439469999999
7-Eleven,"954 South Elmora Avenue, Elizabeth",40.6517806,-74.223429
7-Eleven,"552-572 Morris Avenue, Elizabeth",40.673765,-74.224704
7-Eleven,"174 Elmora Avenue, Elizabeth",40.6634332,-74.2339585
SHAAN'S DELI AND MART,"461 3rd Avenue, Elizabeth",40.65167390000001,-74.202467
Family Mini Market,"200 Erie Street, Elizabethport",40.6482415,-74.19737690000001
Arman Foods,"502 3rd Avenue, Elizabeth",40.652145,-74.20346099999999
Elizabeth Mini Market,"430 Elizabeth Avenue, Elizabeth",40.6529737,-74.19737649999999
Circle K,"300 Elizabeth Avenue, Elizabeth",40.65052670000001,-74.19502609999999
M&M Dreams LLC,"409 Elizabeth Avenue, Elizabeth",40.6526293,-74.1963186
Kuky's Mini Market,"40 5th Street, Elizabethport",40.6546661,-74.19725009999999
Perfumes & Something Else,"541 Elizabeth Avenue #1130, Elizabethport",40.65533750000001,-74.1990556
Archie's Corner,"562 Elizabeth Avenue # A, Elizabeth",40.6558334,-74.19992990000001
Blondie's Corner Store,Elizabeth,40.658074,-74.20425159999999
Kairos Y&J Mini Store,"27 High Street, Elizabeth",40.6581721,-74.20398039999999
Global Supermarket,"866 Elizabeth Avenue, Elizabeth",40.6593064,-74.2046628
Brito's Groceries To Go,"670 Clarkson Avenue, Elizabeth",40.646331,-74.212576
Atlantis Fresh Market - #69 (Now Delivering!),"507 Bayway, Elizabeth",40.64440729999999,-74.2116293
Neighbor Mini Market,"561 Magnolia Avenue, Elizabeth",40.6598171,-74.1927067
Daniel Mini Market,"456 Grier Avenue, Elizabeth",40.6530766,-74.21741340000001
Bolla Market,"828 Routes 1 &, U.S. 9, Elizabeth",40.6512292,-74.2184971
Sunoco,"868 U.S. 9, Elizabeth",40.65117350000001,-74.21892840000001
US Food Mart,"845 Summer Street, Elizabeth",40.6507941,-74.2200136
Washington Mini Market LLC,"308 Washington Avenue, Elizabeth",40.65709759999999,-74.2185058
VP Deli and Grocery,"355 Washington Avenue, Elizabeth",40.65559349999999,-74.21939739999999
Varsha Convenience,"900 Grove Street, Elizabeth",40.6552718,-74.21956039999999
Walgreens,"25 South Broad Street, Elizabeth",40.6605467,-74.215698
LUKOIL Snack Shop,"1009 East Grand Street, Elizabeth",40.665941,-74.2052917
Port of Peri Peri,"340 N California Ave, Palo Alto",40.66748819999999,-74.19882280000002
Valero Food Mart,"957 South Elmora Avenue, Elizabeth",40.65268309999999,-74.2234414
Dollar General,"157 Jefferson Avenue, Elizabeth",40.66639589999999,-74.211093
Jiordy Mini Market,"461 Spring Street, Elizabeth",40.66913079999999,-74.2023882
AlphaCare Pharmacy & Convenience Store,"123 Broad Street, Elizabeth",40.66608060000001,-74.2146194
Fuel One Food Mart,"485 Spring Street, Elizabeth",40.66986000000001,-74.20183399999999
bp Shop,United States,40.6455964,-74.2258615
M.F. Convenience Store,"445 Jackson Avenue, Elizabeth",40.6694979,-74.2068364
Anthony Mini Market,Elizabeth,40.669516,-74.2067749
Neighborhood Grocery & Deli Market,"445 Jackson Avenue, Elizabeth",40.6695286,-74.20675700000001
Walgreens,"699 Broadway, Bayonne",40.6711266,-74.1128753
7-Eleven,"39 West 8th Street #49, Bayonne",40.6548717,-74.12837139999999
Bayonne Tiger Mart,"529 John F. Kennedy Boulevard, Bayonne",40.6647951,-74.1246612
Pyramid Traders,"546 Broadway, Bayonne",40.6657257,-74.1165903
QuickChek,"175 East 22nd Street, Bayonne",40.65968700000001,-74.1096084
QuickChek,"822-828 Broadway, Bayonne",40.6752741,-74.10826089999999
Corner Store,"832 Broadway, Bayonne",40.675648,-74.1080686
7-Eleven,"463-467 Avenue C, Bayonne",40.663575,-74.1223162
Circle K,"640-650 Avenue E, Bayonne",40.6757851,-74.1044634
CVS,"560 Avenue C, Bayonne",40.6664153,-74.11899509999999
The Corner Store to News'n'Things,"110 John F. Kennedy Boulevard, Bayonne",40.6500972,-74.13631749999999
Walgreens,"12 North Street, Bayonne",40.654474,-74.129757
City 1 Food Mart,"Harrison Avenue, Staten Island",40.636585,-74.1346781
Freedom News,"651 Kapkowski Road Suite #1078, Elizabeth",40.6607531,-74.17140180000001
Bayonne Mart,"295 Broadway, Bayonne",40.6569557,-74.1244194
Sunrise Convenience Store,"673 John F. Kennedy Boulevard, Bayonne",40.668753,-74.12103379999999
V 7 Stores,"389 Broadway, Bayonne",40.6602587,-74.1217389
Tineo Mini Market,"438 Avenue C, Bayonne",40.66208789999999,-74.1227343
Adam Convenience Store,"394 Broadway, Bayonne",40.66049599999999,-74.120842
Yasmona Convenience,"1215 Castleton Avenue, Staten Island",40.63419220000001,-74.12299349999999
Sweet Neighbors,"55 East 21st Street, Bayonne",40.6612644,-74.1174398
Tigermart,"224 Avenue E, Bayonne",40.6611353,-74.1170465
Midtown Pharmacy Bayonne,"490 Broadway, Bayonne",40.6636256,-74.1182939
Fresh Mart & Deli,"650 John F. Kennedy Boulevard, Bayonne",40.6678633,-74.1211182
Rathore Mart,"389 Avenue E, Bayonne",40.666804,-74.1128241
QuickChek,"20/38 East 53rd Street, Bayonne",40.6836551,-74.0999668
Shell,"640 Avenue E, Bayonne",40.6759061,-74.10457339999999
7-Eleven,"765 Broadway, Bayonne",40.6736086,-74.11034649999999
Manny's Liquors & Wines,"941 Broadway, Bayonne",40.68000329999999,-74.1050367
Stop 1 Supermarket,"514 Richmond Terrace, Staten Island",40.6462867,-74.089416
La Quebradita Supermarket,"405 Jersey Street, Staten Island",40.6386201,-74.0874163
Jersey St. Convenience,"427 Jersey Street, Staten Island",40.6379822,-74.08716849999999
@ Your Convenience,"484 Jersey Street, Staten Island",40.63671799999999,-74.08623
Charmar Superette,"85 Stuyvesant Place, Staten Island",40.644055,-74.0776496
John's Gourmet Deli,"62 Richmond Terrace, Staten Island",40.64416849999999,-74.07718679999999
Chapinlandia Corporation,"74 Castleton Avenue, Staten Island",40.6345518,-74.0865163
Quick Stop,"149 Victory Boulevard, Staten Island",40.63704010000001,-74.08138339999999
Fineline Convenience Store,"94 Victory Boulevard, Staten Island",40.63772470000001,-74.0796264
Hudacko's Pharmacy,"861 Broadway, Bayonne",40.677019,-74.107546
CVS,"18-40 Goldsborough Drive, Bayonne",40.6717535,-74.105783
Sun convenience & smoke shop,"682 Broadway, Bayonne",40.6703613,-74.1125488
Fiji Convenience & Smoke Store,"732 Avenue E, Bayonne",40.678973,-74.1020729
Duane Reade,"5008 5th Avenue, Brooklyn",40.64501000000001,-74.0107774
Shell,"842 5th Avenue, Brooklyn",40.6529233,-74.0025526
Sunoco Gas Station,"668 3rd Avenue, Brooklyn",40.6644984,-73.9976604
Monarcas,"6106 3rd Avenue, Brooklyn",40.6414919,-74.0214731
7201 BRBR Inc.,"7201 3rd Avenue, Brooklyn",40.6333787,-74.0267654
M&S Mini Market,"7301 3rd Avenue, Brooklyn",40.6327104,-74.0271053
6122 4th Ave Food Corporation,"6122 4th Avenue, Brooklyn",40.6399496,-74.0197556
7413 candy shop,"7413 3rd Avenue, Brooklyn",40.6316879,-74.0274311
Last Stop Deli & Grocery,"5316 3rd Avenue A, Brooklyn",40.6458446,-74.0170579
Aden deli & grocery,"5923 4th Avenue, Brooklyn",40.6407947,-74.0180565
Downtown Newsstand & Lotto,Brooklyn,40.6430932,-74.0163827
INDULGE GRILL GOURMET,"5304 4th Avenue, Brooklyn",40.644823,-74.01473899999999
692 grocery inc,"6928 5th Avenue, Brooklyn",40.6328884,-74.0215058
Plaza Xochimilco,"5518 5th Avenue, Brooklyn",40.6421177,-74.0138291
5 Ave Convenience Store,"7520 5th Avenue, Brooklyn",40.6290167,-74.0230216
Market 88,"473 52nd Street, Brooklyn",40.644368,-74.011698
Wan Jia George Inc,"5810 6th Avenue, Brooklyn",40.639204,-74.013226
52 Street Mini Market,"506 52nd Street STE A, Brooklyn",40.643738,-74.01131529999999
Smart Convenience #2,"4818 5th Avenue, Brooklyn",40.6459431,-74.0096356
Ri Wei Mini Market,"6418 7th Avenue, Brooklyn",40.63427840000001,-74.0147242
Sunset Market,"4301 4th Avenue, Brooklyn",40.65016339999999,-74.0083501
Ak Laundromat,"4418 5th Avenue, Brooklyn",40.648212,-74.007448
Walgreens,"462 5th Avenue, Brooklyn",40.6685713,-73.9871836
Duane Reade,"296 Flatbush Avenue, Brooklyn",40.6779616,-73.973342
Walgreens,"114 Beverley Road, Brooklyn",40.6427907,-73.9789345
CVS,"395 Court Street, Brooklyn",40.6798099,-73.9968912
CVS,"341 9th Street, Brooklyn",40.6688043,-73.9848391
Rite Aid,"320 Smith Street, Brooklyn",40.681282,-73.994556
Shell,"548 Coney Island Avenue, Brooklyn",40.64397409999999,-73.97038309999999
CVS,"150 Court Street, Brooklyn",40.6889791,-73.9929629
Thriftway Pharmacy,"1621 Church Avenue, Brooklyn",40.649142,-73.96435400000001
Bolla Market,"3132 Fort Hamilton Parkway, Brooklyn",40.6476967,-73.9793758
Duane Reade,"16 Court Street, Brooklyn",40.693549,-73.9908109
5th Avenue Market,"185 5th Avenue, Brooklyn",40.6770767,-73.9797422
Shell,"2193 Bedford Avenue, Brooklyn",40.6503536,-73.9555451
Vanderbilt Convenience,"667 Vanderbilt Avenue, Brooklyn",40.6769391,-73.9687515
Fourth Avenue Gourmet Deli and Grill,"70 4th Avenue, Brooklyn",40.6826889,-73.9797797
Rite Aid,"1679 Bedford Avenue, Brooklyn",40.6653192,-73.9566685
CVS,"1249 Nostrand Avenue, Brooklyn",40.6567175,-73.9498049
CVS,"30 Flatbush Avenue, Brooklyn",40.68809,-73.980727
Vishwa News Inc,"17 Bond Street, Brooklyn",40.6890459,-73.9832911
Shell,"1064 Atlantic Avenue, Brooklyn",40.6795988,-73.95811680000001
Duane Reade,"386 Fulton Street, Brooklyn",40.6911909,-73.9872089
Single Stop,"503 5th Avenue, Brooklyn",40.6669101,-73.9878238
7-Eleven,"520 5th Avenue, Brooklyn",40.6667472,-73.988719
Sunoco Gas Station,"941 Atlantic Avenue, Brooklyn",40.6807719,-73.96160619999999
Modern Staples,"165 Court Street, Brooklyn",40.6886093,-73.9926709
Jenny's Food Market,"970 41st Street, Brooklyn",40.6433022,-73.9944726
Food Train,"368 7th Avenue, Brooklyn",40.6658871,-73.9827032
Uncle Grocery Deli & 99 Center,"2124 Dorchester Road, Brooklyn",40.6421278,-73.9577541
"Car wash & Detailing Center, Viking Auto Spa, Oil Change & Repair Services.","354 Hamilton Avenue, Brooklyn",40.6743995,-74.0005746
Walgreens Pharmacy,"1040 Saint Johns Place, Brooklyn",40.6710569,-73.9434623
7-Eleven,"1381 Atlantic Avenue, Brooklyn",40.67872339999999,-73.94448349999999
Duane Reade,"756 Myrtle Avenue, Brooklyn",40.69481710000001,-73.95228139999999
Walgreens,"5001 Church Avenue, Brooklyn",40.6519393,-73.9301179
Walgreens,"1281 Fulton Street, Brooklyn",40.6805564,-73.9501499
Rite Aid,"1950 Fulton Street, Brooklyn",40.6784136,-73.9211983
Walgreens,"1366 Broadway, Brooklyn",40.68925309999999,-73.92217
Atlantis Fresh Market #98,"441 Remsen Avenue, Brooklyn",40.6626979,-73.93117389999999
Bolla Market,"1143 Atlantic Avenue, Brooklyn",40.679475,-73.9536129
Sunoco Gas Station,"971 Remsen Avenue, Brooklyn",40.6447525,-73.9106989
CVS,"10204 Flatlands Avenue, Brooklyn",40.6460233,-73.8964372
Grand Convenience Store,"361 Sutter Avenue, Brooklyn",40.6678886,-73.906072
7-Eleven,"10504 Flatlands Avenue, Brooklyn",40.6475377,-73.8943158
Shell,"1143 Clarkson Avenue, Brooklyn",40.6612361,-73.9205896
Shell,"895 Bedford Avenue, Brooklyn",40.69322299999999,-73.9556987
Downstate Gas & Food Inc,"720 New York Avenue, Brooklyn",40.6560853,-73.9476695
Rite Aid,"1631-43 Pitkin Avenue, Brooklyn",40.669621,-73.9128528
Walgreens,"3000 Church Avenue, Brooklyn",40.6506815,-73.9493016
Preferred Pharmacy,"1771 Broadway, Brooklyn",40.682647,-73.909573
Penn Car Wash and Lube,"1130 Granville Payne Avenue, Brooklyn",40.6528275,-73.8873077
Bolla Market,"1935 Linden Boulevard, Brooklyn",40.6587191,-73.8912738
CVS,"1346 Granville Payne Avenue, Brooklyn",40.6470688,-73.8823845
Giselle Mini Market,"1697 East New York Avenue, Brooklyn",40.6747283,-73.9055861
Speedway,"8007 Cypress Avenue, Glendale",40.69409769999999,-73.8967588
Mike Food Mart,"5211 Church Avenue, Brooklyn",40.6524577,-73.9280088
Flatlands Mini Market,"10424 Flatlands Avenue, Brooklyn",40.6473466,-73.8946881
Flatlands Money Market Inc,"10424 Flatlands Avenue, Brooklyn",40.64728909999999,-73.89463239999999
Flatlands Deli,"911 East 107th Street, Brooklyn",40.6484383,-73.8924961
WAWEEZ,"41 New Lots Avenue, Brooklyn",40.6574137,-73.90353379999999
Spark candy plus,"9209 Flatlands Avenue, Brooklyn",40.641464,-73.90453
Glenn Deli & Grocery,"55 Hegeman Avenue, Brooklyn",40.65602289999999,-73.90983779999999
New Lots Deli Minimarket,"679 Van Sinderen Avenue, Brooklyn",40.65989999999999,-73.899334
Mobil Mart,"766 Granville Payne Avenue, Brooklyn",40.6589331,-73.8913458
Shell,"8913 Ditmas Avenue, Brooklyn",40.64817,-73.91516
Mikes Food Store,Brooklyn,40.64964499999999,-73.9158791
Caribbean Culture.,"9609 Church Avenue, Brooklyn",40.656039,-73.91538299999999
1160 Convenience Store Corp.,"1160 Willmohr Street, Brooklyn",40.6581266,-73.91585719999999
Smoke Garden,"786 Saratoga Avenue, Brooklyn",40.66133059999999,-73.91570899999999
Dumont Grocery,"125 Dumont Avenue, Brooklyn",40.6633806,-73.91509429999999
Amoco,"5916 Foster Avenue, Brooklyn",40.639828,-73.919681
Best Food Mini Market Corp,"363 Sutter Avenue, Brooklyn",40.6679454,-73.9059108
TD Grab N Go Mini Mart,"TD Grab N Go Convenience Store, 256 East 96th Street, Brooklyn",40.6603127,-73.92076329999999
CVS,"97-01 Liberty Avenue, Ozone Park",40.6814267,-73.8418573
Sal's Food Market,"102-10 159th Road, Howard Beach",40.65968900000001,-73.83088939999999
7-Eleven,"159-35 Cross Bay Boulevard, Howard Beach",40.65808190000001,-73.83926439999999
Ozone Smoke Shop,"137-20 Cross Bay Boulevard, Ozone Park",40.67107070000001,-73.8432059
"Ozone Howard Convenience, Inc.","137-20 Cross Bay Boulevard, Ozone Park",40.6715291,-73.8436907
Bolla Market,"135-45 Cross Bay Boulevard, Ozone Park",40.67278349999999,-73.84286589999999
Speedway,"13415 Cross Bay Boulevard, Ozone Park",40.6744853,-73.8426317
Walgreens,"11902 Rockaway Boulevard, South Ozone Park",40.6754998,-73.819035
bp,"81-02 Atlantic Avenue, Ozone Park",40.68481039999999,-73.85954559999999
Gotham Lifestyle,"105-6 101st Avenue, Ozone Park",40.686423,-73.837842
Sunoco,"128-24 Rockaway Boulevard, South Ozone Park",40.6747982,-73.8088434
Rite Aid,"122-02 Liberty Avenue, South Richmond Hill",40.687141,-73.82136899999999
CVS,"83-02 Atlantic Avenue, Ozone Park",40.6852173,-73.857582
Walgreens,"16040 Cross Bay Boulevard, Howard Beach",40.6563139,-73.83962300000002
Speedway,"15904 Cross Bay Boulevard, Howard Beach",40.6588092,-73.8401604
Crossorc Smoke Shop,"Parking lot, 158-50 Cross Bay Boulevard, Howard Beach",40.6594085,-73.84029819999999
7-Eleven,"112-11 Liberty Avenue, South Richmond Hill",40.6855132,-73.8300673
"Subway Stop, Convenience Store","7 Coleman Square, Jamaica",40.660048,-73.830595
Walgreens,"7814 Linden Boulevard, Howard Beach",40.6697534,-73.8565454
Spring Creek Food Mart,"1011 Elton Street, Brooklyn",40.6579846,-73.87497499999999
Bolla Market,"100-03 North Conduit Avenue, Ozone Park",40.6672558,-73.8342341
Super Dairy Mill,"137-20 Cross Bay Boulevard, Ozone Park",40.67142769999999,-73.8435604
Rocco & Franks Convenience,"13702 Cross Bay Boulevard, Ozone Park",40.67241359999999,-73.8436219
"Crossbay Express Smoke & Vape Shop,hookah shop, Convenience Store","137-02 Cross Bay Boulevard, Ozone Park",40.672414,-73.843622
Bin Discount Store,"811 Stanley Avenue, Brooklyn",40.6614794,-73.8792543
East Ny Food Discount Corp,"811 Stanley Avenue, Brooklyn",40.6614794,-73.8792543
Legacy Mini Mart,"96-19 Linden Boulevard, Ozone Park",40.6741557,-73.8398158
Hegeman Minimarket Food Corp,"1017 Hegeman Avenue, Brooklyn",40.667023,-73.87554200000001
Lucky 88 Store Inc.,"9108 Sutter Avenue, Jamaica",40.6764289,-73.84559229999999
Sutter convenience store,"1279 Sutter Avenue, Brooklyn",40.6730689,-73.87082749999999
Gourmet Deli Inc,"1249 Sutter Avenue, Brooklyn",40.6729717,-73.8715587
5 Eleven Convenience & Deli,"13502 Lefferts Boulevard, Jamaica",40.670387,-73.821247
Bryant Park Market,"John F. Kennedy Airport, Jamaica",40.6587321,-73.81213079999999
105 Ez Shop Inc,Ozone Park,40.67999349999999,-73.8449179
Walgreens,"9602 Rockaway Boulevard, Ozone Park",40.6802265,-73.8424046
Chestnut Convenience Shop,"475 Chestnut Street, Brooklyn",40.6754423,-73.8733793
A.S.M Quick Stop,Ozone Park,40.68061299999999,-73.8422994
Star 2 Minimarket,"80-16 101st Avenue, Ozone Park",40.6807241,-73.8579966
Bolla Market,"463 North Conduit Boulevard, Brooklyn",40.6778945,-73.8709409
Exotic Dreams,"2552 Pitkin Avenue Store #3, Brooklyn",40.6744055,-73.87811599999999
Tibbs Convenience Store,"11217 Linden Boulevard, South Ozone Park",40.6774306,-73.8257608
Charo's West Indian & American Grocery,"394 Crescent Street, Brooklyn",40.679148,-73.871195
SCOOT,"2484 Pitkin Avenue, Brooklyn",40.6739664,-73.880555
Speedway,"12903 North Conduit Avenue, South Ozone Park",40.667275,-73.8107393
Soto Mini Market,"333 Crescent Street, Brooklyn",40.68082990000001,-73.87124899999999
Liberty Whole Beverage Corporation,"11809 Rockaway Boulevard, Jamaica",40.67662929999999,-73.8198106
7-Eleven,"147th Avenue, Queens",40.66302129999999,-73.79279480000001
JFK Travel Plaza,"JFK International Airport Building #125, 150th Avenue &, 147th Street, Jamaica",40.66303539999999,-73.7925838
7-Eleven,"154-18 Rockaway Boulevard, Jamaica",40.6677457,-73.7813476
bp,"11660 Sutphin Boulevard, South Ozone Park",40.6808351,-73.7924112
Rite Aid,"165-02 Baisley Boulevard, Jamaica",40.678258,-73.777427
Shell,"18525 North Conduit Avenue, Queens",40.66676,-73.75793399999999
Sinclair Gas Station,"129-01 Guy R Brewer Boulevard, Jamaica",40.6772205,-73.7782833
Walgreens,"12704 Guy R Brewer Boulevard, Jamaica",40.67771739999999,-73.7798487
Hudson at Gate 34,"JFK Access Road, Queens",40.64940349999999,-73.79483239999999
Cibo Express Gourmet Market at Gate 6,"Terminal 8, Queens",40.6475061,-73.7923557
Hudson,NY,40.6434587,-73.7800294
NY MINUTE,"Terminal 5, Central Terminal Area, Queens",40.6477066,-73.77793539999999
New York News,"John F. Kennedy International Airport (JFK), Arrivals, Queens",40.646722,-73.77630839999999
Jamao Minimarket,"133-45 131st Street, South Ozone Park",40.6679664,-73.8076962
New Times Mini Market Inc,"133-45 131st Street, South Ozone Park",40.66800010000001,-73.807761
NEIGHBORHOOD SHOPPER,"128-19 146th Street, South Ozone Park",40.67118900000001,-73.791979
K&R CONVENIENCE STORE,"158-02 Rockaway Boulevard, Rochdale Village",40.6654873,-73.7790406
Nankoo Mini Mart Inc.,"14116 Rockaway Boulevard, Jamaica",40.6740335,-73.7992354
Food Mart,"128-24 Rockaway Boulevard, South Ozone Park",40.67471549999999,-73.80883279999999
Bolla Market,"177 South Conduit Avenue, Queens",40.6670232,-73.7730596
Food Mart,United States,40.6681837,-73.7720774
24Hr Minimart,"11507 Lefferts Boulevard, Jamaica",40.6767559,-73.81937409999999
SSA Stationary,"165- 44A Baisley Boulevard, Jamaica",40.6777816,-73.7764292
THE GAS HUB,"115-43 Sutphin Boulevard, Jamaica",40.68367569999999,-73.79241379999999
Growth Smoke Shop,"114-36 Sutphin Boulevard, Jamaica",40.6853028,-73.79342129999999
Bolla Market,"168-07 Baisley Boulevard, Jamaica",40.68054789999999,-73.7754073
Food Mart,United States,40.6667983,-73.7578812
Farmers Fire convenience,"13640 Farmers Boulevard, Queens",40.67374780000001,-73.7640076
Dollar General,"Parking lot, 11205 Sutphin Boulevard, Jamaica",40.6874797,-73.7941451
Matty's Mini Mart Inc,"172-01 Baisley Boulevard, Jamaica",40.681817,-73.772167
Baisley Mini Market,"17201 Baisley Boulevard, Jamaica",40.68184109999999,-73.7721669
Bolla Market,"224-01 North Conduit Avenue, Laurelton",40.6668395,-73.7526626
CVS,"44 North Central Avenue, Valley Stream",40.66933420000001,-73.7083889
7-Eleven,"910 West Merrick Road, Valley Stream",40.6737541,-73.72733199999999
CVS,"1 East Merrick Road, Valley Stream",40.66475469999999,-73.6973325
Sunoco Gas Station,"301 West Merrick Road, Valley Stream",40.66800339999999,-73.70838309999999
Rite Aid,"245-14 Francis Lewis Boulevard, Rosedale",40.664345,-73.73495199999999
Keith & Sean Service Station Valley Stream - Auto Repair & Maintenance,"270 W Sunrise Highway, Valley Stream",40.66220620000001,-73.71042589999999
Sunoco Gas Station,"66 Sunrise Highway, Valley Stream",40.6599115,-73.7034905
Shell,"100 West Merrick Road, Valley Stream",40.6655361,-73.7014212
7-Eleven,"100 Sunrise Highway, Valley Stream",40.6583928,-73.69578899999999
7-Eleven,"58 East Merrick Road, Valley Stream",40.6637973,-73.6953955
Shell,"928 Rosedale Road, Valley Stream",40.6529696,-73.7244967
The Depot,Valley Stream,40.663205,-73.719062
Walgreens,"21914 Merrick Boulevard, Laurelton",40.6789735,-73.7502591
World exotic shop,"244-10Francis, Lewis Blvd, Rosedale",40.6649143,-73.7352705
K&s Laurelton Minimart,"22403 141st Avenue, Laurelton",40.66972000000001,-73.75061099999999
Sunoco,"246-02 South Conduit Avenue, Rosedale",40.6651666,-73.732595
BP,"700 Sunrise Highway, Valley Stream",40.665215,-73.725976
"Jasmine Mini Mart, Inc.","232-07 Merrick Boulevard, Laurelton",40.6753069,-73.7373736
C&C Convenience Store,"779 West Merrick Road, Valley Stream",40.67338950000001,-73.724432
Mahavir Convenience,"779 West Merrick Road, Valley Stream",40.6734447,-73.724398
J J Merrill Deli and Grocer,"749 West Merrick Road, Valley Stream",40.67314289999999,-73.7234441
Walgreens,"730 Franklin Avenue, Franklin Square",40.6887472,-73.6868133
CVS,"1797 Dutch Broadway, Elmont",40.6897667,-73.7095564
CVS,"1740 Broadway, Hewlett",40.64797100000001,-73.6888919
Rite Aid,"168 North Village Avenue, Rockville Centre",40.66194230000001,-73.6495113
7-Eleven,"1700 Broadway, Hewlett",40.6474519,-73.6899389
7-Eleven,"169 Atlantic Avenue, Lynbrook",40.6514757,-73.6698814
The Corner Store 260,"260 Rockaway Parkway, Valley Stream",40.6732081,-73.6941598
Shell,"257 Merrick Road, Lynbrook",40.6579189,-73.6692928
Sunoco Gas Station,"104 Franklin Avenue, Valley Stream",40.6766521,-73.68336769999999
7-Eleven,"128 North Village Avenue, Rockville Centre",40.6608207,-73.648637
CVS,"633 Merrick Road, Lynbrook",40.6612954,-73.68461549999999
CVS,"488 Ocean Avenue, East Rockaway",40.64485060000001,-73.6595995
CVS,"155 Sunrise Highway, Rockville Centre",40.65775920000001,-73.6498038
7-Eleven,"83 Franklin Avenue, Valley Stream",40.6769617,-73.6826758
7-Eleven,"190 North Central Avenue, Valley Stream",40.67284069999999,-73.7093292
The Mr. D SPOT Convenience Store Deli and Grill,"605 Rockaway Avenue, Valley Stream",40.6560828,-73.6999764
In out Smoke Shop & Convenience,"50 Sunrise Highway, Valley Stream",40.6598159,-73.7026547
24 7 Express Mini Mart Inc,"50 Sunrise Highway, Valley Stream",40.6597614,-73.7030278
Valero,"192 Sunrise Highway, Valley Stream",40.6575525,-73.6911732
A H Milk Mart,"126 Mill Road, Valley Stream",40.657951,-73.7098522
7-Eleven,"558 Merrick Road, Lynbrook",40.6599215,-73.6822773
Super 7 Convenience and Smoke Shop,"148 Union Avenue, Lynbrook",40.6496882,-73.67556189999999
Walgreens,"290 West Merrick Road, Valley Stream",40.66745599999999,-73.7085602
7-11,"190 North Central Avenue, Valley Stream",40.6727845,-73.7092856
Lucky 7's deli & Smoke Shop,"276 Atlantic Avenue, East Rockaway",40.6492718,-73.66612529999999
Village Convenience Store,"8 Centre Avenue B, East Rockaway",40.64944759999999,-73.6654914
7-Eleven,"2 Franklin Avenue, Lynbrook",40.6667975,-73.67124919999999
Walgreens,"2745 Long Beach Road, Oceanside",40.6448879,-73.6384653
7-Eleven,"2350 Grand Avenue, Baldwin",40.6534377,-73.6115772
VALERO,"2054 Grand Avenue, Baldwin",40.66050499999999,-73.607568
Sunoco,"1738 Grand Avenue, Baldwin",40.668599,-73.6093219
7-Eleven,"1271 Grand Avenue, Baldwin",40.67932559999999,-73.6143017
OK PETROLEUM,"1270 Grand Avenue, Baldwin",40.6791932,-73.6150518
7-Eleven,"475 Merrick Road, Oceanside",40.65373220000001,-73.6235186
CVS,"598 Merrick Road, Rockville Centre",40.6536708,-73.6320047
Bolla Market,"301 West Merrick Road, Freeport",40.65188239999999,-73.5935188
Walgreens,"1968 Grand Avenue, Baldwin",40.66239399999999,-73.6083475
7-Eleven,"324 Merrick Road, Rockville Centre",40.6555863,-73.643276
CVS,"814 Hempstead Avenue, West Hempstead",40.6880986,-73.6588177
Anton's Car Care Center Inc,"345 Sunrise Highway, Rockville Centre",40.65745580000001,-73.64078950000001
North Village Convenience Inc,"63 North Village Avenue, Rockville Centre",40.6587494,-73.6477112
Speedway,"2650 Long Beach Road, Oceanside",40.6471397,-73.638689
Kavali,"North Park Avenue, Rockville Centre",40.6585,-73.6456144
Jovie Viixi,"73 N Park Ave Rockville Centre, Hempstead, Rockville Centre",40.65874720000001,-73.64484949999999
Food Mart,United States,40.65670759999999,-73.64042060000001
Shell,"360 Sunrise Highway, Rockville Centre",40.6567881,-73.640395
Sunrise Cigar Shop,"87 Sunrise Highway, Lynbrook",40.6564987,-73.6607272
Bolla Market,"516 Merrick Road, Rockville Centre",40.6542287,-73.6348254
Walgreens,"89 Henry Street, Freeport",40.655244,-73.5787144
Sunoco Gas Station,"279 Atlantic Avenue, Freeport",40.6450311,-73.5883492
Sunoco Gas Station,"85 North Main Street, Freeport",40.65965310000001,-73.58528009999999
"Omni Smoke, Vapor & Convenience Store","1 East Sunrise Highway, Freeport",40.6565676,-73.5820143
Iris Arco Restaurant,"304 North Main Street, Freeport",40.6670556,-73.58690229999999
7-Eleven,"200 East Merrick Road, Freeport",40.6535512,-73.5705241
7-Eleven,"420 Nassau Road, Roosevelt",40.6829353,-73.5913877
7-Eleven,"150 Merrick Road, Merrick",40.6543834,-73.5542186
CVS,"114 South Long Beach Avenue, Freeport",40.6529984,-73.5902524
7-Eleven,"80 Brooklyn Avenue, Freeport",40.6577667,-73.585503
Super Discount Convenience Store,"357 North Main Street, Freeport",40.6689407,-73.5879191
CVS,"2151 Johnston Place, Merrick",40.66605719999999,-73.5515032
7-Eleven,"294 Guy Lombardo Avenue, Freeport",40.6467869,-73.583728
Sinclair Gas Station,"17 Merrick Road, Baldwin",40.6513467,-73.604067
Sunoco Gas Station,"301 West Merrick Road, Freeport",40.6518685,-73.5934662
New York Lottery Grocery & Convenience Store,"363 Atlantic Avenue, Freeport",40.6446008,-73.59205469999999
Qwik Pick Baldwin,"2169 Grand Avenue, Baldwin",40.6569569,-73.6088042
Samrat Inc,"2169 Grand Avenue, Baldwin",40.6570304,-73.6087063
Xpress Mart,"757 Foxhurst Road, Baldwin",40.6496832,-73.6137974
7-Eleven,"145 Sunrise Highway, Freeport",40.65614139999999,-73.5885688
Baldwin Lotto,"2099 Grand Avenue, Baldwin",40.65888359999999,-73.6079136
Convenience Store,United States,40.6515856,-73.6141569
Busy Bee Convenience Store,"2054 Grand Avenue, Baldwin",40.6603923,-73.6076168
Speedway,"125 West Sunrise Highway, Freeport",40.6564914,-73.58650279999999
Brooklyn Ave Oasis,"20 Brooklyn Avenue, Freeport",40.6574742,-73.58468359999999
Sunrise exotic & smoke shop + Hookah + vape + cigar,"19 West Sunrise Highway, Freeport",40.656281,-73.5832819
Omm Convenience Store,United States,40.656564,-73.5819152
Bougatfa II,"141 North Main Street, Freeport",40.66148889999999,-73.5859514
Foreign Flavorz,"148 South Main Street, Freeport",40.6533021,-73.5792276
Tienda Latinoamericana,"15 East Merrick Road, Freeport",40.654684,-73.57967900000001
CVS,"1829 Grand Avenue, Baldwin",40.6662333,-73.6067956
Freeport Mini Market COrp,"300 North Main Street, Freeport",40.6669544,-73.5869368
All In One Convenience Store,"403 Merrick Road, Oceanside",40.65368809999999,-73.6263498
"Omni Smoke, Vapor & Convenience Store","357 North Main Street, Freeport",40.66896,-73.5878922
CVS,"275 Chestnut Street, Newark",40.7225812,-74.1652897
Walgreens,"361 Bergen Street, Newark",40.73166649999999,-74.1963449
Walgreens,"140-42 Ferry Street, Newark",40.72978260000001,-74.1592421
CVS,"265 Long Avenue, Hillside",40.69878,-74.2310469
Dollar General,"673 Chancellor Avenue, Irvington",40.71497439999999,-74.2359425
QuickChek,"1509 Morris Avenue, Union",40.6909284,-74.2503791
Two Lucky Convenience Store,"154 Hillside Avenue, Hillside",40.6985968,-74.2233873
Cibo Express,Newark,40.6984258,-74.1791008
Phillips 66 Gas Station - Harry’s Grab & Go - Krispy Krunchy Chicken,"1399 Chestnut Avenue, Hillside",40.70378989999999,-74.2335918
Logic Marketplace,"437 Bloy Street, Hillside",40.6982922,-74.23836639999999
Walgreens,"810 Springfield Avenue, Irvington",40.7286464,-74.21976029999999
Fast Break,"1021 Springfield Avenue, Irvington",40.726111,-74.22992920000002
7-Eleven,"1174 Morris Avenue, Union",40.6854025,-74.239341
24 Seven,"Court Street, Newark",40.7315586,-74.1773305
Speedway,"645 McCarter Highway, Newark",40.72951519999999,-74.17011339999999
7-Eleven,"790 Broad Street, Newark",40.735043,-74.17175
Walgreens,"61 Ferry Street, Newark",40.7319154,-74.16282180000002
Dollar General,"186 West Market Street, Newark",40.7418178,-74.18730029999999
Dollar General,"1391 Springfield Avenue, Irvington",40.7236738,-74.2472006
Village Market,"Parking lot, 156 Warren Street, Newark",40.7413719,-74.179953
Dollar City Convenience Store,"485 Springfield Avenue, Newark",40.7317696,-74.201735
Shell,"681 Lyons Avenue, Irvington",40.7204968,-74.2309519
Sunoco Gas Station,"1459 Springfield Avenue, Maplewood",40.72317220000001,-74.25058779999999
Gulf,"151 Corbin Street, Newark",40.6945185,-74.15616539999999
Speedy Mart,"1175 Liberty Avenue, Hillside",40.694311,-74.2356203
Quality Mini Market,"310 Renner Avenue, Newark",40.7139782,-74.21217949999999
Krauszer's Food & Wines,"649 18th Avenue, Irvington",40.7338874,-74.2140605
Mobil Mart,"105 Meeker Avenue, Newark",40.70374409999999,-74.1952582
Stop One,"995 Bergen Street, Newark",40.7098998,-74.2068654
Speedway,"273 Elizabeth Avenue, Newark",40.71359629999999,-74.1935061
North Broad Card Shop,"1045 North Broad Street, Elizabeth",40.6882288,-74.2146463
JJ Mini-Market,"855 Monroe Avenue A, Elizabeth",40.6811321,-74.2005518
Evolve,"3 Brewster Road, Newark",40.6837336,-74.18660679999999
WHSmith,"3 Brewster Road, Newark",40.6831655,-74.1878625
Lucky dollaz llc,"154 Elizabeth Avenue, Newark",40.71765559999999,-74.19015329999999
Shore Points Market,"3 Brewster Road, Newark",40.68390300000001,-74.1858877
JMY Minimarket,"848 Jackson Avenue, Elizabeth",40.6802256,-74.1985938
TELEGRAPH 1st EDITION,"3 Brewster Road, Newark",40.6836384,-74.184681
Quick Deli And Grocery,"768 Newark Avenue, Elizabeth",40.68111509999999,-74.2090554
Sunoco Mini Mart,Hillside,40.698759,-74.2268165
Jayden Mini Mart,"118 Bragaw Avenue, Newark",40.71741900000001,-74.217834
Krauszer's Food Store,"1412 Liberty Avenue, Hillside",40.70174969999999,-74.2293486
Gf Stop One,"511 Hawthorne Avenue, Newark",40.719912,-74.21493199999999
7-Eleven,"1386 Liberty Avenue, Hillside",40.7010006,-74.2301986
Aashaka Cards & Gifts / Te-Amo Cigars,"467 Lyons Avenue #2, Newark",40.7149415,-74.2232533
Dollar Classic 1 by JK CLUB LLC,"702 Jackson Avenue, Elizabeth",40.676542,-74.2012019
Tigermarket,"720 Spring Street, Elizabeth",40.6762397,-74.1987667
LUKOIL Mini Mart,"335 McCarter Highway, Newark",40.7193244,-74.1812301
Walgreens,"1561 John F. Kennedy Boulevard, Jersey City",40.69568930000001,-74.0996672
Quik Mart,"596 Market Street # 4, Newark",40.7308617,-74.1523263
Rhodeside & Harwell Inc,"502, 60 Park Place, Newark",40.7383481,-74.1690009
Sunoco Gas Station,"63-69 Wilson Avenue, Newark",40.7260899,-74.15351609999999
I K Qwik Stop,"166 Market Street, Newark",40.7355715,-74.17270409999999
FOURM Gift Shop and Convenience Store,"20 Frontage Road, Newark",40.7104848,-74.1569801
Quick Deli & Mart,"111 Wilson Avenue, Newark",40.72471759999999,-74.15231890000001
Pilot Express,"400 Doremus Avenue, Newark",40.71940289999999,-74.1253852
L&J Mini Market,"168 Adams Street, Newark",40.72678399999999,-74.16011809999999
TC Mini Convenience Store,"124 Polk Street, Newark",40.72857010000001,-74.1556447
UNIQUE SHOP LLC,"124 Polk Street, Newark",40.7286682,-74.15581089999999
CVS,"331-347 Ferry Street, Newark",40.7291949,-74.14862169999999
Ferry Superstore,"334 Ferry Street, Newark",40.7293648,-74.1489221
Downeck convenience store llc,"19 Pacific Street, Newark",40.727708,-74.1659641
Elm and Union Convenient Store,"109 Elm Street, Newark",40.7287253,-74.1660848
Jr Mini Mart Llc,"43 Fleming Avenue, Newark",40.7311228,-74.1459671
Mi vecino store,"103 Ferry Street, Newark",40.73061,-74.16114499999999
Yes Super Market,"12 New York Avenue, Newark",40.72812579999999,-74.169902
Atlantis Fresh Market - #89 (Now Delivering!),"1153 Broad Street, Newark",40.72223949999999,-74.18038899999999
Malayerba Convenience & Smoke Shop,"510-512 Market Street, Newark",40.7318652,-74.1565052
Food Mart,Newark,40.73244349999999,-74.15711069999999
Quick & fresh,"25-29 Cottage Street, Newark",40.7287694,-74.1710659
QuickChek,"400 Bergen Street, Harrison",40.7437647,-74.1556813
Dollar General,"516 Raymond Boulevard, Newark",40.7334344,-74.1421173
West Kinney Mini Market LLC,"30 West Kinney Street, Newark",40.72922210000001,-74.1778258
Quick & fresh,"5 Elizabeth Avenue, Newark",40.72253629999999,-74.1881348
Hill Street Deli And Convenience Store,"10 Hill Street, Newark",40.7314495,-74.1753276
Hallmark Mini Mart/ Western Union,"10 Hill Street, Newark",40.7314495,-74.1753276
Welsh Farms Food Stores,"2133 Court Street, Newark",40.73085349999999,-74.17700169999999
1057 Ave C MART,"1057 Avenue C, Bayonne",40.68457960000001,-74.1044967
Omda Convenience Store,"12 William Street, Newark",40.73331239999999,-74.1741667
Bayonne Dollar & Grocery,"1095 Avenue C, Bayonne",40.6860656,-74.1032002
Walgreens,"2395 John F. Kennedy Boulevard, Jersey City",40.7199754,-74.07852609999999
99¢ Plus Convenience,"502 West Side Avenue, Jersey City",40.717965,-74.083742
Duane Reade,"1 Path Plaza, Jersey City",40.73202509999999,-74.0632287
Shell,"1000 Communipaw Avenue, Jersey City",40.7240396,-74.08931419999999
Speedway,"701 New Jersey 440, Jersey City",40.7201001,-74.0936797
Sub Hub Market & Grill,"732 Bergen Avenue, Jersey City",40.7248343,-74.06878530000002
Rite Aid,"981 West Side Avenue, Jersey City",40.7329849,-74.07275779999999
Sunoco Gas Station,"465 Grand Street, Jersey City",40.7171113,-74.05516039999999
Brother Mini Market,"565 Bergen Avenue, Jersey City",40.72007079999999,-74.07383229999999
DYNAMIC SMOKE SHOP,"1591 John F. Kennedy Boulevard, Jersey City",40.6961612,-74.0988641
Tiger Mart,"1737 John F. Kennedy Boulevard, North Bergen",40.700675,-74.09434399999999
Mini Mart Food Store,"405 Danforth Avenue, Jersey City",40.70449989999999,-74.0989383
Torrez Mini Market,"192 Danforth Avenue, Jersey City",40.6983234,-74.0927265
Getgo,"432 Danforth Avenue, Jersey City",40.7060214,-74.0991035
Zachary Mini Market,Jersey City,40.7012301,-74.09014719999999
Los Montones Minimarket,"1850 John F. Kennedy Boulevard, Jersey City",40.7030019,-74.0907714
El mana Mini-Market,"23 Old Bergen Road, Jersey City",40.69040559999999,-74.098108
7 Heaven Mart,"23 University Place Boulevard, Jersey City",40.7110844,-74.0938955
EL Bravo MiniMart,"189 Martin Luther King Drive, Jersey City",40.7063109,-74.0847977
Walgreens,"1080 Broadway, Bayonne",40.6847717,-74.10008119999999
Jamgelis Mini Market,"506 Ocean Avenue, Jersey City",40.70366010000001,-74.08014779999999
Wazalendo Convinience,"358 West Side Avenue, Jersey City",40.7140986,-74.0885548
Ab's Variety Convenience,"293 Martin Luther King Drive, Jersey City",40.7090547,-74.0812947
2 Roses Deli & Grocery,"299 Martin Luther King Drive, Jersey City",40.70932619999999,-74.0813007
M And M Grocery Deli Corp,"2160 John F. Kennedy Boulevard, Jersey City",40.71234659999999,-74.0835719
Jay Supermarket,"589 Ocean Avenue, Jersey City",40.70678009999999,-74.0782024
Wazalendo Convenience LLC,"95 Mallory Avenue, Jersey City",40.7175248,-74.09018429999999
Mzalendo,"95 Mallory Avenue, Jersey City",40.71755349999999,-74.09023590000001
Agnes Market,"146 Yale Avenue, Jersey City",40.7186268,-74.0927597
Gary's Sweet Shoppe,"444 West Side Avenue, Jersey City",40.7163323,-74.0856949
Papi's Grocery,"656 Ocean Avenue, Jersey City",40.70869820000001,-74.0768051
El Tipico Mini Market,"2233 John F. Kennedy Boulevard, Jersey City",40.7152767,-74.082571
zohan smoke &convenient shop,"474 West Side Avenue, Jersey City",40.7171137,-74.0843581
A&J Convenience Store LLC.,"934 Broadway, Bayonne",40.67943979999999,-74.104935
C & H Mini Market,"414 Bergen Avenue, Jersey City",40.71581620000001,-74.0788026
MATEO GROCERY LLC,"473 Martin Luther King Drive, Jersey City",40.71420519999999,-74.0759188
Kennedy Discount Inc,"2323 John F. Kennedy Boulevard, Jersey City",40.7177677,-74.079968
440 Quick Stop - 24 Hours,"725 New Jersey 440, Jersey City",40.7229024,-74.0917201
Nadera American & West Indian Grocery,"207A Mallory Avenue, Jersey City",40.72160030000001,-74.0866353
Westside Mart,"425713 West Side Avenue, Jersey City",40.7212089,-74.0816933
Shell Food Mart,"1000 Communipaw Avenue, Jersey City",40.7240688,-74.0890484
Lincoln Convenience Store,"592 West Side Avenue, Jersey City",40.721164,-74.0808467
CVS,"129 Fulton Street, New York",40.7102958,-74.007457
Duane Reade,"250 Broadway, New York",40.7128423,-74.0077398
Duane Reade,"95 Wall Street, New York",40.70492539999999,-74.0073757
STREET CORNER SMOKE & CONVENIENCE,"Above Cheesecake Factory, 30 Mall Drive West, Jersey City",40.72684059999999,-74.0379931
Duane Reade,"37 Broadway, New York",40.70628809999999,-74.0131854
Duane Reade,"459 Broadway, New York",40.7208378,-74.0009044
Metropolitan Lobby Store Inc,"2 Broadway, New York",40.7045399,-74.0130866
Manhatton,"120 Broadway # 230, New York",40.7082118,-74.01065899999999
Duane Reade,"1 Whitehall Street, New York",40.7039279,-74.0129838
Duane Reade,"52 River Drive South, Jersey City",40.7281427,-74.03179779999999
Duane Reade,"315 North End Avenue, New York",40.7167756,-74.01509639999999
Duane Reade,"305 Broadway, New York",40.7154643,-74.00557189999999
Fresca Gourmet,"115 Town Square Place, Jersey City",40.7264278,-74.0338739
New Stand,"230 Vesey Street, New York",40.7132435,-74.0156466
Open Market,"15 William Street, New York",40.705309,-74.010183
Sunoco,"14th &, Grove Street, Jersey City",40.73153349999999,-74.04077099999999
Sunoco Gas Station,"Jersey Ave &, 14th Street, Jersey City",40.732169,-74.04406
Duane Reade,"17 John Street, New York",40.7099205,-74.0088213
CVS,"156 Henry Street, Brooklyn",40.6960118,-73.99391229999999
CVS,"STREET PLAZA, 59 Washington Street, Hoboken",40.7367479,-74.030822
Shell,"197 12th Street, Jersey City",40.7300848,-74.0425805
City Park Convenient Store,"94 Bayard Street, New York",40.7160815,-73.99944680000002
Valero,"193 14th Street, Jersey City",40.731554,-74.041625
Tiger Mart,"854 Jersey Avenue, Jersey City",40.73514490000001,-74.0431471
Garys Corner,"290 Broadway, New York",40.71494749999999,-74.00533039999999
7-Eleven,"33 Journal Square Plaza, Jersey City",40.7306814,-74.0642972
7-Eleven,"111 John Street, New York",40.7078278,-74.0056597
Max Mart,"527 Jersey Avenue, Jersey City",40.721186,-74.046705
Convenience Store,"228 Varick Street, New York",40.729185,-74.00500219999999
GALAXY GRAB & GO,United States,40.7078167,-74.055229
Lenox Market,"207 Van Vorst Street, Jersey City",40.7143937,-74.0415045
Metro Market One,"225 Grand Street, Jersey City",40.71529030000001,-74.0434028
Grub & Co,"465 Grand Street, Jersey City",40.7170244,-74.0553714
Jersey quick mini market,"450 Grand Street, Jersey City",40.7174091,-74.05456389999999
7 Heaven Mart,"104 Bright Street, Jersey City",40.7179868,-74.049764
Duane Reade,"67 Broad Street, New York",40.70488359999999,-74.0114694
CVS,"70 Hudson Street, Jersey City",40.7147112,-74.0341199
Metro Convenience,"280 Marin Boulevard, Jersey City",40.71838400000001,-74.0413497
Duane Reade,"110 Newark Avenue, Jersey City",40.71967449999999,-74.0421197
Downtown Newsstand,"160 Newark Avenue, Jersey City",40.7209969,-74.044609
Bay Street Goods,"191 Bay Street, Jersey City",40.72067150000001,-74.041889
CVS,"88 Morgan Street, Jersey City",40.7195843,-74.035321
Prime Studio Smoke and Convenience store,"262 Newark Avenue, Jersey City",40.7232504,-74.0489315
H&I Convenience,"282 Newark Avenue, Jersey City",40.7236078,-74.04962619999999
Convenience Store,"298 Newark Avenue, Jersey City",40.7241036,-74.0501989
CVS,"158 Bleecker Street, New York",40.72841299999999,-73.9999101
CVS,"81 8th Avenue, New York",40.7401171,-74.0027977
Duane Reade,"250 Bedford Avenue, Brooklyn",40.7158396,-73.9601398
Walgreens,"210 Union Avenue, Brooklyn",40.7068767,-73.9500479
CVS,"27 North 6th Street, Brooklyn",40.7199287,-73.96233099999999
CVS,"215 Park Avenue South, New York",40.7368375,-73.9883799
Walgreens,"379 Myrtle Avenue, Brooklyn",40.6933808,-73.97116
Duane Reade,"100 Delancey Street, New York",40.71899150000001,-73.9887705
CVS,"500 Grand Street, New York",40.7150111,-73.9829333
CVS,"253 1st Avenue, New York",40.731882,-73.9824866
Rite Aid,"534 Hudson Street, New York",40.7342289,-74.0060271
CVS,"75 Christopher Street, New York",40.73381759999999,-74.00306590000001
Rite Aid,"81 1st Avenue, New York",40.7257719,-73.9870533
Duane Reade,"1 Union Square South, New York",40.7344595,-73.9905904
CVS,"218 Myrtle Avenue, Brooklyn",40.6933338,-73.9795657
CVS,"750 6th Avenue, New York",40.7437466,-73.99183889999999
CVS,"300 Park Avenue South, New York",40.7398401,-73.9869564
Walgreens,"755 Broadway, Brooklyn",40.7006858,-73.94145639999999
East Village Farm & Grocery,"69 2nd Avenue, New York",40.7263721,-73.9895465
CVS,"360 6th Avenue, New York",40.7323836,-74.0002133
Duane Reade,"77 7th Avenue, New York",40.73875200000001,-73.999077
Cigarville Inc.,"51 West 14th Street, New York",40.7371691,-73.9959393
CVS,"338 East 23rd Street, New York",40.7369684,-73.9794448
Walgreens,"298 1st Avenue, New York",40.7332263,-73.98068900000001
7-Eleven,"247 3rd Avenue, New York",40.73706439999999,-73.9841031
Duane Reade,"401 Park Avenue South, New York",40.7430983,-73.9839707
Mini Cart Convenience Store,"159 East Houston Street, New York",40.72283729999999,-73.98909100000002
7-Eleven,"107 East 23rd Street, New York",40.74018149999999,-73.9858928
7-Eleven,"135 West 3rd Street, New York",40.7309196,-74.0008907
Rite Aid,"55-60 Myrtle Avenue, Ridgewood",40.69987200000001,-73.906277
Bolla Market,"497 Meeker Avenue, Brooklyn",40.7208542,-73.9444219
Duane Reade,"5411 Myrtle Avenue, Ridgewood",40.69973239999999,-73.9105214
Optimo,"6693 Fresh Pond Road, Ridgewood",40.7062659,-73.8966138
BP shop,"864 Flushing Avenue, Brooklyn",40.70167499999999,-73.93719639999999
CVS,"61-15 Metropolitan Avenue, Ridgewood",40.71298059999999,-73.9013521
Daily Feed,"135 Metropolitan Avenue, Brooklyn",40.7163508,-73.9623683
Key Food Supermarkets,"492 Myrtle Avenue, Brooklyn",40.6933444,-73.9652167
MNS Minimart,"711 Manhattan Avenue, Brooklyn",40.72576859999999,-73.9520634
Walgreens,"355 Knickerbocker Avenue, Brooklyn",40.700867,-73.92163
Meseroll Vending Machine,"308 Bleecker Street, Brooklyn",40.70013100000001,-73.9161172
Rite Aid,"783 Manhattan Avenue, Brooklyn",40.7273665,-73.9532983
CVS,"859 Manhattan Avenue, Brooklyn",40.7293419,-73.9540758
Fresno 2 Gourmet Deli,"31 Loisaida Avenue, New York",40.72167579999999,-73.9808779
Dollar General,"1815 Gates Avenue, Ridgewood",40.703724,-73.9081959
Bueno East Mart,"36 Avenue A, New York",40.723505,-73.9852095
Walgreens,"8011 Eliot Avenue, Middle Village",40.72545170000001,-73.87875749999999
Walgreens,"8277 Broadway, Elmhurst",40.7417604,-73.88049219999999
CVS,"68-02 Myrtle Avenue, Glendale",40.7014092,-73.8844022
CVS,"97-15 Metropolitan Avenue, Forest Hills",40.7113503,-73.855019
CVS,"7960 Metropolitan Avenue, Middle Village",40.712829,-73.8719071
Walgreens,"8420 Broadway, Elmhurst",40.7394332,-73.87833599999999
CVS,"100-02 Queens Boulevard, Forest Hills",40.7265616,-73.8537602
Walgreens,"6036 Myrtle Avenue, Ridgewood",40.7004574,-73.8972908
Shell,"60-04 Metropolitan Avenue, Ridgewood",40.7127401,-73.9051836
7-Eleven,"60-31 Metropolitan Avenue, Ridgewood",40.7130678,-73.9039537
Riddhi & Siddhi Food Inc,"68-01 79th Street, Middle Village",40.7110571,-73.8731854
Stop & Go Convenience & Smoke Shop,"5547 69th Street, Maspeth",40.726414,-73.895171
7-Eleven,"79-37 Metropolitan Avenue, Middle Village",40.7135498,-73.87271679999999
Shell,"74-01 Grand Avenue, Queens",40.730294,-73.8878368
Shell,"9005 Myrtle Avenue, Glendale",40.70268359999999,-73.8548737
Sunoco Gas & Auto Repair,"100-20 Metropolitan Avenue, Forest Hills",40.71058439999999,-73.8525978
Rite Aid,"60-26 Woodside Avenue, Woodside",40.7446823,-73.903707
7-Eleven,"97-07 Queens Boulevard, Rego Park",40.72999919999999,-73.8607894
CVS,"329-339 Wyckoff Avenue, Ridgewood",40.6997611,-73.9111231
CVS,"69-80 Grand Avenue, Maspeth",40.7272002,-73.8927475
Pure Energy,"10 Malcolm X Boulevard, Brooklyn",40.6939179,-73.9314363
107 Ralph Ave Corporation,"107 Ralph Avenue, Brooklyn",40.6864703,-73.92327449999999
7-Eleven,"6507 Woodhaven Boulevard #1, Queens",40.71996209999999,-73.8645566
Sunoco Gas Station,"1884 Flushing Avenue, Ridgewood",40.7122213,-73.9185802
Citgo,"61-04 Fresh Pond Road, Middle Village",40.7143458,-73.9013514
Associated Supermarket of Ridgewood,"333 Seneca Avenue, Flushing",40.7076551,-73.91563579999999
Maspeth Mini Mart,"6928 Grand Avenue, Maspeth",40.7263442,-73.8943742
Duane Reade,"8432 Jamaica Avenue, Woodhaven",40.6922353,-73.8595122
D & P Convenience Store Inc,"8215 Eliot Avenue, Middle Village",40.7260625,-73.8772283
7-Eleven,"72-01 Eliot Avenue, Middle Village",40.7220313,-73.88639690000001
Forest convenience,"7220 Forest Avenue, Flushing",40.699542,-73.899071
Y Z 99¢,"815 Seneca Avenue A, Flushing",40.701337,-73.90478
Fairview News,"19-36 Putnam Avenue, Ridgewood",40.7042837,-73.9023047
Walgreens,"13250 Metropolitan Avenue, Richmond Hill",40.702613,-73.818595
CVS,"118-10 Queens Boulevard, Forest Hills",40.7146041,-73.8324877
Walgreens,"10425 Queens Boulevard, Forest Hills",40.723976,-73.8479787
Rite Aid,"158-02 Union Turnpike, Flushing",40.719858,-73.80825700000001
Walgreens,"7321 Kissena Boulevard, Flushing",40.7269396,-73.8111345
CVS,"85-29 126th Street, Kew Gardens",40.7035393,-73.8248141
161 21 Jamaica Avenue Holding,"16121 Jamaica Avenue, Jamaica",40.70449989999999,-73.7979864
7-Eleven,"69-58 Main Street, Flushing",40.72972039999999,-73.8236877
7-Eleven,"10740 Queens Boulevard, Queens",40.7214736,-73.84502119999999
CVS,"108-11 Queens Boulevard, Forest Hills",40.7214219,-73.842995
87th road mini market inc,"144-03 87th Road, Briarwood",40.7060231,-73.8119122
Shell,"320 South Little Tor Road, New York",40.70843699999999,-73.80418
7-Eleven,"81-64 Lefferts Boulevard, Kew Gardens",40.7080214,-73.8311776
Sunoco Gas Station,"138-98 Queens Boulevard, Jamaica",40.7064817,-73.8172156
7-Eleven,"103-01 Queens Boulevard, Forest Hills",40.7250857,-73.849786
Continental Smoke Shop,"107-36 71st Avenue, Forest Hills",40.7210408,-73.8440523
Austin Stop & Go Convenience & Smoke Shop,"7009 Austin Street, Forest Hills",40.721023,-73.8466183
Duane Reade,"9511 63rd Drive, Rego Park",40.72973169999999,-73.8628888
Nidhi Convenience,"9903 Queens Boulevard, Rego Park",40.7275032,-73.8542363
7-Eleven,"101-04 Metropolitan Avenue, Forest Hills",40.710246,-73.8516927
MINI MART,United States,40.7028516,-73.854879
Minimart,"9511 Jamaica Avenue, Jamaica",40.6944572,-73.84996629999999
CVS,"61-26 188th Street, Fresh Meadows",40.7396609,-73.78635670000001
Ron's Deli,"17024 Jamaica Avenue, Jamaica",40.7072714,-73.7888037
Walgreens,"10962 Francis Lewis Boulevard, Queens Village",40.7064453,-73.75119920000002
7-Eleven,"179-55 Hillside Avenue, Jamaica",40.71310149999999,-73.7828141
Shell,"187-41 Hillside Avenue, Jamaica",40.7152451,-73.7740148
Citgo,"184-17 Horace Harding Expressway, Fresh Meadows",40.7404361,-73.7897847
CVS,"178-02 Hillside Avenue, Jamaica",40.7120835,-73.7847732
CVS,"170-05 Linden Boulevard, Jamaica",40.69181280000001,-73.7797276
7-Eleven,"168-01 Union Turnpike, Flushing",40.7232041,-73.8000677
M & P Tobacco & Stationary,"20510 Hillside Avenue, Jamaica",40.720603,-73.759722
CVS,"206-09 Linden Boulevard, Cambria Heights",40.6965284,-73.7456728
Speedway,"14827 Liberty Avenue, Jamaica",40.6978095,-73.80288019999999
NY Minute,Queens,40.7037439,-73.7991953
Univision Travel Shop,Queens,40.7037439,-73.7991953
Shell,"9744 Sutphin Boulevard, Jamaica",40.69619,-73.80488
J & E Dynamic Store Inc.,"14714 Jamaica Avenue, Jamaica",40.701604,-73.8073127
Gourmet 1 Deli & Grill,"88-34 Parsons Boulevard, Jamaica",40.7058168,-73.8018611
Islander gourmet deli juice bar & grill,"14613 Archer Avenue, Jamaica",40.7006884,-73.80824419999999
Garha Wine and Liquors Inc,"107-18 Guy R Brewer Boulevard, Jamaica",40.697643,-73.7921762
Walkway Juice Bar,"10914 109th Avenue, Jamaica",40.69386739999999,-73.7934038
VR Deli,"16010 Hillside Avenue, Jamaica",40.7078889,-73.8014174
BRS 99C & UP VARIETY STORE INC,"160-15 Hillside Avenue, Jamaica",40.7082895,-73.8013576
Sutphin Crown Convenience Store Inc,"10914 Sutphin Boulevard, Jamaica",40.69137199999999,-73.798193
Nahars subs and shakes corp,"144-32 Liberty Avenue, Jamaica",40.6929534,-73.80789159999999
Mobil Mart,United States,40.7094349,-73.7974746
Walgreens,"14-15 Hempstead Turnpike, Elmont",40.706898,-73.69299699999999
7-Eleven,"22508 Jamaica Avenue, Floral Park",40.7221418,-73.7298249
Shell,"23850 Jamaica Avenue, Floral Park",40.7228377,-73.7282206
Speedway,"21928 Hillside Avenue, Queens Village",40.7297258,-73.7441626
Bolla Market,"535 Hempstead Turnpike, Elmont",40.7077976,-73.7084139
CVS,"251-21 Jamaica Avenue, Queens",40.7276444,-73.713621
Shell,"221 Hempstead Turnpike, Elmont",40.708065,-73.71857380000002
CVS,"219-39 89th Avenue, Queens Village",40.7294008,-73.74378639999999
7-Eleven,"254 Elmont Road, Elmont",40.6987692,-73.71445489999999
Elmont Convenience Store,"101 Hempstead Turnpike, Elmont",40.709231,-73.722894
Kiss Minimarket,"20511 Linden Boulevard, St. Albans",40.6959188,-73.7473964
Speedway,"11708 Springfield Boulevard, Cambria Heights",40.69606689999999,-73.74398719999999
"LA ESPERANZA DELI & GRILL, GROCERY","Linden Boulevard, St. Albans",40.6943707,-73.7530203
Stop 1 Money Market aka scammers,"20722 Hollis Avenue, Jamaica",40.70755640000001,-73.749444
Jay Convenience,"202-17 Hollis Avenue, St. Albans",40.7066099,-73.75507019999999
Dollar General,"11335 Springfield Boulevard, Queens Village",40.7031144,-73.7402891
Johnnys warehouse liquor and wine,"22122 Linden Boulevard, Cambria Heights",40.6945008,-73.7386695
Fufu Deli,"196-16 120th Avenue, St. Albans",40.6892712,-73.7528191
Sayless Fam I Got You LLC,"19019 Linden Boulevard Suite A1063, Jamaica",40.6924389,-73.7605095
Shahab smoke shop,"223-21 Linden Boulevard, Cambria Heights",40.6942037,-73.7367682
Linden Convenience,"18913 Linden Boulevard, Jamaica",40.6920307,-73.7618627
Saint Albans Convenience Inc,United States,40.6909697,-73.7624829
Shell,"20606 Jamaica Avenue, Queens Village",40.7136894,-73.75366029999999
La Melliza Minimarket,"19102 120th Avenue, Jamaica",40.6874212,-73.7581749
Linden Mini Mart Food Corp.,"228-03 Linden Boulevard, Cambria Heights",40.6930984,-73.7328994
Abreu Mini Market,"20219 Jamaica Avenue, Hollis",40.7138754,-73.756485
B&V Convenience Store Inc.,Queens Village,40.7153241,-73.74931269999999
Quick Stop Mini-Mart,"22702 112th Avenue, Jamaica",40.7051466,-73.7300896
Cibao Grocery Store,"186-02 122nd Avenue, Jamaica",40.6831066,-73.7598088
CHINCKS INC.,"188-22 Jamaica Avenue, Hollis",40.7111583,-73.76990669999999
Nickelby Mini Market,"177th Street, Jamaica",40.6862103,-73.76831340000001
JCW Import & Export Inc,"108-20 180th Street, Jamaica",40.7015383,-73.77619179999999
216 Exotic Corp,"216-13 Jamaica Avenue, Jamaica",40.717897,-73.73845
FritoLay Convenience Store,"8909 204th Street, Jamaica",40.7186739,-73.7596331
Elmont Deli & Grocery,"23701 Linden Boulevard, Elmont",40.69065809999999,-73.7251108
Jochy Convenience Stores Inc,"12609 Merrick Boulevard, Jamaica",40.681999,-73.765945
Five Star Food Mart,"13107 Merrick Boulevard, Jamaica",40.6798391,-73.76133600000001
E Smoke Shop & Convenience,"23790 Linden Boulevard, Elmont",40.6900389,-73.72407319999999
Walgreens,"652 Hempstead Turnpike, Franklin Square",40.7071604,-73.6641173
Walgreens,"8345 Langdale Street, New Hyde Park",40.7397452,-73.7000937
CVS,"310 Hillside Avenue, New Hyde Park",40.7404898,-73.6976347
Sunoco Gas Station,"355 Franklin Avenue, Franklin Square",40.69865519999999,-73.6818446
Shell,"1360 Hempstead Turnpike, Elmont",40.7081834,-73.6910941
7-Eleven,"287 Jericho Turnpike, Floral Park",40.730025,-73.6989887
Speedway,"435 Hempstead Turnpike, West Hempstead",40.7050157,-73.65551339999999
Shell,"1500 Jericho Turnpike, New Hyde Park",40.7334468,-73.6796938
Shell / Singh and Sons Auto Repair Inc.,"650 Hillside Avenue, New Hyde Park",40.7423832,-73.6946893
CVS,"621 Hempstead Turnpike, West Hempstead",40.7060137,-73.662882
7-Eleven,"136 Hempstead Turnpike, West Hempstead",40.70534860000001,-73.64325
7-Eleven,"254-02 Hillside Avenue, Queens",40.7359428,-73.7131343
CVS,"640 Franklin Avenue, Franklin Square",40.6910089,-73.6853493
Shree Sai Ram Inc,"1155 Hempstead Turnpike, Franklin Square",40.7080782,-73.6829976
7-Eleven,"1571 Hempstead Turnpike, Elmont",40.7069388,-73.6989541
7-Eleven,"850 Hempstead Turnpike, Franklin Square",40.70733190000001,-73.6713031
Meacham Convenience,"300a Meacham Avenue, Elmont",40.7008147,-73.6904918
Medusa Smoke & Cigar,"1578 Hempstead Turnpike, Elmont",40.7074031,-73.6988197
Bolla Market,"1360 Hempstead Turnpike, Elmont",40.70826899999999,-73.6912207
Turnpike Convenience And Grocery,Elmont,40.70806629999999,-73.6899237
GLOBAL GAS STATION AND PROPANE EXCHANGE,"530 Franklin Avenue, Franklin Square",40.6938144,-73.6835444
7 Eleven,"552 Franklin Avenue, Franklin Square",40.69329219999999,-73.6838726
Walgreens,"2095 Dutch Broadway, Elmont",40.6937293,-73.71733499999999
Speedway,"650 Elmont Road, Elmont",40.69380839999999,-73.7182459
Not Just A Newstand,"1155 Hempstead Turnpike, Franklin Square",40.7080782,-73.6829976
Bolla Market,"1111 Hempstead Turnpike, Franklin Square",40.7078121,-73.6812818
Cigar Shop,"197 Franklin Avenue, Franklin Square",40.7025658,-73.6786572
Sunoco,"245 Linden Boulevard, Elmont",40.6883559,-73.7192452
Belmont Deli and Grill,"139 Hempstead Turnpike, Elmont",40.70893489999999,-73.7219294
Bolla Market,"840 Elmont Road, Elmont",40.6898711,-73.7217086
Bolla Market,"101 Hempstead Turnpike, Elmont",40.7092349,-73.72289239999999
CVS,"216 Henry Street, Hempstead",40.7003664,-73.6145179
Walgreens,"1300 Franklin Avenue, Garden City",40.7350396,-73.63792409999999
Sunoco Gas Station,"665 Peninsula Boulevard, Hempstead",40.6960863,-73.6300699
Variedades Sarita,"155 Baldwin Road #6818, Hempstead",40.6968651,-73.61533109999999
CVS,"820 Franklin Avenue, Garden City",40.7269298,-73.6349943
Walgreens,"393 Front Street, Hempstead",40.7076999,-73.6194223
Shell,"88 Nassau Boulevard, Garden City Park",40.73705700000001,-73.6611337
Dutch Treats,Garden City,40.7190464,-73.6039835
Walgreens,"603 Uniondale Avenue, Uniondale",40.7001927,-73.5927102
7-Eleven,"276 Uniondale Avenue, Uniondale",40.7091284,-73.5926758
7-Eleven,"310 Hempstead Avenue, West Hempstead",40.7000857,-73.64902239999999
7-Eleven,"531 Fulton Avenue, Hempstead",40.7107439,-73.61367919999999
NR Convenient Mart,"177 Hempstead Avenue, West Hempstead",40.70217590000001,-73.6446528
162 Best Convenience Store,"162 Hempstead Turnpike, West Hempstead",40.705252,-73.6444458
Shell,"101 Hempstead Turnpike, West Hempstead",40.7045548,-73.64147679999999
Diamond Food Mart,"2 Hempstead Avenue, Hempstead",40.7042353,-73.6381281
DOGWOOD FARMS SMOKE & BEER,"370 Dogwood Avenue, Franklin Square",40.6976623,-73.66667319999999
Bolla Market,"820 Hempstead Avenue, West Hempstead",40.6875903,-73.6594385
Food Mart,"767 Peninsula Boulevard, Hempstead",40.69310699999999,-73.631517
Bolla Market,"797 Peninsula Boulevard, Hempstead",40.6924573,-73.63179769999999
Bolla Market,"380 West Peninsula Boulevard, Hempstead",40.7032401,-73.6264226
alhassen convenience store,"67 High Street, Hempstead",40.7058547,-73.627237
Jimena's Variety,"391 West Peninsula Boulevard, Hempstead",40.7024868,-73.6260619
TheGrand KRATOM Smokeshop,"34 Nassau Boulevard, Garden City",40.7165149,-73.6611861
Hempstead convenience Store,"134 North Franklin Street, Hempstead",40.7104579,-73.6279599
GG Exotics LLC,"954 Hempstead Turnpike, Franklin Square",40.707519,-73.6752782
Galilee Mini-Mart,"235 South Franklin Street, Hempstead",40.6980728,-73.6229224
Amart & Wireless,"57 Main Street, Hempstead",40.7081119,-73.6246742
One Stop Convenience,"73 Main Street, Hempstead",40.708923,-73.625114
Village convenience,"63 West Columbia Street, Hempstead",40.71177910000001,-73.62569189999999
New York Hempstead,"403 South Franklin Street, Hempstead",40.6932091,-73.6220489
Cross Island News-Convenience,"68 West Columbia Street, Hempstead",40.7115359,-73.6246925
Rada Minimart,"1017 Woodfield Road, West Hempstead",40.67663569999999,-73.6526305
Woodfield Minimart,"1017 Woodfield Road, West Hempstead",40.67663569999999,-73.6526305
Quick Stop Convenience & Grocery,"352 Fulton Avenue, Hempstead",40.708999,-73.62128009999999
Walgreens,"703 Newbridge Road, North Bellmore",40.70531889999999,-73.54405489999999
7-Eleven,"1555 Jerusalem Avenue, Merrick",40.69194169999999,-73.5640828
bp,"1198 Front Street, Uniondale",40.709982,-73.5868003
Sunoco Gas Station,"1220 Fulton Ave, Uniondale",40.71867140000001,-73.59018689999999
Shell,"1880 Front Street, East Meadow",40.7196052,-73.56417429999999
Bolla Market,"791 Stewart Avenue, Garden City",40.7337207,-73.6049141
7-Eleven,"391 East Meadow Avenue, East Meadow",40.7145701,-73.5594818
Speedway,"525 Merrick Avenue, Westbury",40.7372991,-73.5835184
7-Eleven,"2259 Jerusalem Avenue, Bellmore",40.6909072,-73.54853109999999
Rite Aid,"2260 Jerusalem Avenue, North Bellmore",40.69046609999999,-73.5474198
CVS,"2034 North Jerusalem Road, North Bellmore",40.7012351,-73.55123979999999
7-Eleven,"331 Merrick Avenue, East Meadow",40.7140727,-73.57273239999999
7-Eleven,"644 Jerusalem Avenue, Uniondale",40.700318,-73.5936851
Uniondale Smoke shop + Exotic + hookah + cigar,"688 Jerusalem Avenue, Uniondale",40.6999674,-73.5917553
Satkar Mini Mart Inc,"567 Greenwich Street, Hempstead",40.6954402,-73.60583369999999
Di Shop,"959 Front Street, Uniondale",40.7095797,-73.59517050000001
E & M Grocery Inc,"870 Nassau Road, Uniondale",40.6897218,-73.5977885
Ok Mart,"178 Henry Street, Hempstead",40.7019616,-73.61532249999999
Baldwin Road Deli,"193 Baldwin Road, Hempstead",40.6958884,-73.6149746
Victor Deli & Grocery Inc.,"148 Henry Street, Hempstead",40.70273349999999,-73.6159873
7-Eleven,"1 Jerusalem Avenue, Hempstead",40.7010423,-73.616918
Toro Grocery,"618 Fulton Avenue, Hempstead",40.7113653,-73.6099552
Sunoco Gas Station,"711 Fulton Avenue, Hempstead",40.7128199,-73.6078643
Quick Stop Food Market,"528 Nassau Road, Roosevelt",40.685766,-73.593036
Sunoco,"465 Nassau Road, Roosevelt",40.684524,-73.5930348
Sunoco Gas Station,"465 Nassau Road, Roosevelt",40.6845034,-73.5929783
US Mini Mart,"465 Nassau Road, Roosevelt",40.6844053,-73.59303849999999
Bolla Market,"465 Nassau Road, Roosevelt",40.68429690000001,-73.592942
Bolla Market,"1220 Hempstead Turnpike, Uniondale",40.7186655,-73.5902054
Hope Beauty Supply,"316 Nassau Road, Roosevelt",40.680132,-73.5892961
Bolla Market,"1220 Grand Avenue, Baldwin",40.6806438,-73.615309
Walgreens,"508 Main Street, East Orange",40.7662375,-74.2160583
Walgreens,"240 Central Avenue, City of Orange",40.7651808,-74.23306869999999
CVS,"451-461 Bloomfield Avenue, Newark",40.7713615,-74.1831706
Dollar General,"397 Springdale Avenue, East Orange",40.772642,-74.2067103
Walgreens,"561579 Irvington Avenue, Newark",40.7350352,-74.2490011
Sunoco,"264 Park Avenue, Newark",40.7587186,-74.1867709
CVS,"20 South Valley Road, West Orange",40.7662726,-74.2503498
Anais Mini Market,"120 Rhode Island Avenue, East Orange",40.7517904,-74.2199375
Millennium,"108 Bloomfield Avenue, Newark",40.75695049999999,-74.1743289
Convenient Store,"81 Cutler Street, Newark",40.75412059999999,-74.17510650000001
7-Eleven,"93 Hawthorne Avenue, East Orange",40.75294199999999,-74.20958739999999
CVS,"317 Central Avenue, East Orange",40.754622,-74.2149397
7-Eleven,"247 Freeway Drive East, East Orange",40.75970909999999,-74.2109437
WALGREENS,"77-105 Bloomfield Avenue, Bloomfield",40.7777715,-74.1879128
"HHP MANAGEMENT, INC.","786 Sanford Avenue, Newark",40.7358819,-74.23705799999999
Plaza Market and Subs,"25 Clifton Avenue # 1 Basement (CL Floor, 25 Clifton Avenue # 1, Newark",40.75060200000001,-74.17942000000001
Quick Stop,"323 Main Street, City of Orange",40.7728305,-74.2305196
Shell,"268 Heller Parkway, Newark",40.7786952,-74.1768894
Shell,"528 Main Street, City of Orange",40.7753308,-74.2371485
Sunoco,"10 Sussex Avenue, East Orange",40.7546018,-74.19874089999999
7-Eleven,"516 Valley Road, West Orange",40.7705869,-74.2443207
Stop One Grocery Store,"445 Central Avenue, East Orange",40.7576864,-74.219349
Sunoco,"1400 McCarter Highway, Newark",40.7567849,-74.1663037
(U.N.S) University News Stop convenience store,"310 Irvington Avenue, South Orange Village",40.7403989,-74.253114
Krauszer's Food Store,"18 South Valley Road, West Orange",40.7664025,-74.25030869999999
Towers Food Market,"500 North Walnut Street, East Orange",40.777987,-74.19926000000001
New Way Quick Stop,"140 Franklin Street, Bloomfield",40.7869335,-74.18727539999999
Manny Mini Market,"309 Kearny Avenue, Kearny",40.76157369999999,-74.1504957
Walgreens,"465 Kearny Avenue, Kearny",40.7668079,-74.14731069999999
QuickChek,"238 Kearny Avenue, Kearny",40.7590759,-74.1515539
Sunoco,"72 Bloomfield Avenue, Bloomfield",40.77659910000001,-74.1878308
The Gyro Platter 1,"250 Central Avenue, East Orange",40.75376440000001,-74.2127423
Central Avenue Mini Mart,"210 Central Avenue, City of Orange",40.765462,-74.2317437
CVS,"220 Schuyler Avenue, Kearny",40.75604999999999,-74.1440281
Ashley Supermarke,"195 1st Street A, Newark",40.7524003,-74.1843837
1 Stop Supermarket,"50 Main Street, City of Orange",40.76839,-74.2219784
7-Eleven,"122 Bloomfield Avenue, Bloomfield",40.7780917,-74.1891051
Silver Lake Pit Stop,"190 Franklin Street, Belleville",40.7832605,-74.1826499
7-Eleven,"752 Irvington Avenue, Maplewood",40.7312433,-74.2447325
CVS,"250 Glenwood Avenue, Bloomfield",40.7913923,-74.2005873
E-Z Market,"155 University Avenue #1901, Newark",40.74244160000001,-74.1736807
Wawa,"200 Harrison Avenue, Kearny",40.7489011,-74.136578
DG Market,"11 River Road, North Arlington",40.7868518,-74.1461084
Walgreens,"175 Washington Avenue, Belleville",40.7870787,-74.15334
7-Eleven,"897 Schuyler Avenue, Kearny",40.7775581,-74.1309371
QuickChek,"190 Cortlandt Street, Belleville",40.7874637,-74.15019110000001
7-Eleven,"11-35 River Road, North Arlington",40.7868963,-74.146095
CVS,"440 Belleville Turnpike, North Arlington",40.7776215,-74.1297778
Gromart Food & Convenience Store.,"250 Mill Street #2, Belleville",40.784719,-74.1604545
Quick Trip,"100 Schuyler Avenue, Kearny",40.75196270000001,-74.14517699999999
La Economic Mini Market,"213 Frank E Rodgers Boulevard North, Harrison",40.7485045,-74.156575
John's Liquors Deli & Groceries,"83 Devon Street, Kearny",40.7548971,-74.1539403
Family Convenience & Liquors,"180 Kearny Avenue, Kearny",40.7574918,-74.1531421
Walgreens,"248 Kearny Avenue, Kearny",40.75965780000001,-74.1512003
TROPICANA SMOKE SHOP & CONVENIENCE STORE,"345 Kearny Avenue, Kearny",40.762893,-74.149727
True Convenience,"1254 McCarter Highway, Newark",40.7510755,-74.16695659999999
LUKOIL Mini-Mart,"1086 McCarter Highway, Newark",40.74535149999999,-74.1667282
Rt 21 Mart,United States,40.7579018,-74.1662159
Its lit smoke shop,"1427 McCarter Highway, Newark",40.7575574,-74.1670814
Tiger Mart,"1425 McCarter Highway, Newark",40.7578036,-74.1669383
Spirits of Kearny,"426 Kearny Avenue, Kearny",40.765446,-74.147578
Family Fresh Market,"75 Broadway, Newark",40.7527964,-74.1704975
"Lava Smoke Shop 5( CBD, GLASS, HOOKAH, SHISHA, ECIG)","502 Kearny Avenue, Kearny",40.76791600000001,-74.1463607
Park Place News,"60 Park Place, Newark",40.738464,-74.169303
Chestnut Market,"432 Broadway, Newark",40.7656296,-74.16512759999999
7 Heaven Mart,"162 University Avenue, Newark",40.742038,-74.1734029
Halsey News,"2 Prudential Drive, Newark",40.7393061,-74.1716424
Alexander Hamilton Service Area,"New Jersey Turnpike, Secaucus",40.7697538,-74.0652286
Sunoco Gas Station,"Milepost 111.6, New Jersey Turnpike, Secaucus",40.769504,-74.0651053
Walgreens,"1212 Summit Avenue, Jersey City",40.756286,-74.0440505
7-Eleven,"565 Tonnelle Avenue, Jersey City",40.750362,-74.0600986
Sarah's Grocery & Deli,"3692 John F. Kennedy Boulevard, Jersey City",40.75638989999999,-74.04632200000002
The Market at Xchange,"6000 Riverside Station Boulevard, Secaucus",40.7642065,-74.0840214
Grab and Go Jersey City,"403 Tonnelle Avenue, Jersey City",40.7439727,-74.0630769
Fuel 4 Food Mart,United States,40.7439886,-74.06301429999999
1 Stop Smoke Shop JC,"1fl left, 828 Newark Avenue, Jersey City",40.7359006,-74.0662025
Sip N Smoke Shop Jersey City,"196 Sip Avenue, Jersey City",40.7316812,-74.0686668
CVS,"714 Summit Avenue, Union City",40.7584859,-74.04309710000001
Jersey City Convenience Store & Deli,"196 Sip Avenue, Jersey City",40.7316491,-74.06860879999999
Number one Mini mart,"726 West Side Avenue, Jersey City",40.72522189999999,-74.0775118
C&M Mini Market,"2808 John F. Kennedy Boulevard, Jersey City",40.7316923,-74.0670342
Health Smart Pharmacy,"2709 John F. Kennedy Boulevard, Jersey City",40.72894120000001,-74.0699963
Divya Convenience Inc,"2720 John F. Kennedy Boulevard, Jersey City",40.7290818,-74.069369
City News Corporation,"2988 John F. Kennedy Boulevard # A, Jersey City",40.7352138,-74.0628133
Grub & Co,"Milepost, 111.6 New Jersey Turnpike, Secaucus",40.76962289999999,-74.0650823
FREEDOM NEWS PATH PLAZA JSQ,"1 Path Plaza, Jersey City",40.73186549999999,-74.0621409
Cloud Depot Convenience Smoke Shop -Jersey City-,"591 Summit Avenue, Jersey City",40.73463799999999,-74.0594383
Freedom convenience smoke shop,"64 Sip Avenue, Jersey City",40.7306854,-74.06222489999999
Andre's Quick Stop Deli,"3477 John F. Kennedy Boulevard, Jersey City",40.7508704,-74.0543617
Travel smoke shop,"588 Summit Avenue, Jersey City",40.7343058,-74.0592049
Good Point Mini Market & Deli,"662 Bergen Avenue, Jersey City",40.722674,-74.07097499999999
Angel Mini Food Mart,"3511 John F. Kennedy Boulevard, Jersey City",40.7519023,-74.0536477
One Hope Mini Market,"246 Griffith Street, Jersey City",40.747672,-74.053192
Smoke Studio Vape & Convenience,"396 Summit Avenue, Jersey City",40.729088,-74.0620261
Luchi’s Mini Mart,"370 Summit Avenue, Jersey City",40.72818040000001,-74.06286899999999
7-Eleven,"41 Central Avenue, Jersey City",40.73581009999999,-74.0566303
Yam smoke shop,"687 Montgomery Street, Jersey City",40.7244245,-74.0665339
Best Wishes Card & Gifts,"1200 Harbor Boulevard, Weehawken Township",40.7601119,-74.023091
CVS,"101 Plaza Center, Secaucus",40.7917259,-74.0569089
CVS,"811 Clinton Street, Hoboken",40.7473713,-74.03249389999999
Walgreens,"3508 John F. Kennedy Boulevard, Union City",40.7751753,-74.0300444
Dollar General,"2010 John F. Kennedy Boulevard, Union City",40.7682351,-74.040607
CVS,"500 West 42nd Street, New York",40.7596002,-73.995927
Boxed Market (Formerly MaxDelivery),"318 West 39th Street, New York",40.75562479999999,-73.9924147
7-Eleven,"535 8th Avenue, New York",40.75397869999999,-73.99264540000001
Duane Reade,"333 7th Avenue, New York",40.7472366,-73.9929702
Sunoco,"249 New Jersey 3, Secaucus",40.79215019999999,-74.05606
CVS,"4700 Bergenline Avenue, Union City",40.7811677,-74.0217165
Fiji In & Out Food Store,"2913 Bergenline Avenue, Union City",40.7711395,-74.0300575
Speedway,"1401 Willow Avenue, Hoboken",40.754074,-74.0292132
Quick Mart Food Store,"2229 John F. Kennedy Boulevard, North Bergen",40.7697021,-74.0392913
Speedway,"612 JFK Boulevard East, Weehawken Township",40.768724,-74.02092499999999
7-Eleven,"3900 Bergenline Avenue, Union City",40.7758068,-74.026128
CVS,"210 14th Street, Hoboken",40.7538717,-74.028268
Duane Reade,"777 6th Avenue FRNT 2, New York",40.7451912,-73.9914616
7-Eleven,"4912 Bergenline Avenue, West New York",40.7825055,-74.0209828
Speedway,"400 New Jersey 3, Secaucus",40.78973209999999,-74.0510996
Hoboken Mini Mart,"532 Washington Street # A, Hoboken",40.7432797,-74.0293114
CVS,"475 6th Avenue, New York",40.73602750000001,-73.9980654
CVS,"5 Pennsylvania Plaza, New York",40.7522968,-73.99409229999999
Ottomanelli's Liquor Store,"422 Monroe Street, Hoboken",40.7437827,-74.0389415
Ally's Smokes And Magazines Inc,"158 West 30th Street, New York",40.748228,-73.992272
Gro Mart,"135 Front Street, Secaucus",40.7904139,-74.05841500000001
Walgreens,"3333 Park Avenue, Union City",40.77031700000001,-74.0242054
CVS,"630 Lexington Avenue, New York",40.75853869999999,-73.97111480000001
Duane Reade,"49 East 52nd Street, New York",40.7590847,-73.9740727
Sunrise Mart 日系スーパー,"12 East 41st Street, New York",40.752353,-73.9807056
Duane Reade,"2069 Broadway, New York",40.7784488,-73.9822511
Duane Reade,"866 3rd Avenue, New York",40.7576022,-73.9697027
Hudson News,"89 East 42nd Street, New York",40.75264000000001,-73.9767822
CVS,"1 Columbus Place, New York",40.7689114,-73.9854246
Value Drugs,"30 Rockefeller Plaza Concourse Level, New York",40.75922699999999,-73.979807
7-Eleven,"171 Madison Avenue, New York",40.7472033,-73.9831256
CVS,"1396 2nd Avenue, New York",40.7690179,-73.9579526
CVS,"200 West End Avenue, New York",40.77796120000001,-73.9854593
Duane Reade,"485 Lexington Avenue, New York",40.7544113,-73.9736193
B 2 B Bulk Hotel Supply,"1560 Broadway #809, New York",40.7586796,-73.9846232
Duane Reade,"100 West 57th Street, New York",40.76424319999999,-73.9776195
Duane Reade,"900 8th Avenue, New York",40.7642512,-73.9844203
Midlantic Convenience,"40 West 39th Street # 1, New York",40.7523033,-73.98425879999999
CVS,"1569 1st Avenue, New York",40.774251,-73.951711
Duane Reade,"4 Columbus Circle, New York",40.7673674,-73.9826504
Metro Lobby Inc,"1585 Broadway, New York",40.7597137,-73.9853445
Stop NCO,United States,40.7527239,-73.97340799999999
7-Eleven,"1453 3rd Avenue, New York",40.776298,-73.95548099999999
Shell,"1855 1st Avenue, New York",40.7830687,-73.9451863
Rite Aid,"50-15 Roosevelt Avenue, Woodside",40.7441723,-73.91431779999999
CVS,"41-08 Queens Boulevard, Sunnyside",40.743252,-73.92313419999999
Walgreens,"43-02 Ditmars Boulevard, Astoria",40.77094,-73.903717
CVS,"1294 Lexington Avenue, New York",40.78051200000001,-73.9552235
Duane Reade,"2858 Steinway Street, Astoria",40.7642791,-73.9151146
Duane Reade,"401 East 86th Street, New York",40.7769566,-73.9490685
Rite Aid,"21-25 Broadway, Long Island City",40.76481560000001,-73.93049549999999
Duane Reade,"3506 Broadway, Astoria",40.760217,-73.92200729999999
CVS,"1622 3rd Avenue, New York",40.78226579999999,-73.95182539999999
7-Eleven,"1594 York Avenue, New York",40.7746027,-73.94771539999999
CVS,"31-01 Ditmars Boulevard, Astoria",40.776013,-73.91020499999999
CVS,"222 East 34th Street, New York",40.7449717,-73.9770424
CVS,"89-11 Northern Boulevard, Jackson Heights",40.7565939,-73.8783375
Duane Reade,"7301 37th Avenue, Jackson Heights",40.7491254,-73.89243499999999
Rite Aid,"3700-06 Junction Boulevard, Flushing",40.751384,-73.8709829
7-Eleven,"79-01 Northern Boulevard, Jackson Heights",40.75546679999999,-73.8880266
Gas Go Petroleum Inc,"5035 Northern Boulevard, Long Island City",40.7532416,-73.9111179
Apna Bazaar Cash & Carry,"7220 37th Road, Jackson Heights",40.7486346,-73.8930779
DII Deals & Discounts,"3611 Broadway, Long Island City",40.759964,-73.9208069
Jak's Corner,"73 37th Road #2, Jackson Heights",40.74869169999999,-73.8925637
7-Eleven,"50-92 Northern Boulevard, Long Island City",40.7526152,-73.9108969
Duane Reade,"3766 82nd Street, Jackson Heights",40.7478743,-73.88410739999999
Rite Aid,"85-10 Northern Boulevard, Jackson Heights",40.7557657,-73.8821267
Key Food Supermarkets,"86-02 Northern Boulevard, Jackson Heights",40.7558564,-73.8812971
Sunoco Gas Station,"49-05 Astoria Boulevard South, East Elmhurst",40.7678431,-73.9011119
7-Eleven,"42-02 Queens Boulevard, Sunnyside",40.74315529999999,-73.9218369
Rite Aid,"33-01 30th Avenue, Astoria",40.7662131,-73.9193174
Shell,"25 Bowery Bay Boulevard, Queens",40.7694935,-73.8862592
7-Eleven,37 Laguardia Airport,40.7696293,-73.8864368
Shell,"3417 Northern Boulevard, Astoria",40.75223010000001,-73.9294805
Speedway,"9711 Northern Boulevard, Corona",40.75729339999999,-73.8707051
7-Eleven,"22-29 31st Street, Astoria",40.77535290000001,-73.911312
Shell,"3802 21st Street, Astoria",40.757386,-73.939516
Vapeblvd-NextDoor Mini Mart /convenience store/Cold Beer/Smoke Shop/Candy Shop/,"34-43 Vernon Boulevard, Astoria",40.7643417,-73.9408333
Shell,"92-10 Astoria Boulevard, East Elmhurst",40.7630637,-73.8769358
CVS,"30-97 Steinway Street, Astoria",40.76136189999999,-73.916647
CVS,"7209 Northern Boulevard, Jackson Heights",40.7549039,-73.8943747
Shell,"4320 Astoria Boulevard South, Astoria",40.76813569999999,-73.9074675
Walgreens,"9312 Astoria Boulevard, East Elmhurst",40.7628164,-73.87597559999999
Walgreens,"10314 Roosevelt Avenue, Corona",40.749481,-73.8622903
Duane Reade,"6002 Roosevelt Avenue, Woodside",40.7453741,-73.9043621
El Gallito Deli Grocery,"3220 34th Avenue, Long Island City",40.7589312,-73.9259412
Apex News & Grocery,"9552 Roosevelt Avenue #8012, Jackson Heights",40.7491758,-73.86822699999999
Moonlight Deli Grocery Inc,"33-22 21st Street, Astoria",40.7644731,-73.93298
Broadway Stop N Go,"5311 Broadway, Woodside",40.7535901,-73.9072401
CVS,"1-50 50th Avenue, Long Island City",40.7434811,-73.9586453
Duane Reade,"13602 Roosevelt Avenue, Flushing",40.7594983,-73.82980289999999
Shell,"14154 Northern Boulevard, Flushing",40.76433300000001,-73.8236
Silver Point car care center,"130-11 20th Avenue, College Point",40.7820286,-73.83805869999999
7-Eleven,"162-05 46th Avenue, Flushing",40.7540702,-73.80450239999999
H Mart Northern 156,"156-40 Northern Boulevard, Flushing",40.7631143,-73.8090713
7 & 7 Deli & Supermarket,"4038 162nd Street A, Flushing",40.761549,-73.804103
Walgreens,"1401 College Point Boulevard, College Point",40.7853101,-73.84566029999999
Flushing Food Market Inc,"16002 46th Avenue, Flushing",40.7537289,-73.80657169999999
Shell,"157-30 Willets Point Boulevard, Whitestone",40.7788033,-73.80502589999999
7-Eleven,"146-26 Northern Boulevard, Flushing",40.76490529999999,-73.8196281
Star Mini Mart,"14716 Northern Boulevard, Flushing",40.7650346,-73.8185609
7-Eleven,"22-50 College Point Boulevard, College Point",40.77877239999999,-73.8464707
7-Eleven,"99-49 Horace Harding Expressway, Corona",40.7366852,-73.8572373
7-Eleven,"127-02 14th Avenue, College Point",40.7850095,-73.84084539999999
Walgreens,"14928 14th Avenue, Whitestone",40.7883501,-73.81501820000001
Key Food Supermarkets Whitestone,"153-55 Cross Island Parkway, Whitestone",40.7883333,-73.8097222
Shell,"20001 47th Avenue, Bayside",40.753639,-73.780469
Sunoco,"1746 Clintonville Street, Whitestone",40.782771,-73.80836
Walgreens,"61 29 Springfield Boulevard, Oakland Gardens",40.7483244,-73.7559043
CVS,"212-20 Northern Boulevard, Bayside",40.759744,-73.769882
CVS,"2021 Francis Lewis Boulevard, Whitestone",40.7798804,-73.8017989
Duane Reade,"2428 Bell Boulevard, Bayside",40.7789896,-73.7759702
7-Eleven,"58-20 Francis Lewis Boulevard, Fresh Meadows",40.7449577,-73.7769995
7-Eleven,"202-15 Northern Boulevard, Bayside",40.75790199999999,-73.7805813
7-Eleven,"4100 Bell Boulevard, Bayside",40.76347690000001,-73.7712356
E Smoke Shop,"16220 Northern Boulevard, Flushing",40.7613943,-73.8032027
TDC Development Corporation,"13332 41st Road, Flushing",40.7568362,-73.8301723
Food Market and Grill,"163-10 Pidgeon Meadow Road, Flushing",40.7503525,-73.8032387
171 Deli & Convenience,"171-75 46th Avenue, Flushing",40.75351939999999,-73.79358719999999
Big Apple Convenience,"188-08 Northern Boulevard, Flushing",40.7575861,-73.7925183
Aan Merchants Corporation,"15618 45th Avenue, Flushing",40.7565669,-73.809387
BP,"166-15 Horace Harding Expressway, Flushing",40.7387518,-73.80220609999999
Sunoco,"61-19 Fresh Meadow Lane, Flushing",40.737695,-73.7957237
Bolla Market,"6119 Fresh Meadow Lane, Flushing",40.7376375,-73.7955386
团购法拉盛,"42-33 155th Street, Flushing",40.7603465,-73.81031469999999
164th Street Trading Inc.,"65-08 164th Street, Fresh Meadows",40.73650130000001,-73.8049827
T & C Convenience,"189-7 Crocheron Avenue, Flushing",40.76330590000001,-73.7927763
A Snack Shop,"34-67 Francis Lewis Boulevard, Flushing",40.76464850000001,-73.7880918
Fresh Meadows Market Stop & Go,"6831 Fresh Meadow Lane, Fresh Meadows",40.73289339999999,-73.7942832
Northern One Stop Convenience,"15209 Northern Boulevard, Flushing",40.76517369999999,-73.8125113
Skyview deli and groceries,"3261 Francis Lewis Boulevard, Flushing",40.76771949999999,-73.790573
Ji Li Grocery Inc,"43-29 Main Street, Flushing",40.7518228,-73.8260983
GN Convenience Store,"207-14 Northern Boulevard, Bayside",40.7584442,-73.7758533
Corner 4295 Inc,"4295 Main Street, Flushing",40.75284,-73.826796
Walgreens,"6962 188th Street, Fresh Meadows",40.73348780000001,-73.7839594
E -SMOKE & CIGAR CONVENIENCE STORE,"70-49 Parsons Boulevard, Flushing",40.73094,-73.81003600000001
CHI Convenience Store,"59-08 Main Street #1B, Flushing",40.74363080000001,-73.82593349999999
QUICKSTOP MAIN ST,"6008 Main Street, Flushing",40.7429533,-73.8257095
Rite Aid,"255-01 Union Turnpike, Glen Oaks",40.7459909,-73.7156493
CVS,"1 Gussack Plaza, Great Neck",40.7880536,-73.7299355
7-Eleven,"253-02 Union Turnpike, Glen Oaks",40.74395859999999,-73.7171236
CVS,"242-24 Northern Boulevard, Douglaston",40.7651115,-73.743205
Shell,"260-01 Horace Harding Expressway, Little Neck",40.765921,-73.7244755
BP Great Neck Cuttermill Rd,"133 Cuttermill Road, Great Neck",40.78064029999999,-73.7331541
Rite Aid,"50 Great Neck Road, Great Neck",40.7858696,-73.7276961
Duane Reade,"24946 Horace Harding Expressway, Douglaston",40.7609648,-73.7302275
7-Eleven,"246-15 Northern Boulevard, Douglaston",40.76641709999999,-73.7406034
Red Arrow,"61-23 Springfield Boulevard, Oakland Gardens",40.7484873,-73.75609349999999
Oakland Smoke Shop,"215-09 73rd Avenue, Oakland Gardens",40.7407508,-73.758969
Sanat Cards & Convenience,"7310 Bell Boulevard, Oakland Gardens",40.7403848,-73.75843429999999
CVS,"Windsor Park, 215-08 73RD AVE, S/C, Bayside",40.7403126,-73.75884599999999
Bayside Smoke & Vape Shop,"224-25 Union Turnpike, Oakland Gardens",40.7362887,-73.74583080000001
ampm,"218-01 Northern Boulevard, Bayside",40.7614022,-73.7637232
quiclstop,"45-61 Bell Boulevard, Flushing",40.758565,-73.76809399999999
Douglaston grab and go,"4429 Douglaston Parkway, Little Neck",40.76580819999999,-73.7445104
New ABC Convenience Store,"20802 48th Avenue #1102, Bayside",40.75416999999999,-73.7725882
Rite Aid,"43-20 Bell Boulevard, Bayside",40.76085760000001,-73.7698432
Bayside Convenience,"40-13 Bell Boulevard, Flushing",40.76390229999999,-73.7708786
Yaya Convenience Store,"8997 217th Street, Queens Village",40.72524660000001,-73.7445127
Bolla Market,"260-01 Horace Harding Expressway, Little Neck",40.7661726,-73.7244012
Bell Convenience Shop,"35-12 Bell Boulevard, Bayside",40.768501,-73.773864
Walgreens,"25501 Union Turnpike, Glen Oaks",40.74588749999999,-73.7156581
The Corner Convenience Store,"23611 Braddock Avenue, Jamaica",40.72748680000001,-73.7309083
24hr Mini Mart,United States,40.7302922,-73.77784
Greatneck Smoke factory,"136-09 Northern Boulevard, Great Neck",40.77531889999999,-73.7304422
Shell,"220 Northern Boulevard, Great Neck",40.7764439,-73.7283499
Amhp convenience & E smoke,"24602 Jericho Turnpike, Floral Park",40.724768,-73.7224184
HAQUE-E-Convenience store,"185-28 Union Turnpike, Fresh Meadows",40.7285035,-73.7826771
CVS,"2030 Hillside Avenue, New Hyde Park",40.7508666,-73.6755642
7-Eleven,"1599 Hillside Avenue, New Hyde Park",40.748269,-73.6858524
Mineola Auto Service Center,"196 Mineola Boulevard, Mineola",40.74534010000001,-73.6418587
CVS,"254 Hillside Avenue, Williston Park",40.7550309,-73.6495333
7-Eleven,"159 Atlantic Avenue, Garden City Park",40.7361268,-73.6614996
7-Eleven,"25050 Jericho Turnpike, Bellerose",40.7264853,-73.7142503
Smoke and Lotto,"2028 Lakeville Road, New Hyde Park",40.75202369999999,-73.70047799999999
Grab & Go Market Place,"272-10 Union Turnpike, Queens",40.7520788,-73.70147159999999
BeneCare Pharmacy,"749 Hillside Avenue, New Hyde Park",40.7430901,-73.6947349
Cumberland Farms,"2201 New Hyde Park Road, New Hyde Park",40.7553068,-73.688261
Food Mart,"North 2nd Street, New Hyde Park",40.7313984,-73.6923348
DA Good Life Market,"401 Jericho Turnpike, New Hyde Park",40.7317636,-73.6901536
Hillside Smoke & Beer (Lottery),"2090 Hillside Avenue, New Hyde Park",40.7511089,-73.6736446
Bolla Market,"2200 Hillside Avenue, New Hyde Park",40.7512286,-73.6729126
MIKE CONVENIENCE,"804 Jericho Turnpike, New Hyde Park",40.7319886,-73.6868665
The Cut Convenience,"1006 Jericho Turnpike, New Hyde Park",40.7324527,-73.6850791
Ultra Mini Mart,"1501 Jericho Turnpike, New Hyde Park",40.7340437,-73.6797781
FOOD MART,United States,40.7283818,-73.7062219
Tulip cigars,"130A Tulip Avenue, Floral Park",40.7245291,-73.70445500000001
Walgreens,"2282 Jericho Turnpike, Garden City Park",40.74035889999999,-73.66386849999999
GRAB & GO,"3369 Hillside Avenue, New Hyde Park",40.75352189999999,-73.6583984
7-Eleven,"160 Covert Avenue, Stewart Manor",40.7183952,-73.6886485
Bolla Market,"595 Northern Boulevard, Great Neck",40.7820253,-73.71748769999999
On the Run,"595 Northern Boulevard, Great Neck",40.7820475,-73.7174465
Bolla Market,"449 Jericho Turnpike, Mineola",40.7447985,-73.6531825
Millwood Market,"1111 Northern Boulevard, Manhasset",40.789966,-73.7042606
7-Eleven,"207 Jericho Turnpike, Mineola",40.7478588,-73.6440296
CVS,"373 Willis Avenue, Roslyn Heights",40.7801032,-73.650466
CVS,"17 East Jericho Turnpike, Mineola",40.75091269999999,-73.6342246
Walgreens,"15 Old Country Road, Westbury",40.7477386,-73.59231050000001
7-Eleven,"400 East Jericho Turnpike, Mineola",40.7563065,-73.62260479999999
7-Eleven,"285 Old Country Road, Carle Place",40.7444532,-73.60918869999999
Shell,"145 Roslyn Road, Roslyn Heights",40.789477,-73.640895
Shell,"220 Mineola Avenue, Roslyn Heights",40.78561759999999,-73.6486199
Sunoco Gas Station,"993 Willis Avenue, Albertson",40.7711561,-73.6490178
Manto Gasoline Inc,"2 Jericho Turnpike, Mineola",40.7515385,-73.6349185
Carle Place Automotive,"300 Westbury Avenue, Carle Place",40.7494822,-73.61117519999999
Quik Mart,"137 Hillside Avenue, Williston Park",40.7561487,-73.6447549
Grab & Go Convenience Store,"211 2nd Street, Mineola",40.7413156,-73.64066
Sunoco,"2 Jericho Turnpike, Mineola",40.7515501,-73.6349232
Propane LP Gas at Sunoco Station,"2 Jericho Turnpike, Mineola",40.7515569,-73.6349163
Mineola Mini Mart,"79 Mineola Boulevard, Mineola",40.7410519,-73.64032929999999
Jericho Grocery / Conoco / AuraVape / Quik Mart,"2 Jericho Turnpike, Mineola",40.7516062,-73.6347883
Smokeez Cigar & Convenience store,"96 Main Street, Mineola",40.7418222,-73.6386261
Walgreens,"12 East Jericho Turnpike, Mineola",40.7520185,-73.6336836
Williston Park Dairy,"675 Willis Avenue, Williston Park",40.7632675,-73.64693869999999
Stop 24 Grocery,"124 East Jericho Turnpike, Mineola",40.7529292,-73.6304913
CVS,"421 Glen Cove Road, Roslyn Heights",40.78505190000001,-73.6230212
Bolla Market,"3 Jericho Turnpike, Old Westbury",40.75740889999999,-73.6203908
7-Eleven,"241 Glen Cove Road, Carle Place",40.74999940000001,-73.6176725
Global Newsstands,"630 Old Country Rd Roosevelt Field Mall Space k1250, Garden City",40.739412,-73.613051
Metro mart,"630 Old Country Road, Garden City",40.7380069,-73.6135601
361 Convenience & Smoke shop,"361 Clinton Street, Hempstead",40.716678,-73.6209516
7-Eleven,"3 Railroad Avenue, Roslyn",40.7931392,-73.6439169
Rite Aid,"210 Post Avenue, Westbury",40.7565752,-73.5873753
7-Eleven,"760 Old Country Road, Westbury",40.7513149,-73.5688912
Shell,"515 Old Country Road, Westbury",40.749783,-73.5793891
CVS,"610 OLD COUNTRY RD SALISBURY PLAZA, Westbury",40.74971590000001,-73.5732592
Shell,"865 Carman Avenue, Westbury",40.7479973,-73.552664
Speedway,"60 Jericho Turnpike, Jericho",40.7791775,-73.56285629999999
Azteca Deli Grocery,"151 Post Avenue, Westbury",40.7540694,-73.5879482
7-Eleven,"635 Powells Lane, Westbury",40.7708373,-73.5771394
Westbury Gas Services,"79 Old Country Road, Westbury",40.7476647,-73.58825940000001
Bolla Market,"79 Old Country Road, Westbury",40.7476194,-73.5882134
Charmy Creations Inc - Super Convenience Store,"129 Post Avenue, Westbury",40.75319859999999,-73.5881914
SUPER CONVENIENCE,"129 Post Avenue, Westbury",40.7532991,-73.5882227
Quik Mart,"Maple Avenue, Westbury",40.7564471,-73.5813569
Bolla Market,"515 Old Country Road, Westbury",40.7498474,-73.5794299
Busy Bee Convenience Store,"549 Old Country Road, Westbury",40.7501204,-73.57766529999999
Aawa Convenience & Candy Store,"817 Prospect Avenue, Westbury",40.7622485,-73.57026379999999
Speedway,"880 Old Country Road, Westbury",40.75273929999999,-73.5653213
Juniors Hero Shop,"559 Main Street, Westbury",40.7567356,-73.56509679999999
Speedway,"800 Jericho Turnpike, Westbury",40.7715095,-73.5761165
7-Eleven,"333 Oak Street, Uniondale",40.72213449999999,-73.6072654
Gaby Market and Convenience,"891 Prospect Avenue, Westbury",40.7625582,-73.56624099999999
Old Country Food Mart,"962 Old Country Road, Westbury",40.75357399999999,-73.562279
Westbury Mini Mart,"994 Prospect Avenue, Westbury",40.762775,-73.560356
Rt. 24 Deli & Convenience Store,"1820 Hempstead Turnpike, East Meadow",40.7236474,-73.5692019
BP,"1878 Hempstead Turnpike, East Meadow",40.7238201,-73.5669545
Bolla Market,"864 Carman Avenue, Westbury",40.7481604,-73.55207899999999
Walgreens,"17 Belleville Avenue, Bloomfield",40.7975916,-74.1793361
CVS,"49 Claremont Avenue, Montclair",40.8130073,-74.2073822
Shell,"115 Bloomfield Avenue, Montclair",40.8076575,-74.2100127
Walgreens,"342 Claremont Avenue, Verona",40.83079229999999,-74.2430469
Walgreens,"345 Franklin Avenue, Belleville",40.8020234,-74.1705968
CVS,"213-217 Harrison Street, Nutley",40.8120208,-74.1670664
QuickChek,"146 Valley Road #1, Montclair",40.8230937,-74.2197297
7-Eleven,"630 Bloomfield Avenue, Bloomfield",40.7951061,-74.19943359999999
CVS,"331 Broad Street, Bloomfield",40.80509929999999,-74.1933981
Shell,"211 Watchung Avenue, Bloomfield",40.828845,-74.1794084
Walgreens,"597 Washington Avenue, Belleville",40.80043629999999,-74.14731259999999
CVS,"265 Prospect Avenue, West Orange",40.80273289999999,-74.2487944
QuickChek,"357 Broad Street #357, Bloomfield",40.8054467,-74.1925725
7-Eleven,"287 Bloomfield Avenue, Verona",40.8272462,-74.2377575
D G's Place,"133 Grove Street, Montclair",40.8160478,-74.206706
7-Eleven,"15 Bloomfield Avenue, Montclair",40.8061562,-74.2084569
CVS,"217 Main Street, West Orange",40.78472379999999,-74.23233069999999
Bloomfield Smokes and convenience,"556 Bloomfield Avenue, Bloomfield",40.7926227,-74.1974505
Quick Mart,"250 Glenwood Avenue #3, Bloomfield",40.791645,-74.2003707
Mission Mini Mart,"2 Mission Street, Montclair",40.8073746,-74.2107675
7-Eleven,"544 Broad Street, Bloomfield",40.8122531,-74.19447579999999
Bengal Convenience & Deli,"423 Main Street, West Orange",40.7925497,-74.2329946
Krauszer's Food Store,"357 Franklin Avenue, Belleville",40.80246760000001,-74.170351
E&W Food Market #2,"330 Dodd Street, East Orange",40.78181659999999,-74.2158148
Krauszer's Food Store,"300 Broad Street, Bloomfield",40.8040147,-74.1949819
7-Eleven,"38 Passaic Avenue, Nutley",40.8087251,-74.1581806
Convenience store,"143 Grove Street, Bloomfield",40.77770580000001,-74.1899469
Dollar General,"600 Bloomfield Avenue, Bloomfield",40.79415109999999,-74.1984683
Quick & fresh,"491 Bloomfield Avenue, Bloomfield",40.7909276,-74.19574349999999
Friendly News & Food,"128 Montgomery Street Apartment 1, Bloomfield",40.79279469999999,-74.1856897
Krauszer's Food Store,"73 Belleville Avenue, Bloomfield",40.79769049999999,-74.1825858
Amrah Mini Market Deli & Grill,"310 Orange Road, Montclair",40.7978357,-74.21926239999999
RJ mini market beli and a girl and smoke shop,"310 Orange Road, Montclair",40.7978357,-74.21926239999999
Hari Mini Store,"620 Thomas Boulevard, East Orange",40.7877808,-74.2176755
Nancy's Place,"53 North Fullerton Avenue, Montclair",40.8164276,-74.21529509999999
Belleville News & Food Store,"111 Newark Avenue, Belleville",40.7855691,-74.1807089
Krauszer's Food Store,"9 Harrison Avenue, West Orange",40.7954634,-74.2288318
Krauszer's Food Store,"117 Bloomfield Avenue, Bloomfield",40.7794084,-74.18777539999999
Riverside Liquors,"601 Riverside Avenue, Lyndhurst",40.80950619999999,-74.137374
Walgreens,"475 Ridge Road, North Arlington",40.795289,-74.1287443
Shell,"2 Ridge Road, Lyndhurst",40.8156671,-74.11318969999999
CVS,"515 Allwood Road, Clifton",40.8421597,-74.15933749999999
Corner Store,"123 Valley Brook Avenue, Lyndhurst",40.8160506,-74.1311863
7-Eleven,"448 Ridge Road, North Arlington",40.7947658,-74.1284233
Road Runner,"740 Ridge Road #740, Lyndhurst",40.7993366,-74.124782
Mendez Auto Services,"2 Ridge Road, Lyndhurst",40.815631,-74.1131769
7-Eleven,"203 Darling Avenue, Nutley",40.8369583,-74.1626926
CVS,"585 Ridge Road, North Arlington",40.7974426,-74.1273576
7-Eleven,"750 Rutherford Avenue, Lyndhurst",40.8135708,-74.1094976
Delta Gas,"852 Riverside Avenue, Lyndhurst",40.80282799999999,-74.133884
CONVENIENCE-STORE,"473 Main Street, Belleville",40.7957835,-74.1426237
Belleville Tobacco & Smoke Shop,"386 Main Street, Belleville",40.7921152,-74.1451958
Sunoco Food Mart,"429 River Road, North Arlington",40.79938909999999,-74.1368437
Racemart,"150 Washington Avenue, Nutley",40.8109211,-74.14501609999999
Kaival Mini Store,"168 Washington Avenue, Nutley",40.8113692,-74.14481909999999
7-Eleven,"216 Belleville Avenue, Belleville",40.7874844,-74.1587128
Pantry 1 Deli & Grill,"304 Belleville Avenue, Belleville",40.7890478,-74.1620258
SAI Convenience Store,"20 Franklin Avenue, Nutley",40.8090175,-74.1661816
Lucky 7 Food Mart,"397 Centre Street, Nutley",40.8149946,-74.1629961
Nutley Newstand,"251 Franklin Avenue, Nutley",40.81652620000001,-74.1617347
JB Liquors & Convenience,"46-48 Ridge Road, North Arlington",40.7832414,-74.1371281
De Jesus Deli & Market,"900 Broadway, Newark",40.7804507,-74.1556064
Wawa,"11 Franklin Avenue, Belleville",40.78889889999999,-74.1736452
The Speedy Mart Food Store,"123 Valley Brook Avenue, Lyndhurst",40.8160397,-74.1312401
New Famosa Mini Market,"821 Summer Avenue, Newark",40.7800131,-74.1604892
Krauszer's Deli Food Stores,"787 Kearny Avenue, Kearny",40.779109,-74.141131
Quick Mart Food & Deli,"314 Belleville Turnpike, Kearny",40.7797148,-74.1349808
Walgreens,"441 Valley Brook Avenue, Lyndhurst",40.8115642,-74.1231724
Walgreens,"637 Hoboken Road, Carlstadt",40.8408636,-74.1005194
CVS,"572 Paterson Avenue, East Rutherford",40.8424559,-74.1057383
Java Square,"6 Station Square, Rutherford",40.8280718,-74.1012441
Exxon-Quick & Fresh,"185 New Jersey 17, East Rutherford",40.8284791,-74.0939199
Shell,"300 New Jersey 3, Secaucus",40.7957318,-74.0619979
7-Eleven,"110 Jackson Avenue, Rutherford",40.8378098,-74.1168574
Quick Chek,"720 Washington Avenue, Carlstadt",40.8288187,-74.0554588
Sunoco,"224 W Park Pl &, East Park Place, Rutherford",40.8253257,-74.1103948
Marra’s Drugstore Pharmacy,"1285 Paterson Plank Road, Secaucus",40.7898983,-74.0577579
Moiz Mart,"294 Ridge Road, Lyndhurst",40.8086925,-74.1183676
Krauszer's Food - Deli & Liquor,"40 Meadowlands Parkway, Secaucus",40.793679,-74.06972400000001
FIJI MART,"218 Stuyvesant Avenue, Lyndhurst",40.8158422,-74.1248887
MySpot Vape & Smoke Shop,"10 Meadowlands Parkway Suite G, Secaucus",40.79838659999999,-74.06510550000002
Walgreens,"208 Park Avenue, Rutherford",40.82559089999999,-74.1099565
Walgreens,"1 American Dream Way, East Rutherford",40.8094502,-74.06692679999999
Global Newstand,"American Dream Way, Carlstadt",40.81075889999999,-74.0672063
Forest Dairy Deli & Liquor,"10 Spring Dell, Rutherford",40.8269444,-74.1038889
7-Eleven,"111 Union Avenue, East Rutherford",40.8275794,-74.09752189999999
Shell Food Mart,"7th Street, Secaucus",40.79593089999999,-74.0623971
Secaucus News LLC,"1504 Paterson Plank Road, Secaucus",40.7977953,-74.0582618
Adpp Enterprises Inc,"300 Washington Avenue, Carlstadt",40.818434,-74.0659383
Valero Food Mart,"300 Washington Avenue, Carlstadt",40.8184207,-74.0658471
Pantry 1 Food Mart,"151 Paterson Avenue, East Rutherford",40.8328874,-74.0937515
Aplus,"249 New Jersey 3, Secaucus",40.7921502,-74.0560813
Chestnut Market,"209 State Road 3 E Local, Secaucus",40.7905611,-74.05393699999999
Mama & Papa(Eastclusive LLC),"360 Paterson Avenue, East Rutherford",40.8374994,-74.099847
Three Star Convenience Store,"310 Union Avenue, Rutherford",40.8363898,-74.11326
CVS,"9015 Bergenline Avenue, North Bergen",40.8091566,-74.0022805
Walgreens,"9255 JFK Boulevard East, North Bergen",40.8101125,-74.00193209999999
Delta Food Mart,"9101 John F. Kennedy Boulevard, North Bergen",40.8108577,-74.0051891
Pizza & Grill at Pantry Market,"7000 JFK Boulevard East # M-22, Guttenberg",40.790561,-74.00079099999999
Quick Chek,"7201 Bergenline Avenue, North Bergen",40.79766489999999,-74.0101488
Sunrise Convenience Store,"6905 Bergenline Avenue, Guttenberg",40.7958609,-74.01126119999999
7-Eleven,"9100 Tonnelle Avenue, North Bergen",40.8135822,-74.00995209999999
Stop N Save,"6812 Bergenline Avenue # 8, Guttenberg",40.7951069,-74.0114755
7-Eleven,"6215 Park Avenue, West New York",40.7883326,-74.0071747
QuickChek,"9005 Bergenline Avenue, North Bergen",40.8089219,-74.00245199999999
Atlas Drug & Nutrition,"8416 John F. Kennedy Boulevard, North Bergen",40.8069867,-74.00890079999999
CVS,"215 Bergen Boulevard, Fairview",40.8191783,-74.00237729999999
CVS,"5300 BERGENLINE AVE COVIELLO PLAZA, West New York",40.7846198,-74.0189496
QuickChek,"5100 John F. Kennedy Boulevard W, West New York",40.7842362,-74.0224384
QuickChek,"175 Broad Avenue, Fairview",40.8200907,-74.00823369999999
Union City News,"3202 Bergenline Avenue, Union City",40.77219059999999,-74.0290669
Walgreens,"6012 John F. Kennedy Boulevard, West New York",40.7919893,-74.02099729999999
Quick Stop,"6403 John F. Kennedy Boulevard, North Bergen",40.7948519,-74.01777779999999
Heaven Liquors,"3700 Park Avenue, Weehawken Township",40.7721874,-74.02161199999999
Jerez Mini Market,"6100 Broadway, West New York",40.787835,-74.0097938
Quick Shop,"6002 Park Avenue, West New York",40.78563279999999,-74.009012
Garden State News,"4024 Bergenline Avenue, Union City",40.7768422,-74.0254585
7-Eleven,"6004 Bergenline Avenue, West New York",40.7889195,-74.01594279999999
Harmony Suites Secaucus Meadowlands,"455 Plaza Drive, Secaucus",40.78854499999999,-74.04313970000001
Shell,"1810 Tonnelle Avenue, North Bergen",40.7680048,-74.0451503
Boulevard East Liquor & Deli,"6315 JFK Boulevard East, West New York",40.78771200000001,-74.00391479999999
Quick mart,"1614 51st Street, North Bergen",40.78749610000001,-74.0299319
Wawa,"7408 Tonnelle Avenue, North Bergen",40.8034028,-74.0192254
Rafi Corporation,"2659 Broadway, New York",40.7980285,-73.9696479
Rivermart Deli,"880 River Road #5, Edgewater",40.8254356,-73.97498949999999
CVS,"743 Amsterdam Avenue, New York",40.7941719,-73.9699172
Duane Reade,"568 West 125th Street, New York",40.81504930000001,-73.9581163
CVS,"2495 Broadway, New York",40.7942494,-73.969985
CVS,"540 Amsterdam Avenue, New York",40.7880102,-73.9751288
Duane Reade,"2864 Broadway, New York",40.80488880000001,-73.96577599999999
CVS,"115 West 125th Street, New York",40.80830449999999,-73.9456757
Duane Reade,"3387 Broadway, New York",40.8217697,-73.95422719999999
Food Universe Marketplace,"538 West 138th Street, New York",40.8219286,-73.9531796
Duane Reade,"300 West 135th Street, New York",40.8162675,-73.9469656
Minit Mart Convenience & Liquor Store,"237 Palisade Avenue, Cliffside Park",40.8127649,-73.9926332
Garden State Wine & Liquor,"461 Palisade Avenue, Cliffside Park",40.8202611,-73.9888043
CVS,"2182 Broadway, New York",40.78250060000001,-73.980446
Duane Reade,"2683 Broadway # 7, New York",40.798818,-73.9690778
7-Eleven,"801 Amsterdam Avenue, New York",40.7964539,-73.9683902
7-Eleven,"645 Palisade Avenue, Cliffside Park",40.8247827,-73.9843684
Freshy's Deli & Grocery,"941 Columbus Avenue, New York",40.7993212,-73.9625507
CVS,"800 10th Avenue, New York",40.7669437,-73.98982529999999
Duane Reade,"380 Amsterdam Avenue, New York",40.78292380000001,-73.9788356
Shell,"3260 Broadway, New York",40.8175894,-73.95652989999999
Mobil,"Parking lot, 150-54 West 145th Street, New York",40.8208748,-73.93824959999999
CVS,"282 East 149th Street, The Bronx",40.81692029999999,-73.9222502
CVS,"130 Lenox Avenue, New York",40.80228099999999,-73.94914399999999
7-Eleven,"2256 2nd Avenue, New York",40.7967296,-73.93761239999999
Shell,"1599 Lexington Avenue, New York",40.78929400000001,-73.9478855
Shell,"2276 1st Avenue, New York",40.7968084,-73.9345599
CVS,"1500 Lexington Avenue, New York",40.7863446,-73.9509447
Shell,"119 Bruckner Boulevard, The Bronx",40.8046339,-73.9217194
7-Eleven,"1683 1st Avenue, New York",40.77782519999999,-73.94902499999999
Shell,"232 West 145th Street, New York",40.82203440000001,-73.9405088
Duane Reade,"1091 Lexington Avenue, New York",40.7733452,-73.9597866
East Side Grocery,"1422 2nd Avenue, New York",40.7702007,-73.95709269999999
Dollar General,"528 Jackson Avenue, The Bronx",40.81262199999999,-73.9091033
bp,"800 Saint Nicholas Avenue, New York",40.8276707,-73.94238709999999
Walgreens,"244 East 161st Street, The Bronx",40.82548070000001,-73.9187823
Rite Aid,"950-960 Southern Boulevard, The Bronx",40.8219551,-73.8915036
Walgreens,"32 East 170th Street, The Bronx",40.83971,-73.916967
Dollar General,"900 Southern Boulevard, The Bronx",40.8194053,-73.8926706
Dollar General,"1041 Prospect Avenue, The Bronx",40.82509580000001,-73.9000776
Dollar General,"1312 Southern Boulevard, The Bronx",40.8310511,-73.8911088
CVS,"50-56 East 167th Street, The Bronx",40.8352691,-73.9207891
Shell,"1929 Bruckner Boulevard, The Bronx",40.82665739999999,-73.8583553
Shell,"1500 Bruckner Boulevard, The Bronx",40.8233089,-73.8786111
Dollar General,"1412 Jerome Avenue, The Bronx",40.8407884,-73.91685919999999
CVS,"1688 Westchester Avenue, The Bronx",40.8301912,-73.87108020000001
Sunoco Gas Station,"1724 Webster Avenue, The Bronx",40.8439894,-73.90281089999999
Duane Reade,"1490 Madison Avenue, New York",40.7912785,-73.9514798
Americo Food Mart,"1264 Randall Avenue, The Bronx",40.8118372,-73.8870436
630 Deli Grocery Corp,"630 Walton Avenue, The Bronx",40.8211318,-73.9273268
bp,"481 East 163rd Street, The Bronx",40.8247752,-73.9100239
1 Stop To Shop Co Inc,"1870 Lexington Avenue, New York",40.7983928,-73.942105
Grand Stop Grocery,"713 East 138th Street, The Bronx",40.80511569999999,-73.91307549999999
De La Cruz Deli & Grocery,"694 East 141st Street, The Bronx",40.8071124,-73.9125447
Hunts Point Market,"1119 Leggett Avenue, The Bronx",40.812268,-73.8957252
Shirleyn Mini Market Corp.,"808 East 149th Street, The Bronx",40.8124832,-73.9062032
Josmar Minimarket,"775 East 149th Street, The Bronx",40.81302299999999,-73.907333
Chicky's Mini Market,"332 Saint Ann's Avenue, The Bronx",40.80885200000001,-73.91599219999999
Tinton Convenience,"790 East 152nd Street, The Bronx",40.81545980000001,-73.9057748
Happy Market,The Bronx,40.8155132,-73.9060733
A To Z Heaven Market,The Bronx,40.8155132,-73.9060733
Express Candy Grocery,"797 Southern Boulevard, The Bronx",40.816339,-73.8966839
Walgreens,"1371 Metropolitan Avenue, The Bronx",40.8351309,-73.8613637
CVS,"3775 East Tremont Avenue, The Bronx",40.8255689,-73.8205401
Walgreens,"55 Westchester Square, The Bronx",40.8416818,-73.8432682
Sunoco Gas Station,"1141 Castle Hill Avenue, The Bronx",40.83091520000001,-73.8510513
7-Eleven,"3508 East Tremont Avenue, The Bronx",40.831038,-73.8269732
Speedway,"3355 East Tremont Avenue, The Bronx",40.8349289,-73.8291905
7-Eleven,"149-52 14th Avenue, Whitestone",40.7884032,-73.8141298
ETM Food Mart Inc,"1885 Westchester Avenue, The Bronx",40.8331214,-73.8632303
bp,"1730 Cross Bronx Expressway, The Bronx",40.8355,-73.870369
Nilkanth Convenience Inc,"8-15 College Point Boulevard, College Point",40.78963639999999,-73.8454359
Buraq Market,"444 Soundview Avenue, The Bronx",40.81464990000001,-73.858745
Sunoco,"444 Soundview Avenue, The Bronx",40.8146527,-73.85875410000001
Dollar General,"13217 14th Avenue, College Point",40.787267,-73.8361055
Ai Mart College Point,"132-19 14th Avenue, College Point",40.7873236,-73.8358593
Ortiz Mini Market Corp,"2190 Lacombe Avenue, The Bronx",40.81667300000001,-73.84799439999999
1802 College Point Grocery Inc,"1802 College Point Boulevard, College Point",40.7831068,-73.8459719
Bebe Mini Markets,"122-14 18th Avenue, College Point",40.783117,-73.8452834
Planet Zaza,"18-11 College Point Boulevard, College Point",40.78284319999999,-73.8457573
C P Food centre corp,"20-02 College Point Boulevard, Flushing",40.781568,-73.84611699999999
NYC Convenience Shop,"20-01 College Point Boulevard, College Point",40.7815746,-73.8457543
J & G Mini Market,"558 Commonwealth Avenue, The Bronx",40.8166234,-73.8645222
SANTIAGO CONVENIENCE STORE,"668 Castle Hill Avenue, The Bronx",40.82075369999999,-73.848029
J & D Food Market,"460 Quincy Avenue, The Bronx",40.8213562,-73.8214967
Xpress Mart,"745 White Plains Road, The Bronx",40.8214957,-73.858391
ZA Convenience,"1744 Lafayette Avenue, The Bronx",40.82077810000001,-73.866222
Solara Wellness.,"839 Hutchinson River Parkway, The Bronx",40.8234713,-73.8373518
Walgreens,"925 Soundview Avenue, The Bronx",40.8230998,-73.86864539999999
Pascual Food Corp,"1020 Olmstead Avenue, The Bronx",40.82781809999999,-73.8528872
Mirtha Food Corporation.,"1020 Olmstead Avenue, The Bronx",40.8278598,-73.8530406
Whitestone Mobil Mart,"1504 149th Street, Whitestone",40.78694369999999,-73.81645040000001
Christos Stationery,"1259 150th Street, Whitestone",40.7891003,-73.8136817
District Market,"Terminal B, East Elmhurst",40.77341349999999,-73.8689533
Bronx Trading Co,"1375 Seabury Avenue, The Bronx",40.83740899999999,-73.8429139
Adhams,"1139 Olmstead Avenue, The Bronx",40.8303902,-73.85399629999999
BuzzFeed,"LaGuardia Airport/Terminal C, Queens",40.7710087,-73.8636334
Mobil Mart,"1661 Watson Avenue, The Bronx",40.8272511,-73.8717423
White Plains 2 Convenience,"1206 White Plains Road, The Bronx",40.8307278,-73.8614687
CVS,"153-01 10th Avenue, Whitestone",40.7946098,-73.8080185
7-Eleven,"208-22 Cross Island Parkway, Bayside",40.7884426,-73.7851168
Freedom Smoke Shop,"11-09 154th Street, Beechhurst",40.7920156,-73.807091
A-Z Grocery Store,"17-4 Utopia Parkway, Whitestone",40.7824527,-73.7946023
Bushwick & Furnam C-Store Inc,"1746 Clintonville Street, Flushing",40.782639,-73.8083162
Walgreens,"19 23 Utopia Parkway, Whitestone",40.7799547,-73.7935215
Atlantis Fresh Market - #7 (Now Delivering!),"4147 Throgs Neck Expressway, The Bronx",40.8199724,-73.809929
The Gallery,"25-77 Francis Lewis Boulevard, Flushing",40.7733477,-73.79587649999999
One best deli & more,"3807 East Tremont Avenue, The Bronx",40.82493729999999,-73.8201426
Tremont Corner Store Corp.,"3742 East Tremont Avenue, The Bronx",40.8262519,-73.821991
Walgreens,"3590 East Tremont Avenue, The Bronx",40.8293139,-73.8253488
Sandwich King Deli & Grocery,"146-25 Northern Boulevard, Flushing",40.7654146,-73.8198128
SMOKE & SUPER DELI,"144-10 Northern Boulevard, Flushing",40.76447629999999,-73.8229303
Great Neck Convenience Inc,"105 Steamboat Road, Great Neck",40.808236,-73.7458272
Snack shop,"40-2 Bowne Street, Flushing",40.7607017,-73.8245927
7-Eleven,"788 Middle Neck Road, Great Neck",40.80838920000001,-73.73597149999999
CVS,"510 Middle Neck Road, Great Neck",40.8002981,-73.7346384
Twiggs Convenience & Smoke Inc,"639 Middle Neck Road, Great Neck",40.803901,-73.735385
super convenience,"665 Middle Neck Road, Great Neck",40.80458600000001,-73.73492499999999
Great Neck Grab & Go,"170 Middle Neck Road, Great Neck",40.79251569999999,-73.7329144
Aac Convenience Store,"Aac Convenience Store Llc, 27 North Station Plaza, Great Neck",40.7876005,-73.7265008
Exotic Smoke Shop,"8 South Station Plaza, Great Neck Plaza",40.78698919999999,-73.7259952
Station Convenience Inc,"10 South Station Plaza, Great Neck",40.7869844,-73.72599269999999
Sinclair Gas Station,"540 Plandome Road, Manhasset",40.7995853,-73.70050189999999
E SMOKE & CIGAR,"1209 Northern Boulevard, Manhasset",40.7916009,-73.7010926
Walgreens,"392410 Plandome Road, Manhasset",40.7981516,-73.69951329999999
Shri Hari USA NY Lottery Retailer,"124 plandome road REAR (OR ) SIDE ENTRANCE, Manhasset",40.7944577,-73.6982834
Shell,"601 Port Washington Boulevard, Port Washington",40.8248203,-73.6823161
Shell,"80 Shore Road, Port Washington",40.8389742,-73.70344399999999
Shell,"99 Shore Road, Port Washington",40.840716,-73.7051424
Rite Aid,"961 Port Washington Boulevard, Port Washington",40.829693,-73.68343899999999
Smokeez Smoke Shop & Convenience 2,"710 Port Washington Boulevard, Port Washington",40.8264857,-73.6832484
Bread & Butter Grocery Inc,"705 Port Washington Boulevard, Port Washington",40.8263854,-73.6828376
Port Convenience,"705 Port Washington Boulevard, Port Washington",40.8263754,-73.6827789
Lazo Bro's Convenience Store & Courier,"93 Main Street, Port Washington",40.83058949999999,-73.6893982
Tony's Grab 'N Go,"26 Main Street, Port Washington",40.83063899999999,-73.6855889
Franklin Express Llc,"20 Bryant Avenue, Roslyn",40.803853,-73.6464694
Walgreens,"14 Soundview Market Place, Port Washington",40.842363,-73.70507669999999
7-Eleven,"115 Jericho Turnpike, Jericho",40.7800688,-73.5589498
CVS,"711 Glen Cove Road, Glen Head",40.8372761,-73.6155028
Walgreens,"835 Van Houten Avenue, Clifton",40.86185199999999,-74.1561404
Rite Aid,"1366 Clifton Avenue, Clifton",40.8536199,-74.1735949
Outtakes Market Express,"1 Quad Road, Montclair",40.86339570000001,-74.1974748
Walgreens,"228 Browertown Road, Little Falls Township",40.88260880000001,-74.2087012
CVS,"1041 Pompton Avenue, Cedar Grove",40.8679129,-74.2343941
Walgreens,"550 Allwood Road, Clifton",40.8438707,-74.1596004
QuickChek,"40 Market Street, Clifton",40.84589200000001,-74.16010399999999
QuickChek,"69 East Main Street, Little Falls Township",40.8789017,-74.2219722
QuickChek,"381 Valley Road, Clifton",40.88561799999999,-74.1778167
7-Eleven,"849 Clifton Avenue, Clifton",40.8659699,-74.158582
Bottleneck Liquors,"120 Market Street, Clifton",40.8459315,-74.16331699999999
Sunoco Gas Station,"195 Pompton Avenue, Verona",40.831397,-74.2278371
CVS,"565 Valley Road, Upper Montclair",40.8394669,-74.2074313
Amsterdam convenience & smoke shop,"1170 Broad Street, Clifton",40.85648,-74.17756349999999
Grub & Co,"Mp 153, 1, Bloomfield",40.8395424,-74.1790536
Sunoco,"MP152.9 south, Garden State Parkway, Bloomfield",40.83582,-74.1805005
Dave's Variety Convenience Store,"1350 Clifton Avenue, Clifton",40.8537361,-74.1729907
CVS,"387 Pompton Avenue, Cedar Grove",40.8467874,-74.2284463
Krauszer's Food Store,"599 Pompton Avenue, Cedar Grove",40.8535051,-74.2289602
Tiger Mart,"355 U.S. 46, Little Falls Township",40.872142,-74.19428309999999
Chestnut Market,"1040 U.S. 46, Clifton",40.87137000000001,-74.1800518
Dom's Super Service,"211 Watchung Avenue, Bloomfield",40.828886,-74.1793818
Delta Gas,"202 Pompton Avenue, Verona",40.83189479999999,-74.2281058
Krauzer's Food Stores,"163 East Main Street, Little Falls Township",40.8769412,-74.21696010000001
Sunoco Gas Station,"870 New Jersey 3, Clifton",40.8386255,-74.156536
Valley Spa,"61 East Main Street, Little Falls Township",40.87908789999999,-74.2222305
Chestnut Market,"101 Bloomfield Avenue, Verona",40.8251016,-74.23170689999999
ShopMart Convinience Store,"786 Bloomfield Avenue, Clifton",40.8483374,-74.1537401
Henry's Fine Foods,"318 Bloomfield Avenue, Verona",40.82787179999999,-74.2382081
Six Eleven Food Mart,"722 Van Houten Avenue, Clifton",40.86006089999999,-74.1513483
M & M Quick Stop,"291 Bloomfield Avenue # B, Nutley",40.8183993,-74.1692537
Village Stationery,"385 Valley Road, Clifton",40.8855509,-74.1779282
Krauszer's Food Store,"24 Grove Avenue, Verona",40.8338745,-74.24840619999999
7-Eleven,"356 Rifle Camp Road, Woodland Park",40.8913921,-74.18790179999999
VERONA AUTO SERVICE & TRANSMISSION CENTER,"655 Bloomfield Avenue, Verona",40.8326117,-74.24849290000002
Dollar General,"564 Van Houten Avenue, Clifton",40.8569,-74.1456
7 Eleven,"541 Van Houten Avenue, Clifton",40.8563654,-74.1454679
BP,"1284 McBride Avenue, Woodland Park",40.88995790000001,-74.2172992
SA Mini Market,"1051 McBride Avenue, Woodland Park",40.89330959999999,-74.2080129
Freddie's Corner,"295 Mount Pleasant Avenue, Woodland Park",40.8937737,-74.19968159999999
Krauser's Food Store,"150 7th Street, Clifton",40.8780563,-74.1554718
7-Eleven,"218 Newark Pompton Turnpike, Little Falls Township",40.88088769999999,-74.2421896
Walgreens,"101 President Street, Passaic",40.8731733,-74.12197429999999
Dollar General,"449 Lakeview Avenue, Clifton",40.8903685,-74.1389061
Walgreens,"1138 Main Avenue, Clifton",40.8751516,-74.1387513
CVS,"394 Broadway, Passaic",40.853176,-74.1404103
Sunoco,"179 Main Street, Passaic",40.845123,-74.12843029999999
Speedy Mart,"80-86 Broadway, Passaic",40.8595364,-74.12939639999999
Sunoco Gas Station,"1260 Main Avenue, Clifton",40.8788496,-74.1429939
Wawa,"7 Jewell Street, Garfield",40.88120000000001,-74.11907
7-Eleven,"85 Outwater Lane, Garfield",40.8815555,-74.1150529
CVS,"1646 Main Avenue, Clifton",40.8893334,-74.1534215
Delta Gas,"25 Passaic Avenue, Passaic",40.8591622,-74.1260693
Welsh Farms & blimpie america's sub shop,"1330 Main Avenue, Clifton",40.8807781,-74.1447075
Village News,"397 Piaget Avenue, Clifton",40.8790007,-74.1519113
QuickChek,"195 Main Avenue, Passaic",40.84580649999999,-74.12828019999999
7-Eleven,"1202 Main Avenue, Clifton",40.8772707,-74.1411081
La Mia Meats Market,"322 Madison Street, Passaic",40.86225659999999,-74.1326078
CVS,"635 Lexington Avenue, Clifton",40.8827469,-74.13424719999999
Baroody Imports Inc,"1500 Main Avenue, Clifton",40.88565029999999,-74.1497396
Quick Stop Deli and Liquor,"261 Clifton Avenue # 3, Clifton",40.8752482,-74.1361592
S & B Mini Market Deli,"390 Broadway, Passaic",40.8535852,-74.1396774
A & G Minimarket,"503 Gregory Avenue, Passaic",40.8641488,-74.1390112
Walgreens,"116 Broadway #130, Passaic",40.8591626,-74.1309737
El Bodegon supermarket,"119 Broadway, Passaic",40.8588639,-74.1299444
Adventure Kitty Shop,"76 Broadway, Passaic",40.8596543,-74.12916369999999
Cp,"210 Main Avenue, Clifton",40.83364960000001,-74.13866519999999
Memas Little Deli,"394 Highland Avenue, Clifton",40.8684605,-74.1431422
Ranivenca Food Discount,"359 Monroe Street, Passaic",40.8636099,-74.1301199
R & R Mini Market,"71 Gregory Avenue, Passaic",40.85532189999999,-74.1234952
7-Eleven,"11-13 Central Avenue, Passaic",40.8633106,-74.1278184
7-Eleven,"16A Main Street, Clifton",40.82876830000001,-74.1443365
Dollar General,"36 Central Avenue, Passaic",40.86473,-74.12817799999999
Jeffrey Minimarket,"890 Main Avenue, Passaic",40.8678255,-74.13242509999999
$mart $aving(s) (99¢ & Up),"931 Main Avenue, Passaic",40.8689962,-74.13386969999999
Walgreens,"20 Arnot Street, Lodi",40.8774799,-74.08603010000002
7-Eleven,"290 South Summit Avenue, Hackensack",40.8748947,-74.06540129999999
CVS,"101 POLIFLY RD POLIFLY PLZ, Hackensack",40.8783656,-74.0570465
Circle K,"133 New Jersey 17, Hasbrouck Heights",40.8545157,-74.0722418
Shell,"133 New Jersey 17, Hasbrouck Heights",40.8544042,-74.0721227
minit mart,"331 Boulevard, Hasbrouck Heights",40.86578699999999,-74.07462199999999
7-Eleven,"423 New Jersey 17 S, Hasbrouck Heights",40.8636116,-74.0649869
Valero,"440 New Jersey 17, Teterboro",40.8630931,-74.06446079999999
7 Circle Foodmart - Nick's Deli,"500 Westminster Place, Lodi",40.8839301,-74.0892319
7-Eleven,"20 U.S. 46, Lodi",40.8843043,-74.08887229999999
7-Eleven,"290 Polifly Road, Hackensack",40.87261009999999,-74.06153420000001
CVS,"295 Valley Boulevard, Wood-Ridge",40.85257259999999,-74.08449
Shell,"220 Franklin Avenue, Hasbrouck Heights",40.85688789999999,-74.0692136
7-Eleven,"310 Huyler Street, South Hackensack",40.86941789999999,-74.0488523
CVS,"281 Midland Avenue, Garfield",40.87461589999999,-74.1044505
Quick Stop,"403 Outwater Lane, Saddle Brook",40.88482429999999,-74.1004815
7-Eleven,"300 Hackensack Street, Wood-Ridge",40.849415,-74.0794598
Midland Square Market,"247 Midland Avenue, Garfield",40.87302469999999,-74.10451239999999
7-Eleven,"170 Main Street, Lodi",40.87888909999999,-74.083664
QuickChek,"120 U.S. 46, Lodi",40.8793506,-74.0785855
Flavor Mart & More,"326 Garden Street, Carlstadt",40.8417964,-74.1010092
7-Eleven,"643-647 Paterson Avenue, Carlstadt",40.8411236,-74.1014587
Food Mart 4 U,"235 Paterson Avenue, Wallington",40.847629,-74.11175999999999
Liberty Plaza 168 Food Mart,"168 Main Avenue, Wallington",40.8546824,-74.1113027
7-Eleven,"358 Main Avenue, Wallington",40.8591133,-74.1050199
CK Food Mart,"37 Locust Avenue, Wallington",40.85108719999999,-74.11345539999999
7-Eleven,"165 Paterson Avenue, Wallington",40.8499249,-74.1139711
Krauszer's Food Stores,"13 Locust Avenue, Wallington",40.850606,-74.1141547
Wood ridge quick mart,"267 Valley Boulevard, Wood-Ridge",40.8513011,-74.0849916
Shell,"99 River Drive, Garfield",40.863822,-74.106351
Circle K,"99 River Drive, Garfield",40.86385,-74.106388
Pol Store International,"193 8th Street, Passaic",40.8627679,-74.1108134
Lodi Minimarket,"117 Terhune Avenue, Lodi",40.8631278,-74.0895147
Cidenia Minimarket,"159 Passaic Street, Passaic",40.8621534,-74.1151794
Manor Sweet Shoppe,"112 Jackson Avenue, Rutherford",40.83766999999999,-74.11678309999999
7-Eleven,"200 U.S. 46, Little Ferry",40.8542197,-74.0388711
Wawa,"505 South River Street, Hackensack",40.8627249,-74.0364396
Shell,"5 Winant Avenue, Ridgefield Park",40.8500993,-74.0259327
Sunoco,"4500 East Kennedy Street, Hackensack",40.8681042,-74.0384881
Walgreens,"33 River Road, Bogota",40.8707273,-74.0323733
7-Eleven,"330 Palisade Avenue, Bogota",40.8768026,-74.0255658
Sunoco Gas Station,"75 U.S. 46, Palisades Park",40.843714,-74.004166
Lucky Stop,"499 Essex Street, Hackensack",40.8863693,-74.0637727
Dazo Convenience Food Store,"72 West Main Street, Bogota",40.8780894,-74.0301832
Megha Liquor & Grocery,"8 East Fort Lee Road, Bogota",40.8758264,-74.02880259999999
CVS,"198 Main Street, Ridgefield Park",40.8564837,-74.0254679
CVS,"375 Queen Anne Road, Teaneck",40.8759611,-74.020189
CVS,"540 Cedar Lane, Teaneck",40.889732,-74.024963
7-Eleven,"272 Liberty Street, Little Ferry",40.852314,-74.04285039999999
7-Eleven,"231 Main Street, Ridgefield Park",40.85797489999999,-74.02443509999999
QuickChek,"1-13 River Road, Bogota",40.870844,-74.0325989
Grand KH Auto Repair,"520 Broad Avenue, Ridgefield",40.8315729,-74.00981089999999
Nick's Quick Stop,"550 Broad Avenue, Ridgefield",40.83254,-74.00980799999999
Delta Store,"234 East Fort Lee Road, Bogota",40.8730368,-74.0216464
us gas & diesel,"1098 U.S. 46, Ridgefield",40.8434476,-74.0054428
ATM (Tiger Mart),"423 New Jersey 17, Hasbrouck Heights",40.8636306,-74.06499409999999
CVS,"200 Liberty Street, Little Ferry",40.8503546,-74.042705
Quick Mart / Subway,"213 Washington Avenue, Little Ferry",40.84480779999999,-74.0415333
Quick Mart,"2 East Joseph Street, Moonachie",40.8405095,-74.0470479
Moonies Deli & Grill - Best Deli in Town,"111 Moonachie Road, Moonachie",40.83983569999999,-74.0479361
Food Mart,"21 Kaufman Avenue, Little Ferry",40.8525196,-74.0344841
Little Ferry Quick Mart,"46 Bergen Turnpike # 2, Little Ferry",40.85014779999999,-74.03207549999999
7-Eleven,"284 Washington Avenue, Carlstadt",40.8335251,-74.05360440000001
Bolla Market,"404 New Jersey 17, Hasbrouck Heights",40.8630946,-74.064364
Atlantis Fresh Market - #109,"5 Winant Avenue, Ridgefield Park",40.8500911,-74.025904
Chestnut Market,"24 New Jersey 17, Hasbrouck Heights",40.8492922,-74.0749368
Coaches Corner,"67 Euclid Avenue, Ridgefield Park",40.8519128,-74.0232815
EZ MART,"440A Boulevard, Hasbrouck Heights",40.8693363,-74.0704382
ELS Convenience Store,"423 Boulevard, Hasbrouck Heights",40.86912359999999,-74.0713883
Walgreens,"151 Boulevard, Hasbrouck Heights",40.85998379999999,-74.08056839999999
Shell,"86 South River Street, Hackensack",40.87566,-74.04048999999999
Atlantis Fresh Market - #88 (Now Delivering!),"86 South River Street, Hackensack",40.8756644,-74.0401818
Polifly Snack Shop,"150 Polifly Road, Hackensack",40.8765125,-74.0581734
Bonao Mini Mart,"37 Fair Street, Hackensack",40.8773033,-74.0465236
7-Eleven,"202 Essex Street, Hackensack",40.8803865,-74.0528815
QuickChek,"88 U.S. 46, Ridgefield Park",40.84482690000001,-74.0094199
H Mart Fort Lee,"112 Linwood Drive, 130 Linwood Plaza, Fort Lee",40.8610891,-73.97098380000001
Fuze Beverage LLC,"140 Sylvan Avenue, Englewood Cliffs",40.8697446,-73.9576276
CVS,"1681 FLETCHER AVE, Linwood Plaza, Fort Lee",40.86171170000001,-73.9694581
Walgreens,"2151 Lemoine Avenue, Fort Lee",40.8561781,-73.9681871
7-Eleven,"1412 Bergen Boulevard, Fort Lee",40.8492852,-73.9843574
Shell,"1490 Bergen Boulevard, Fort Lee",40.8531475,-73.98454600000001
CVS,"165 Main Street, Fort Lee",40.8513788,-73.96858569999999
Shell,"2284 Route 4 West, Fort Lee",40.8662953,-73.9736178
7-Eleven,"2374 Lemoine Avenue, Fort Lee",40.8629568,-73.9628774
Shell,"70 Route 4, Englewood",40.881845,-73.986629
7-Eleven,"1605 Lemoine Avenue, Fort Lee",40.84929040000001,-73.97093459999999
HAPPY MARKET,"369 Broad Avenue, Leonia",40.862817,-73.9865293
CVS,"410 Broad Avenue, Leonia",40.8650618,-73.98598729999999
CVS,"1475 Bergen Boulevard, Fort Lee",40.85188099999999,-73.98675589999999
Sunoco,"1630 Bergen Boulevard, Fort Lee",40.8561226,-73.9824977
Fort Lee Stationery,"236 Main Street, Fort Lee",40.85165810000001,-73.9718683
CVS,"188 Cedar Lane, Teaneck",40.88599929999999,-74.0130937
Sunoco Gas Station,"296 Palisade Avenue, Cliffside Park",40.8143787,-73.9912267
Star Pharmacy,"1400 Anderson Avenue #7, Fort Lee",40.84555,-73.9782724
7-Eleven,"476 Grand Avenue, Englewood",40.8783651,-73.9821533
7-Eleven,"731 Fairview Avenue, Fairview",40.8210182,-74.007758
7-Eleven,"107 Cedar Lane, Teaneck",40.88561900000001,-74.01048
Xtra-Tel Inc,"300 Anderson Avenue, Fairview",40.8166829,-73.9944919
Carlitos Mini Market,"258 Broad Avenue, Palisades Park",40.84736830000001,-73.99794059999999
Forever Yours Cards & Gifts,"246 Broad Avenue, Palisades Park",40.8470311,-73.9982555
Bestmart (Convenience store and Money Transfer),"100 Broad Avenue, Palisades Park",40.844091,-74.00032639999999
Jayden Convenience Store,"3 West Ruby Avenue, Palisades Park",40.8437024,-74.0012933
Shell,"4116 Broadway, New York",40.84517699999999,-73.938526
Walgreens,"5564 Broadway, The Bronx",40.8785384,-73.90477969999999
CVS,"130 Dyckman Street, New York",40.8624868,-73.92561649999999
Rite Aid,"4046 Broadway, New York",40.8428785,-73.938852
Duane Reade,"133141 Dyckman Street, New York",40.86319889999999,-73.9253765
Sunoco Gas Station,"1657 Jerome Avenue, The Bronx",40.8457543,-73.9141056
Sunoco Gas Station,"5080 Broadway At 216th St, New York",40.8704463,-73.91482649999999
Shell,"1752 Webster Avenue, The Bronx",40.8450615,-73.90215549999999
Shell,"1845 Webster Avenue, The Bronx",40.84670699999999,-73.90176199999999
Valentine Mini Mart,"2130 Valentine Avenue, The Bronx",40.85389189999999,-73.8990659
E X Deli Grocery,"1053 Ogden Avenue, The Bronx",40.83466319999999,-73.928651
On the Run,"2165 Amsterdam Avenue, New York",40.8389002,-73.93712470000001
Uptown D Mini Mart,"91B Pinehurst Avenue, New York",40.85073560000001,-73.9392746
GWB Newsstand,"408 Fort Washington Avenue, New York",40.8486499,-73.93847319999999
750 Candy & Tobacco,"740 West 181st Street, New York",40.8506209,-73.93768519999999
Food Mart,United States,40.8452849,-73.9385279
Heights Convenience smoke shop,"4243 Broadway, New York",40.8497658,-73.9364669
Moe one stop shop.,"1275 Saint Nicholas Avenue, New York",40.8446285,-73.93739169999999
171 Organic Convenience Store,"1222 Saint Nicholas Avenue, New York",40.8429106,-73.9380487
Sammy Mini Mart,"112 Audubon Avenue, New York",40.8422688,-73.9372958
Gold Coast Valet,"The Modern, 800 Park Avenue, Fort Lee",40.85250629999999,-73.9666355
Dominguez Janeth,"2196 Amsterdam Avenue, New York",40.8407246,-73.9368276
CVS,"732 Allerton Avenue, The Bronx",40.86519699999999,-73.8658921
Walgreens,"541 West 235th Street, The Bronx",40.8856195,-73.90914
CVS,"1916 Williamsbridge Road, The Bronx",40.8529468,-73.8529791
Walgreens,"2504 Eastchester Road, The Bronx",40.8630428,-73.84315459999999
Walgreens,"2750 Boston Road, The Bronx",40.865949,-73.860922
Quick Stop,"2 Bedford Park Boulevard, The Bronx",40.87345,-73.8897797
Shell,"590 East Fordham Road, The Bronx",40.85839350000001,-73.885503
Dollar General,"2500 White Plains Road, The Bronx",40.86334009999999,-73.867229
Rite Aid,"911 Morris Park Avenue, The Bronx",40.8470621,-73.85910050000001
Shell,"2100 Williamsbridge Road, The Bronx",40.8557372,-73.8551822
CVS,"3125 Bainbridge Avenue, The Bronx",40.8743967,-73.8796248
Shell,"950 Allerton Avenue, The Bronx",40.8652927,-73.85906469999999
CVS,"2112 White Plains Road, The Bronx",40.85384369999999,-73.86731309999999
Dollar General,"3555 White Plains Road, The Bronx",40.878964,-73.8660727
CVS,"565 West 235th Street, The Bronx",40.8858682,-73.9105064
Los Hermanos Grocery,"2019 Vyse Avenue, The Bronx",40.8427875,-73.88160640000001
7-Eleven,"1845 Webster Avenue, The Bronx",40.8467229,-73.9019722
ampm,"1862 Webster Avenue, The Bronx",40.8469486,-73.90084449999999
Manuel Mini Mart,"481 East 180th Street, The Bronx",40.8515388,-73.8953672
your mobile convenience store,"215 Mount Hope Place, The Bronx",40.848492,-73.90523999999999
99¢ Mini Mart,United States,40.8543315,-73.8999429
F4m grocery and smoke shop,"2095 Grand Concourse, The Bronx",40.8539813,-73.9027514
Crotona Park Pharmacy Inc,"2179 Valentine Avenue, The Bronx",40.85448979999999,-73.8994459
718 Convenience,"123 East Burnside Avenue, The Bronx",40.8530143,-73.9048165
SJS Pharmacy Inc.,"105 East Burnside Avenue, The Bronx",40.853165,-73.9052272
Rite Aid,"2063 Bartow Avenue, The Bronx",40.8703449,-73.828302
Walgreens,"3575 Boston Road, The Bronx",40.8788908,-73.84405869999999
Walgreens,"691 Co-op City Boulevard Ste L, The Bronx",40.881139,-73.823758
Walgreens,"1710 Crosby Avenue, The Bronx",40.845876,-73.8312143
Shell,"836 East 233rd Street, The Bronx",40.89190139999999,-73.8532626
Rite Aid,"4159 White Plains Road, The Bronx",40.8922837,-73.8583027
7-Eleven,"1590 Hutchinson River Parkway, The Bronx",40.8432351,-73.8363798
Parkchester Convenience,"2001 Westchester Avenue, The Bronx",40.83372720000001,-73.8575439
Soho Blue Sky Convenience,United States,40.84722379999999,-73.84898580000001
Pierce Ave Mini Market,"1597 Williamsbridge Road, The Bronx",40.8469144,-73.84917279999999
Williamsbridge Convenience Shop,"1905 Williamsbridge Road, The Bronx",40.8523663,-73.85319729999999
Morris Park Convenience Store,"1048 Morris Park Avenue, The Bronx",40.8486123,-73.8546444
Am Convince v shop corp,"2011A Williamsbridge Road, The Bronx",40.8544855,-73.855128
Shell,"1610 Eastchester Road, The Bronx",40.8445277,-73.845738
Shell Food Mart,"1610 Eastchester Road, The Bronx",40.844525,-73.8455042
Williamsbridge rd gourmet deli corp,"2101 Williamsbridge Road, The Bronx",40.855447,-73.8557289
Palma exotics deli,"2143 Williamsbridge Road, The Bronx",40.8564658,-73.85617220000002
Little anny,"17 Westchester Square, The Bronx",40.84062309999999,-73.8435217
SANA'A DISCOUNT MARKET,"778 Morris Park Avenue, The Bronx",40.84567,-73.8631855
Pavan Ny Inc Convenience Store,"2875 Buhre Avenue, The Bronx",40.8473512,-73.8331982
Ameer Convenience,"730 Lydig Avenue, The Bronx",40.8543792,-73.8664828
W. Convenience Store,"2379 Westchester Avenue, The Bronx",40.8370103,-73.84678339999999
Herman Services Inc,"1207 Mace Avenue, The Bronx",40.8631699,-73.85255599999999
Best Way Mini Mart,"685 Morris Park Avenue, The Bronx",40.8452851,-73.8665554
Lucky 7 Convenience,"657 Morris Park Avenue, The Bronx",40.8451232,-73.8675311
BX CLOUD 9,"3030 Westchester Avenue, The Bronx",40.8475004,-73.831315
Gopuff,"1872 East, The Bronx",40.84075199999999,-73.864649
Sunoco Gas Station,"410 City Island Avenue, The Bronx",40.8500287,-73.7872407
Convenience Mart Corp,"410 City Island Avenue, The Bronx",40.850002,-73.7872795
Zen puff convenience,"3645 Bruckner Boulevard, The Bronx",40.8516204,-73.82734289999999
Last Stop Convenience Store,"3287A Westchester Avenue, The Bronx",40.8531368,-73.8274716
He & Jay Stationary,"123 Einstein Loop North, The Bronx",40.8645836,-73.8222622
Pelham Bay Discount & Hardware,"3113B Westchester Avenue, The Bronx",40.84966530000001,-73.8306407
Crosby Discount Inc,"1730 Crosby Avenue, The Bronx",40.846154,-73.8313843
Sunoco,"1738 East Gun Hill Road, The Bronx",40.8647013,-73.8357341
Atlantis Fresh Market - #54 (Now Delivering!),"1930 Bartow Avenue, The Bronx",40.86794709999999,-73.8333749
Shell,"1930 Bartow Avenue, The Bronx",40.8679716,-73.833422
Sunoco,"1665 Bartow Avenue, The Bronx",40.8667824,-73.8385326
Walgreens,"691 Co-op City Boulevard, The Bronx",40.880939,-73.8241999
Manor Auto Service Center Inc,"135 Shore Road, Pelham",40.887409,-73.7912564
bp,"3500 Conner Street, The Bronx",40.8849128,-73.8265179
bp,"1280 Allerton Avenue, The Bronx",40.8651598,-73.84937080000002
Atlantis Fresh Market - #2,"3500 Conner Street, The Bronx",40.8849883,-73.8264605
Shell,"3500 Conner Street, The Bronx",40.88497,-73.82656
Atlantis Fresh Market - #25 (Now Delivering!),"3804 Boston Road, The Bronx",40.8811022,-73.8382661
Discount Mart Inc,"2179 Westchester Avenue, The Bronx",40.8342875,-73.8522287
Boston Gourmet Deli,"3766 Boston Road, The Bronx",40.880808,-73.83917389999999
WESTCHESTER Convenience,"2152A Westchester Avenue, The Bronx",40.83397939999999,-73.8525679
Quick Stop Deli,"3473 Boston Road, The Bronx",40.8767844,-73.8476194
Walgreens,"93 Forest Avenue, Glen Cove",40.8736306,-73.6224706
CVS,"65 Forest Avenue, Glen Cove",40.8723475,-73.62512319999999
7-Eleven,"206 Glen Cove Avenue, Glen Cove",40.84851049999999,-73.6349287
Sunoco Gas Station,"1 Glen Cove Avenue, Glen Cove",40.8626479,-73.6322759
Dominican Deli & Grill,"33 Glen Street, Glen Cove",40.8640571,-73.6301189
7-Eleven,"69 Forest Avenue, Glen Cove",40.8722844,-73.62478349999999
CVS,"206 Glen Cove Avenue, Glen Cove",40.84866700000001,-73.634811
7-Eleven,"194 Glenn St, Glen Cove",40.86190070000001,-73.623978
CVS,"201 Glen Street, Glen Cove",40.8621318,-73.6220809
SHANTI MAA INC,"31 Glen Street, Glen Cove",40.86398999999999,-73.63029
Speedway,"86 Glen Cove Avenue, Glen Cove",40.8592651,-73.6350544
Bolla Market,"43 Glen Cove Avenue, Glen Cove",40.8622656,-73.6335455
J & S Services Center,"43 Glen Cove Avenue, Glen Cove",40.8622656,-73.6335455
J & B Convenience Store,"288 Glen Street, Glen Cove",40.8591798,-73.6210086
Up In Smoke Headshop,"70 Forest Avenue, Glen Cove",40.8720263,-73.62421669999999
Walgreens,"350 Preakness Avenue, Paterson",40.92184280000001,-74.1935103
Walgreens,"639 East 18th Street, Paterson",40.9173474,-74.1553438
Walgreens,"321 Valley Road, Wayne",40.92486359999999,-74.2352554
Street Corner,"301 Main Street #1855, Paterson",40.9152778,-74.1713889
Burgio's Pharmacy,"137 Union Boulevard, Totowa",40.9086626,-74.205186
7-Eleven,"262 Main Street, Paterson",40.9160627,-74.1734513
Walgreens,"750 Main Street, Paterson",40.9008389,-74.16596129999999
CVS,"1762 Ratzer Road, Wayne",40.94340649999999,-74.2037477
Short Stop Food Mart,"22 Broadway, Paterson",40.91900479999999,-74.17441210000001
Nanny's Grocery,"54 North 3rd Street, Paterson",40.92563440000001,-74.17557599999999
Shell,"10 18th Avenue, Paterson",40.911739,-74.154895
7-Eleven,"51 Willowbrook Boulevard, Wayne",40.8892588,-74.24869919999999
People's Deli & Mini - Market,"601 East 18th Street, Paterson",40.9190395,-74.15521489999999
CVS,"120 Union Boulevard, Totowa",40.9089739,-74.2039458
Consuelo Mini Market,"132 Belmont Avenue, Paterson",40.9283127,-74.180639
QuickChek,"79 Union Boulevard, Totowa",40.91039229999999,-74.2027746
7-Eleven,"202 Ryerson Avenue, Paterson",40.92219790000001,-74.193077
Park Avene Food Mart,"106 Park Avenue, Paterson",40.9150689,-74.161864
7 Days Convenient Store,"330 Totowa Avenue, Paterson",40.91718869999999,-74.186044
Sunoco,"570 US-46 &, Park Lane, Wayne",40.8944432,-74.2399667
Quality Fuel & Mini Mart,"703 McBride Avenue, Woodland Park",40.9009078,-74.1994608
Mcbride Food Mart & Lottery,"500 McBride Avenue, Woodland Park",40.9069568,-74.19536099999999
McBride Convenience Discount Store,"500 McBride Avenue, Paterson",40.9071367,-74.19522529999999
"Union Food Store, Totowa, NJ","90 Union Boulevard, Totowa",40.9094894,-74.20313279999999
Union Food Store,"357 Union Boulevard, Totowa",40.9036878,-74.2127637
Millennium Gas 2000,"339 McBride Avenue, Paterson",40.9105545,-74.1896812
JE Deli Grocery,"64 Murray Avenue, Paterson",40.9097142,-74.18785869999999
Totowa Food,"539 Union Boulevard, Totowa",40.9001831,-74.2181346
Estrella Minimarket,"225 McBride Avenue, Paterson",40.9113263,-74.1844807
Mostab Towers LLC,"215 McBride Avenue, Paterson",40.91135690000001,-74.1840551
Millennium Convenience Store,"195 McBride Avenue, Paterson",40.9115482,-74.1831244
S A Mini Market,"224 Union Avenue, Paterson",40.9167171,-74.1919089
Khushiara Mini Market,"22 Paterson Avenue, Paterson",40.915098,-74.18410519999999
Silk City Discount Store,"81 Wayne Avenue, Paterson",40.917535,-74.18480459999999
Saleha Corner Store,"380 Union Avenue, Paterson",40.92030620000001,-74.1864899
7-Eleven,"308 Chamberlain Avenue, Paterson",40.9222878,-74.1927423
LUALDOM MINIMARKET AND DELI,"608 Main Street, Paterson",40.9049644,-74.16933999999999
Ocho Smokeshop and Convenience,"350 Main Street, Paterson",40.9133244,-74.1732644
Jennly Mini Market,Paterson,40.9225505,-74.1878143
Ock’s Munchies,"684 Main Street, Paterson",40.9027314,-74.1672317
Galaxy Food Mart,"126 Broad Street, Clifton",40.8914813,-74.1688786
Big Bros Deli & Grocery,"189 Pacific Street, Paterson",40.898491,-74.1667762
Bonita Mini Market,"146 Redwood Avenue A, Paterson",40.9237743,-74.1863245
Cosmo's Mini Mart,"76 Ellison Street, Paterson",40.9173959,-74.17436630000002
EL Naranjal Mini Market,"486 Union Avenue # A, Paterson",40.9226927,-74.1827292
Power Gas,"195 21st Avenue, Paterson",40.90783,-74.1662822
Ortiz Mini Market,"490 Crosby Avenue, Paterson",40.9246826,-74.1845041
Walgreens,"17-77 River Road, Fair Lawn",40.9390633,-74.1396394
DG Market,"419 Market Street, Saddle Brook",40.8974355,-74.09721549999999
Jay Jay Distributors,"280 North Midland Avenue Bldg#L, Saddle Brook",40.9066628,-74.1044505
Walgreens,"100 Broadway, Elmwood Park",40.9186014,-74.1245856
Walgreens,"593 Market Street, Elmwood Park",40.8983432,-74.1047359
CVS,"29-00 BROADWAY (RT, Route 4, Fair Lawn",40.9234618,-74.1061745
Sunoco Gas Station,"469 River Drive, Elmwood Park",40.9060993,-74.1293986
Sunoco Gas Station,"88 U.S. 46, Elmwood Park",40.8930882,-74.1226804
7-Eleven,"57 East 30th Street, Paterson",40.92422579999999,-74.1429201
7-Eleven,"205 U.S. 46, Elmwood Park",40.89360729999999,-74.1178481
7-Eleven,"12-06 River Road, Fair Lawn",40.9311234,-74.1322189
7-Eleven,"31-28 Broadway, Fair Lawn",40.9243177,-74.1043521
CVS,"449 Market Street, Elmwood Park",40.8993273,-74.1114247
Henry's Deli & Grill,"68 East 33rd Street, Paterson",40.92158430000001,-74.1412951
QuickChek,"625 North Midland Avenue, Saddle Brook",40.91812849999999,-74.1113142
Dollar General,"82 East 15th Street, Paterson",40.9335789,-74.1545489
CVS,"18-35 River Road, Fair Lawn",40.9403499,-74.1417616
Food Mart Liquor & Convenience Store,"430 Market Street # 10, Elmwood Park",40.8986083,-74.11254869999999
El Bohio Food Market,"510 Park Avenue, Paterson",40.9133521,-74.1434936
Tiger Mart,"770 20th Avenue, Paterson",40.9056485,-74.1352615
7-Eleven,"91 Broadway, Elmwood Park",40.9196873,-74.1246154
7-Eleven,"357 Market Street, Elmwood Park",40.8998336,-74.1154395
Best Food Mart,"160 East Railway Avenue, Paterson",40.89638799999999,-74.1545083
Quick Stop Grocery II,"506 21st Avenue, Paterson",40.905915,-74.1518182
Lucky Quick Stop Convenience Store,"21st Avenue, Paterson",40.906948,-74.1595079
Mami Deli Grocery,"315 21st Avenue, Paterson",40.90739110000001,-74.1603401
Vreeland Mini Market,"144 Vreeland Avenue, Paterson",40.9085668,-74.141139
Uniware LLC,"306 21st Avenue, Paterson",40.90711719999999,-74.1608815
7-Eleven,"206 Market Street, Saddle Brook",40.8957544,-74.0880947
Shell,"110 Essex Street, Lodi",40.8928677,-74.0746893
Wawa,"150 Essex Street, Lodi",40.89158,-74.073059
Street Corner,"1 Garden State Plaza Boulevard, Paramus",40.9161603,-74.0765235
CVS,"24-12 Fair Lawn Avenue, Fair Lawn",40.9392817,-74.11859749999999
CVS,"1000 Bergen Town Center, Paramus",40.9168113,-74.0623645
Paramus Quick & Fresh - BP Gas Station,"100 New Jersey 17, Paramus",40.92774499999999,-74.07007
7-Eleven,"450 Rochelle Avenue, Rochelle Park",40.9103484,-74.07257640000002
CVS,"150 Rochelle Avenue, Rochelle Park",40.9001814,-74.0778782
7-Eleven,"469 Passaic Street, Hackensack",40.8994164,-74.0570695
Dollar General,"520 River Drive, Garfield",40.8765838,-74.1148651
Ez in and out smoke shop and convenience store,"468 Market Street, Saddle Brook",40.8971104,-74.09965559999999
Its Lit Smoke Shop,"446 Market Street, Saddle Brook",40.8971066,-74.09910889999999
Vice City Smoke Shop,"21 Midland Avenue, Elmwood Park",40.8984663,-74.1037991
Krauszer's Food Store,"383 Market Street, Saddle Brook",40.8971655,-74.0960777
Saddle Brook Liquor & Bar,"383 Market Street # 2B, Saddle Brook",40.89701950000001,-74.09544629999999
bp,"409 US-46 W, 07407 Rte 46 W, Elmwood Park",40.8933335,-74.10710619999999
Walgreens,"406 South Washington Avenue, Bergenfield",40.9142605,-73.99819180000001
CVS,"880 River Road, New Milford",40.9262691,-74.0272765
Walgreens,"1400 Teaneck Road, Teaneck",40.8999834,-74.0000743
Sunoco,"344 Route 4, Paramus",40.9124503,-74.0424626
7-Eleven,"1080 Main Street, River Edge",40.91215,-74.0366777
7-Eleven,"584 Kinderkamack Road, River Edge",40.9276144,-74.0340469
7-Eleven,"720 River Dr, New Milford",40.9307912,-74.0256079
A To Z Fashion Plus,"1209 Teaneck Road, Teaneck",40.903053,-73.99904
Welsh Farms Food Stores,"715 River Road, New Milford",40.93098679999999,-74.0247928
J & J Pharmacy,"527 Cedar Lane, Teaneck",40.8900079,-74.0242865
CVS,"135 Kinderkamack Road, River Edge",40.9129121,-74.0366679
7-Eleven,"540 Main Street, Hackensack",40.89566629999999,-74.0393554
Shell,"720 River Road, New Milford",40.9308515,-74.0254473
Krauszer's Food Store,"109 West Pleasant Avenue, Maywood",40.905801,-74.0640919
CMC Deli and Convenience,"376 1st Street, Hackensack",40.8928673,-74.0474368
Walgreens,"123 Anderson Street, Hackensack",40.8935154,-74.0451593
Hackensack Convenience Store,"77 Anderson Street, Hackensack",40.89308550000001,-74.0428088
Miss T's Two,"264 1st Street, Hackensack",40.8893632,-74.04947039999999
QuickChek,"156 Hackensack Avenue, Hackensack",40.90018459999999,-74.0356826
Central Avenue Mini Market,"216 1st Street, Hackensack",40.887947,-74.05021599999999
Coronet Variety & Discount Liquors,"138 West Pleasant Avenue, Maywood",40.90603,-74.06530029999999
7-Eleven,"735 Cedar Lane, Teaneck",40.89181389999999,-74.0316418
Cousin Deli and convenience store,"16 East Mercer Street, Hackensack",40.8836799,-74.0421564
Rite Aid,"10 Portland Avenue, Bergenfield",40.9273774,-73.9981315
Walgreens,"20 West Hudson Avenue, Englewood",40.9100845,-73.96890220000002
Walgreens,"241 North Washington Avenue, Bergenfield",40.9359632,-73.99439509999999
CVS,"10 West Palisade Avenue, Englewood",40.89420339999999,-73.97567149999999
Minit Mart Convenience Store Deli & Grill,"20 Columbia Avenue, Bergenfield",40.9359741,-73.9958685
Asian American Food Mart,"23 Veterans Plaza, Bergenfield",40.9286691,-73.9978884
7-Eleven,"100 West Madison Avenue, Dumont",40.9404951,-73.9993045
7-Eleven,"13 Tenafly Road, Englewood",40.8968532,-73.9789792
Town stationary,"35 West Palisade Avenue #37, Englewood",40.895,-73.97629289999999
7-Eleven,"53 North Washington Avenue, Bergenfield",40.9293837,-73.9952653
CVS,"17-19 Washington Street, Tenafly",40.9255976,-73.9655125
Todo Envios Corp,"85 West Palisade Avenue, Englewood",40.8961069,-73.9781477
Tiger Mart,"119 Route 4, Englewood",40.8837679,-73.9882138
7-Eleven,"1247 Teaneck Road, Teaneck",40.8953377,-74.0006787
TEANECK CITY CENTER LLC,"1510 Teaneck Road, Teaneck",40.9027091,-73.99934879999999
MISTER K STATIONERY AND CONVENIENCE STORE,"1376 Queen Anne Road, Teaneck",40.90107070000001,-74.0055907
Stop And Go,"276 Lafayette Place, Englewood",40.8902708,-73.9902814
Jordan Convenience Corner,"190 West Englewood Avenue, Englewood",40.8957714,-73.9835309
Dollar General,"405 South Washington Avenue, Bergenfield",40.91382430000001,-73.9970961
Quick Shop,"393 South Washington Avenue, Bergenfield",40.9146958,-73.9971522
Dali & Loren,"74 West Palisade Avenue, Englewood",40.8955558,-73.9779283
Juniors Mini Mart,"67 West Palisade Avenue, Englewood",40.895801,-73.9776715
sama mart,"27 Route 4 East, Hackensack",40.8839859,-73.9887943
Juniors Convenience Store,"42 West Palisade Avenue, Englewood",40.89486400000001,-73.97687340000002
ATM (BP),"119 Route 4, Englewood",40.8836049,-73.9880453
Burgundy's - The Beer Store,"4 West Palisade Avenue, Englewood",40.8937928,-73.97570259999999
Las tres esquinas,"35 West Demarest Avenue, Englewood",40.89858199999999,-73.9741449
Seasons Express Teaneck,"465 Cedar Lane, Teaneck",40.8894028,-74.02223169999999
Atlantis Fresh Market - #34 (Now Delivering!),"70 Route 4, Englewood",40.8815592,-73.98641889999999
Sunoco Gas Station,"5914 Riverdale Avenue, The Bronx",40.9074785,-73.90371619999999
Shell,"597 South Broadway, Yonkers",40.9125436,-73.8969025
Chestnut Market,"11 East Demarest Avenue, Englewood",40.8972259,-73.9718228
7-Eleven,"29 County Road, Tenafly",40.92513400000001,-73.9633106
Rite Aid,"21B Knolls Crescent, The Bronx",40.878349,-73.91761100000001
King Vape & Convenience,"Kappock Street, The Bronx",40.8787865,-73.9169715
Mobil Convenience Store,Englewood Cliffs,40.867325,-73.9537721
Mini market,"551 West 235th Street, The Bronx",40.8856843,-73.90956709999999
Riverdale convenience and beer,"3734 Riverdale Avenue, The Bronx",40.887507,-73.90701330000002
Getty Mini-Mart,"6571 Broadway, The Bronx",40.907676,-73.8968162
Snaxit,"475 Route 4 west, Englewood",40.8685215,-73.9728034
Tiger Mart,United States,40.8675985,-73.9732574
CVS,"80 Piermont Road, Cresskill",40.94034219999999,-73.9617899
Calvin Deli,"231 West 230th Street, The Bronx",40.877776,-73.90712719999999
DII,"4950 Broadway, New York",40.8676692,-73.92041309999999
Super Bronx Inc,"225 West 230th Street, The Bronx",40.8775747,-73.9069813
ATM (Getty Mini-Mart),"6571 Broadway, The Bronx",40.90771339999999,-73.89693849999999
Delicious Delights juice & crepes,"206 West 231st Street, The Bronx",40.8790362,-73.90530729999999
Marianela Shop,"582w West 207th Street, New York",40.86685050000001,-73.9208431
Inwood GOURMET DELI,"53 Vermilyea Avenue, New York",40.8652791,-73.9241464
Lazamilia Smoke Shop,"4030 10th Avenue, New York",40.8694424,-73.9155529
Broadway 1 mini mart,"5985 broadway, The Bronx",40.8898884,-73.8984672
Walgreens,"6 McLean Avenue, Yonkers",40.9208009,-73.8957023
CVS,"132 Bronx River Road, Yonkers",40.90505520000001,-73.8579869
7-Eleven,"471 McLean Avenue, Yonkers",40.9105117,-73.8825451
Sunoco Gas Station,"931 McLean Avenue, Yonkers",40.90366109999999,-73.8673189
Shell,"414 McLean Avenue, Yonkers",40.911288,-73.88556899999999
On the Run,"4201 Webster Avenue, The Bronx",40.8958255,-73.8636214
Speedway,"285 East 233rd Street, The Bronx",40.8963359,-73.8673597
Atlantis Fresh Market - #30 (Now Delivering!),"4201 Webster Avenue #2449, The Bronx",40.8957785,-73.86364549999999
Shell,"1063 Yonkers Avenue, Yonkers",40.9137733,-73.8572763
Yonkers fresh meat market,"109 Ashburton Avenue, Yonkers",40.9395693,-73.8924096
CVS,"25-43 Prospect Street, Yonkers",40.9330016,-73.9008078
Walgreens,"1046 Yonkers Avenue, Yonkers",40.9136206,-73.85862070000002
Shell,"364 Nepperhan Avenue, Yonkers",40.9390281,-73.8857328
Sunoco Gas Station,"47 Yonkers Avenue, Yonkers",40.9356298,-73.8884865
M&A Convenient Corp,"6677 Broadway, The Bronx",40.9106601,-73.89689659999999
238 Corner Bodega,"5818 Broadway, The Bronx",40.8849363,-73.90051869999999
Vargas Grocery's,"210 West 238th Street, The Bronx",40.88465679999999,-73.899554
Bx Metro Superette,"3504 Fort Independence Street, The Bronx",40.88254709999999,-73.8977614
Manzuetas Grocery,"408 Riverdale Avenue, Yonkers",40.918311,-73.9013136
McLean Tobacco Corp,"643 McLean Avenue, Yonkers",40.9088772,-73.8786059
Te-Amo Convenience Store,"5586 Broadway, The Bronx",40.8791332,-73.90445509999999
Pimentel Deli Grocery Corp,"3142 Heath Avenue, The Bronx",40.878647,-73.8996176
Jerome Convenient,"3598 Jerome Avenue, The Bronx",40.8853162,-73.8790689
Walgreens,"3480 Jerome Avenue, The Bronx",40.8820644,-73.8815541
Lucky Spot Convenience Corp,"3401 Jerome Avenue, The Bronx",40.880745,-73.883766
King Fellas Convenience,United States,40.87615450000001,-73.90382149999999
Tesco Convenience Store I Inc.,"923 McLean Avenue, Yonkers",40.90406040000001,-73.8679317
998 McLean Ave. Inc. Grocery & Convenient,"998 McLean Avenue, Yonkers",40.9028366,-73.8644176
Gopuff,"3000 Jerome Avenue, The Bronx",40.873874,-73.888758
Bedford Convenience Mart,"29 Bedford Park Boulevard, The Bronx",40.8730334,-73.8886146
Cabral Grocery,"139 Herriot Street, Yonkers",40.9284313,-73.902823
People's Pharmacy And Food Mart,"3176 Bainbridge Avenue, The Bronx",40.875519,-73.879192
Food Mart,United States,40.8950379,-73.8607549
Griffins Deli,"400 East Gun Hill Road, The Bronx",40.8784485,-73.87126289999999
CVS,"114 Pondfield Road, Bronxville",40.939224,-73.83305
bp,"767 South Columbus Avenue, Mount Vernon",40.89390059999999,-73.8245355
Shell,"422 Gramatan Avenue, Mount Vernon",40.9218225,-73.83751649999999
CVS,"24 West Grand Street, Mount Vernon",40.925184,-73.83724819999999
Shell,"50 Lincoln Avenue, Pelham",40.9157704,-73.8100843
Shell,"1001 Central Park Avenue, Yonkers",40.9361845,-73.8565842
CVS,"850 BRONX RIVER RD, 18 FLEETWOOD PLAZA, Yonkers",40.9277183,-73.842182
CVS,"211 East Sandford Boulevard, Mount Vernon",40.9014544,-73.8261828
CVS,"4760 Boston Post Road, Pelham",40.8960222,-73.80468619999999
Dave's 5th Ave Station,"263 South 5th Avenue, Mount Vernon",40.90443580000001,-73.8350851
Shell,"731 Central Park Avenue, Yonkers",40.92633639999999,-73.8584843
H & A Convenience Store,"215 West 1st Street, Mount Vernon",40.9095744,-73.8461051
Jizmo Mini Mart,"681 East Lincoln Avenue, Mount Vernon",40.91673309999999,-73.8129691
bp,"30 Mount Vernon Avenue, Mount Vernon",40.91103400000001,-73.845382
"Tasty, smoking, convenient","4643 White Plains Road, The Bronx",40.9031849,-73.85089909999999
Dollar Link Store,"4707 White Plains Road, The Bronx",40.9037406,-73.8503261
Walgreens,"4232 Baychester Avenue, The Bronx",40.8965264,-73.844709
Speedway,"610 Nereid Avenue, The Bronx",40.8993753,-73.8575414
Sandford Convenience,"160 West Sandford Boulevard, Mount Vernon",40.8978635,-73.83940960000001
Shell,"143 Bronx River Road, Yonkers",40.9060562,-73.8583747
Smoke Shop & Convenience,"163 Bronx River Road, Yonkers",40.9066872,-73.857964
"AAA Mount Vernon Gas, Inc (Gasolina)","140 West Sandford Boulevard, Mount Vernon",40.8981083,-73.8381661
Shell,"215 West 1st Street, Mount Vernon",40.90947,-73.84608999999999
A&R Mini Mart,"South Bond Street, Mount Vernon",40.9109188,-73.8455444
Vf. Mini Mart Corp.,"East 4th Street, Mount Vernon",40.9043915,-73.8344848
MT 1 GROCERY CORP,"62 West 1st Street, Mount Vernon",40.9106177,-73.8399405
7-Eleven,"156 Mount Vernon Avenue, Mount Vernon",40.9131318,-73.84974799999999
Aa Express Mart Inc,"230 West Lincoln Avenue, Mount Vernon",40.9130509,-73.8442973
Marwan 1 Convenience Store,"111 South 4th Avenue, Mount Vernon",40.9087117,-73.8358495
CVS,"222 North Avenue, New Rochelle",40.9102811,-73.7814546
New Rochelle APlus at Sunoco,"71 Huguenot Street, New Rochelle",40.9136594,-73.7763322
Shell,"408 Pelham Road, New Rochelle",40.8964613,-73.7784594
Food Mart,"119 Pelham Road, New Rochelle",40.9052193,-73.7747736
CVS,"309 Main Street, New Rochelle",40.9132511,-73.7751705
Sunoco Gas Station,"2107 Palmer Avenue, Larchmont",40.9289974,-73.7640751
CVS,"577 North Avenue, New Rochelle",40.9216792,-73.78776189999999
New Rochelle Pharmacy,"140 Lockwood Avenue Suite 108, New Rochelle",40.913099,-73.79072169999999
Puff Point & Convenience,"642 Main Street, New Rochelle",40.90559999999999,-73.786149
CVS,"16 Weyman Avenue, New Rochelle",40.9009821,-73.7917978
7 Days Gas & Food Mart,"400 Pelham Road, New Rochelle",40.8961911,-73.7783302
Shell,"46 East Main Street, New Rochelle",40.9192188,-73.7660554
Drake 25 Restaurant & Deli,"25 Drake Avenue, New Rochelle",40.9020445,-73.7891758
96 4th St Mini Mart,"96 4th Street, New Rochelle",40.9103884,-73.7967037
575 Convenience & More Corporation,"575 Main Street, New Rochelle",40.9073163,-73.7841755
Aventura Deli & Grocery,"322 Webster Avenue, New Rochelle",40.9142037,-73.7943105
DOLLAR DUTCH,"336 Webster Avenue, New Rochelle",40.9145958,-73.7945988
Sinclair Gas Station,"415 East Sandford Boulevard, Mount Vernon",40.9016477,-73.8203432
Atlantis Management Group,"555 South Columbus Avenue # 201, Mount Vernon",40.89953209999999,-73.82081579999999
Shoretown Cards Shop,"434 Pelham Road, New Rochelle",40.8954795,-73.77926
Shoretown Stationery,"434 Pelham Road, New Rochelle",40.895359,-73.7791915
Pelham QuickStop,"84 Lincoln Avenue, Pelham",40.9152267,-73.80813859999999
Atlantis Fresh Market #130,"295 East Sandford Boulevard, Mount Vernon",40.90152210000001,-73.8222174
Shell,"295 East Sandford Boulevard, Mount Vernon",40.90143299999999,-73.822357
Delico 21 Gourmet Deli,"288 North Avenue, New Rochelle",40.9120471,-73.7829732
Chestnut Market,"30 Lincoln Avenue, Pelham",40.9159477,-73.810959
Travel Smoke Shop,"12 Lockwood Avenue, New Rochelle",40.9143403,-73.7851183
Atlantis Fresh Market - #3 (Now Delivering!),"767 South Columbus Avenue, Mount Vernon",40.89405069999999,-73.8242767
Super Stop Inc,"10 North Columbus Avenue, Mount Vernon",40.91226959999999,-73.8234077
Fulton Market,"234 South Fulton Avenue, Mount Vernon",40.90707010000001,-73.8277414
Grub & Co,"71 Huguenot Street, New Rochelle",40.9139061,-73.7764448
Dollar General,"205 East 3rd Street, Mount Vernon",40.9087177,-73.8279841
3Rd Street Convenience Store,Mount Vernon,40.9074772,-73.8318426
R Q Covenience & Candy,"36 East 3rd Street, Mount Vernon",40.9071814,-73.83311139999999
T & T Gas & Convenience,"657 North Avenue, New Rochelle",40.9242917,-73.7874573
Star Block Convenience Store,"Ground Floor, 1401 East 233rd Street SUITE # 2, The Bronx",40.8891455,-73.83638979999999
CVS,"21 Chatsworth Avenue, Larchmont",40.9302245,-73.7515549
Walgreens,"1333 West Boston Post Road, Larchmont",40.93515110000001,-73.7468876
CVS,"1310 BOSTON POST RD FERNDALE S/C, Larchmont",40.9370623,-73.7475559
Palmer Mobil,"808 Palmer Avenue, Mamaroneck",40.9441011,-73.7443802
larchmont convenience,"132 Larchmont Avenue, Larchmont",40.927964,-73.7521893
Junior's Mini Mart,"453 5th Avenue, New Rochelle",40.9283047,-73.7725215
Walgreens,"519 Cedar Hill Avenue, Wyckoff",40.986231,-74.1693248
T-Bowl Smoke Shop,"1055 Hamburg Turnpike #3, Wayne",40.9591509,-74.23711899999999
QuickChek,"442 Pompton Road, Wayne",40.9451002,-74.203426
BP Gas Station - Hawthorne Quick & Fresh,"716 Goffle Road, Hawthorne",40.9582392,-74.16201269999999
Circle K,"1150 Hamburg Turnpike, Wayne",40.9608709,-74.2409933
Sicomac Long Term Care (LTC),"300 Sicomac Avenue Suite 4, Wyckoff",40.98476,-74.1712913
De Blieck's Pharmacy,"467 High Mountain Road, North Haledon",40.9539937,-74.1814265
Walgreens,"447 Belmont Avenue, Haledon",40.9385412,-74.1856061
mini mart food stores,"845 Belmont Avenue, North Haledon",40.95162860000001,-74.1890124
Suncrest Service Station,"346 High Mountain Road, North Haledon",40.9496821,-74.1819847
Belmont Mini Market,"383 Belmont Avenue, Haledon",40.935986,-74.184845
B&R Mini Market,"353 Belmont Avenue Suite B, Haledon",40.93497139999999,-74.18454729999999
7-Eleven,"86-92 Goffle Road, Hawthorne",40.937206,-74.1653947
Sinclair Gas Station,"351 Haledon Avenue, Haledon",40.9362055,-74.18034449999999
Prospect Park Express Mart,"119 Brown Avenue, Prospect Park",40.9348563,-74.1742038
Chamberlain Mini Mart,"456 Chamberlain Avenue, Paterson",40.92614349999999,-74.1881056
Sunoco,"415 Wagaraw Road, Hawthorne",40.9425487,-74.1485799
Hawthorne Convenience Store,"413 Lafayette Avenue, Hawthorne",40.9522349,-74.1552403
Walgreens,"325 Lafayette Avenue, Hawthorne",40.949335,-74.154955
Sicomac Pharmacy,"300 Sicomac Avenue Suite 4, Wyckoff",40.98468289999999,-74.171185
Speedy's Express Mart & Smoke Shop,"15 Lafayette Street #1107, Paterson",40.9259944,-74.16509789999999
River Mini Market,"466 River Street, Paterson",40.9304445,-74.1598956
SC Mini Market,"20-22 Bridge Street, Paterson",40.9220134,-74.1697573
Sunny Convenience Store Llc.,"6 West Broadway, Paterson",40.91929409999999,-74.1731654
Silk City Deli,"110 Main Street, Paterson",40.91927280000001,-74.1731058
International Meat Market,"588 River Street, Paterson",40.93367599999999,-74.1562658
Chestnut Market,"1592 Alps Road, Wayne",40.9609341,-74.246659
CVS,"54 HAMBURG TURNPIKE PREAKNESS S/C, Wayne",40.962234,-74.246167
Lamariposa Mini-Market,"118 Highland Street, Paterson",40.92973140000001,-74.1589204
7 Days,"307 Valley Road, Wayne",40.9241895,-74.2353473
Quick Convenience Store,"66 Broadway, Paterson",40.9189218,-74.17250330000002
Denny Mini Market,"137 Lyon Street, Paterson",40.9289819,-74.1584774
Family Mini-Mart,"1012 Goffle Road, Hawthorne",40.967282,-74.1555322
Charlie Mini Market,Paterson,40.9220371,-74.16147920000002
Walgreens,"199 East Ridgewood Avenue, Ridgewood",40.9792677,-74.11521239999999
Krauszer's Food Stores,"920 Prospect Street, Glen Rock",40.95201799999999,-74.10794
Speedway,"465 Goffle Road, Ridgewood",40.97466499999999,-74.14662799999999
257 Ridgewood Ave LLC,"257 East Ridgewood Avenue, Ridgewood",40.9791026,-74.1131188
7-Eleven,"118 Godwin Avenue, Midland Park",40.98596359999999,-74.13875630000001
CVS,"175 Rock Road, Glen Rock",40.9633017,-74.1328704
CVS,"80 Godwin Avenue, Midland Park",40.9855092,-74.13748389999999
Nickymania 99¢ & More,"136 4th Avenue, Paterson",40.9357441,-74.1495802
Mi Gente Mini Market,"176 4th Avenue, Paterson",40.93542980000001,-74.14767309999999
Krauszer's Food Store,"16-15 River Road, Fair Lawn",40.9377784,-74.1355664
Victoria Mini Market,"394 East 18th Street, Paterson",40.926608,-74.153386
Lala Mart,"10-16 River Road, Fair Lawn",40.9298285,-74.1315388
Radburn Liquors,"3557, 14-35 Plaza Road North, Fair Lawn",40.9400878,-74.1198983
P & T Mini Market,"445 10th Avenue, Paterson",40.923859,-74.145923
Chestnut Market,"19 East 33rd Street, Paterson",40.9231269,-74.1405805
Krauszer's Food Store,"384 McLean Boulevard, Paterson",40.92212829999999,-74.13955229999999
Baez Mini Market,"317 12th Avenue, Paterson",40.9204635,-74.1507633
Paramus Food Center,"548 Paramus Road, Paramus",40.9630141,-74.092502
Shell,"655 New Jersey 17, Paramus",40.9632389,-74.0771116
Sunoco Gas Station,"335 New Jersey 17, Paramus",40.9436149,-74.0720509
Shell,"612 N New Jersey 17, Paramus",40.9591392,-74.074747
Rite Aid,"265 Pascack Road, Township of Washington",40.9850642,-74.0630391
Bergen News Plus,"890 Prospect Street, Glen Rock",40.9523701,-74.1081225
Morlot Food & News Store,"22-28 Morlot Avenue, Fair Lawn",40.9300803,-74.1161547
to go,"Route 4, Paramus",40.92542589999999,-74.0904789
7-Eleven,"67 East Ridgewood Avenue, Paramus",40.9677932,-74.073201
Quick Mart,"17-11 Broadway, Fair Lawn",40.92168469999999,-74.11699519999999
The Market C-Store | Deli and More,"487 Fairlawn Parkway, Saddle Brook",40.91630869999999,-74.09983009999999
Sunoco Gas Station,"539 Forest Avenue, Paramus",40.95309,-74.0514385
7 Eleven,"260 East Midland Avenue, Paramus",40.9449598,-74.0507698
On the Run,"490 New Jersey 17, Ridgewood",40.98907339999999,-74.09509
Tiger Mart,"490 New Jersey 17, Ridgewood",40.9891536,-74.0949772
Lukoil Mini Mart,"290 Pascack Road, Township of Washington",40.9857699,-74.0642738
QuickChek,"354A Kinderkamack Road, Emerson",40.9812794,-74.024698
Shell,"444 Kinderkamack Road, Oradell",40.9557096,-74.0309661
Oradel Mini Market & Deli,"219 Kinderkamack Road, Oradell",40.9477332,-74.0316187
RAJ CONVENIENCE STORE,"447 Broadway, Westwood",40.99188409999999,-74.0330652
CVS,"364 River Road, New Milford",40.94069990000001,-74.0217474
7-Eleven,"280 Main Street, New Milford",40.9453493,-74.0166773
Walgreens,"325 Kinderkamack Road, Oradell",40.9517174,-74.0324191
Circle K,"444 Kinderkamack Road, Oradell",40.9557391,-74.0308155
Circle P Food Store,"264 Main Street, New Milford",40.9454181,-74.01729480000002
7-Eleven,"161 Kinderkamack Road, Emerson",40.97496,-74.0266652
7-Eleven,"161 Kinderkamack Road, Emerson",40.97496,-74.0266652
Krauszer's Food Store,"1045 River Road, New Milford",40.9197698,-74.0263579
CVS,"50 West Madison Avenue, Dumont",40.9414256,-73.99650249999999
CVS,"289 Broadway, Westwood",40.9900628,-74.03165369999999
Dumont News,"126 Veterans Plaza, Dumont",40.9405901,-73.9971588
Shoppers Express,"62 West Church Street, Bergenfield",40.929122,-73.998859
Five Corner Convenience Store,"103 Westwood Avenue, Westwood",40.99173399999999,-74.0314719
Walgreens,"406 Madison Avenue, Dumont",40.9417195,-73.97744200000001
Ward's 5&10,"206-210 Closter Dock Road, Closter",40.973361,-73.962277
Mini Mart Food Store,"151 Terrace Street, Haworth",40.95991049999999,-73.9892547
Convenient Food Mart,"184 Rivervale Road, River Vale",40.9941526,-74.0053149
CVS,"250 Closter Dock Road, Closter",40.9719869,-73.9610781
Rushmor Food Store,"407 Washington Avenue, Dumont",40.9487512,-73.9885178
Krauzer's Food Store,"11A Grant Avenue, Dumont",40.94877080000001,-73.98818059999999
Madina Grocery and Halal Meat,"23 South Washington Avenue, Bergenfield",40.92696249999999,-73.9960304
7-Eleven,"35 Madison Avenue, Cresskill",40.9421887,-73.9642235
Jerky Rob,"36 Ward Way, Harrington Park",40.98411129999999,-73.9781045
F & D Grocery-Deli,"323 Warburton Avenue, Yonkers",40.9469605,-73.8968933
Alpine CITGO,"1028 Closter Dock Road, Alpine",40.9471252,-73.92497340000001
Ambar Food Store Inc,"373 Warburton Avenue, Yonkers",40.9486327,-73.89649519999999
Als Convenience Corp.,"30 South Broadway, Yonkers",40.9328914,-73.89864229999999
Small Mini Mart Corporation,"55 Palisade Avenue, Yonkers",40.93504,-73.8950674
Walgreens,"1230 Nepperhan Avenue, Yonkers",40.96539070000001,-73.8716985
Shell,"1 Enterprise Boulevard, Yonkers",40.9718615,-73.8789164
CVS,"1217 Nepperhan Avenue, Yonkers",40.9657041,-73.8730545
Shell,"574 Tuckahoe Road, Yonkers",40.95348699999999,-73.847321
CVS,"1703 Central Park Avenue, Yonkers",40.9578683,-73.84328470000001
El Triunfo Mini Market,"173 Ashburton Avenue, Yonkers",40.9396503,-73.8892522
One Stop Shop,United States,40.9462014,-73.88240429999999
Saw Mill Mini-Market,"317 Saw Mill River Road, Yonkers",40.9476847,-73.87690150000002
Pallano Mini Market,"43 School Street, Yonkers",40.930831,-73.89468459999999
Chestnut Market,"925 Nepperhan Avenue, Yonkers",40.95659970000001,-73.8748816
BAKI CONVENIENCE,"4 Tuckahoe Road, Yonkers",40.9557125,-73.87071370000001
Yonkers Citgo Super Value,"704 Saw Mill River Road, Yonkers",40.95957599999999,-73.870426
Chestnut Market,"1176 Nepperhan Avenue, Yonkers",40.96567659999999,-73.87215979999999
Chestnut Market,"142 Tuckahoe Road, Yonkers",40.9543073,-73.86397260000001
CVS,"585 Yonkers Avenue, Yonkers",40.92761289999999,-73.8698909
Food Mart,"1001 Central Park Avenue, Yonkers",40.93626509999999,-73.856555
Mikes Cigar Express and Smoke Shop,"944 Central Park Avenue, Yonkers",40.9340988,-73.8557514
ATM (HSBC Bank),"778 Yonkers Avenue, Yonkers",40.9225046,-73.86416899999999
Smoke zone & vape,"783 Yonkers Avenue, Yonkers",40.9224405,-73.8634311
Yonkers Cigar & Convenience Store,"795 Yonkers Avenue, Yonkers",40.92221,-73.8631631
Cornerstone convenience store,"286 Farragut Avenue, Hastings-on-Hudson",40.986532,-73.8719946
Chestnut Market,"838 Kimball Avenue, Yonkers",40.9288412,-73.8482698
CVS,"375 White Plains Road, Eastchester",40.9541609,-73.8142446
Walgreens,"370 White Plains Road, Eastchester",40.9533867,-73.8146201
CVS,"2290 Central Park Avenue, Yonkers",40.9761515,-73.8313278
CVS,"807 White Plains Road, Scarsdale",40.9760743,-73.8034495
Sunoco,"Mile Post, New York State Thruway #6N, Hastings-on-Hudson",40.9839317,-73.8530365
Shell,"1000 Central Park Avenue, Scarsdale",40.987483,-73.82405299999999
Sunoco Gas Station,"284 Main Street, Tuckahoe",40.9522096,-73.8164469
CVS,"1290 North Avenue, New Rochelle",40.9460619,-73.79641409999999
Main Street Convenience Store,"83 Main Street, Tuckahoe",40.94971259999999,-73.8261254
Crestwood luncheonette,"301 Columbus Avenue, Tuckahoe",40.9593351,-73.8204635
J & J Convenience,"301 Columbus Avenue, Tuckahoe",40.9593355,-73.8204629
Dairy Mart,"322 White Plains Road, Eastchester",40.95055720000001,-73.8168879
Fleetwood Stationery,"556 Gramatan Avenue, Fleetwood",40.9257262,-73.8359746
Sinclair Gas Station,"608 North Terrace Avenue, Mount Vernon",40.92349199999999,-73.8402393
Crestwood convenience Store,"16 Crisfield Street, Yonkers",40.97532149999999,-73.8315307
Chestnut Market,"434 Gramatan Avenue, Mount Vernon",40.9223301,-73.8375039
Sinclair Gas Station,"561 Kimball Avenue, Yonkers",40.9206137,-73.8539775
B&M Convenience Store,"562 Kimball Avenue, Yonkers",40.9205547,-73.8535879
Dublin mart,"Kimball Avenue, Yonkers",40.9205447,-73.8536666
Sinclair Gas Station,"600 White Plains Road, Eastchester",40.962761,-73.8100757
Applegreen,"X4MW+WW, Yonkers",40.9848738,-73.8527178
Yonkers CANDY,"1045 Yonkers Avenue, Yonkers",40.9143127,-73.8585224
Habebe's Convenience,"19 West Prospect Avenue, Mount Vernon",40.9127895,-73.83799499999999
Shell,"999 Post Road, Scarsdale",40.9874321,-73.7972887
CVS,"1064 Wilmot Road, Scarsdale",40.9842831,-73.77761679999999
Shell,"1455 Weaver Street, Scarsdale",40.97992289999999,-73.7762326
Sunoco Gas Station,"149 Brook Street, Scarsdale",40.9774477,-73.8056863
NORTH CONVENIENCE,United States,40.9462829,-73.79531539999999
CoCo Farms,"1455 Weaver Street, Scarsdale",40.9799196,-73.77626099999999
7-Eleven,"858 Scarsdale Avenue, Scarsdale",40.98747609999999,-73.8083259
Scarsdale Newsstand & Convince,"24 Garth Road, Scarsdale",40.9882699,-73.80971699999999
CVS,"983 Central Park Avenue, Scarsdale",40.9906604,-73.8230214
Shell,"974 Mamaroneck Avenue, Mamaroneck",40.9602699,-73.73727339999999
Shell,"708 East Boston Post Road, Mamaroneck",40.95298940000001,-73.72642929999999
Shell,"235 Halstead Avenue, Harrison",40.9677038,-73.7143418
CVS,"1100 East Boston Post Road, Mamaroneck",40.9540929,-73.72091139999999
CVS,"270 Halstead Avenue Unit 278, Harrison",40.9688909,-73.7134624
Mamaroneck Variety,"601 Mamaroneck Avenue, Mamaroneck",40.9539785,-73.73853059999999
Brothers Beer & Grocery,"346 Mamaroneck Avenue, Mamaroneck",40.951391,-73.7356373
Speedway,"731 Mamaroneck Avenue, Mamaroneck",40.95634189999999,-73.73794339999999
CVS,"805 Mamaroneck Avenue, Mamaroneck",40.95669429999999,-73.736845
International Farm II,"218 Mamaroneck Avenue, Mamaroneck",40.9500813,-73.7338836
Harrison Deli,"86 Calvert Street, Harrison",40.96924699999999,-73.7177548
Harrison Food Mart,"235 Halstead Avenue, Harrison",40.9677408,-73.7143242
Neo Japan Inc,"283 Halstead Avenue, Harrison",40.96875989999999,-73.7122821
CVS,"1121 Boston Post Road, Rye",40.9840658,-73.6827816
Banahan Brothers Services Station,"310 Theodore Fremd Avenue, Rye",40.9773667,-73.695872
Chestnut Market,"69 Theodore Fremd Avenue, Rye",40.9828481,-73.6872595
Heritage Cards & Gifts,"Nvail Plaza, 140 Midland Avenue # 10, Port Chester",40.99175779999999,-73.6698845
Wallgreens,3354 74th Street,40.75303228333333,-73.89289128333333
Wallgreens,112 Schermerhorn St,40.68986257272727,-73.9891617909091
Wallgreens,Canal St/Wright St,40.62676474285714,-74.07788274285714
Wallgreens,42-15 166th St,40.75924225,-73.800080885
Wallgreens,1925 Lurting Ave,40.85171363333333,-73.85619673333333
Wallgreens,619 Carlton Ave,40.67877382,-73.9719302
Wallgreens,2655 Hubbard St,40.58573837777777,-73.96264927777777
Wallgreens,2103 Kenmore Pl,40.64932113333333,-73.95964615555556
Wallgreens,927 E 79th St,40.63458346153846,-73.9130725076923
Wallgreens,1139 Blake Ave,40.67097982,-73.87579232
Wallgreens,29 Louisiana Ave,40.65854634736842,-73.89578130526316
Wallgreens,2551 B Broadway,40.79450605555556,-73.97214943333333
Wallgreens,215 E 12th St,40.7318821,-73.98704522222222
Wallgreens,65-67 Park Terrace E,40.87079906,-73.916641
Wallgreens,8705 24th Ave,40.597012183333334,-73.99153203333333
Wallgreens,53 Himrod St,40.695344225,-73.92476778333334
Wallgreens,1409 Albemarle Rd,40.64670286249999,-73.9662343875
Wallgreens,940 E 94th St,40.64627224827586,-73.9081823275862
Wallgreens,1171 Amsterdam Ave,40.808266780000004,-73.959595
Wallgreens,23 Washington Pl,40.729936366666664,-73.99541131111111
Wallgreens,1171 Sherman Ave,40.833066173333336,-73.91666000666666
Wallgreens,64-78 Alderton St,40.721172687499994,-73.8595465625
Wallgreens,812 E 8th St,40.6295556375,-73.96945882916667
Wallgreens,4041 166th St,40.760177604347824,-73.79989072173913
Wallgreens,584 Van Buren St,40.692121560000004,-73.92584454
Wallgreens,9307 Vanderveer St,40.7197328,-73.74370598333333
Wallgreens,508 1st St,40.73907013125,-74.03863255625
Wallgreens,11594 Lefferts Blvd,40.67442562666667,-73.8197498
Wallgreens,29-75 21st Ave,40.77757345,-73.9080784
Wallgreens,129-05 31st Ave,40.77022558,-73.8403969
Wallgreens,150-11 109th Rd,40.691468277272726,-73.79727161818181
Wallgreens,268-298 Bergen St,40.68376633,-73.98301608
Wallgreens,1578 Aston Terrace,40.85012355,-73.97509712499999
Wallgreens,199 9th St,40.7279119,-74.04216564444444
Wallgreens,Major Deegan Underpass,40.826516890476185,-73.93127477142856
Wallgreens,880 River Rd #5,40.8254356,-73.97498949999999
Wallgreens,53 Murray St,40.71417856666667,-74.0093751
Wallgreens,180 State St,40.69048589,-73.99292901
Wallgreens,3250 Wickham Ave,40.87597715384615,-73.8407980153846
Wallgreens,Belmont Park Heliport,40.71493225,-73.71112350909091
Wallgreens,13732 76th Ave,40.722045625,-73.822968525
Wallgreens,29 McClancy Pl,40.664686585714286,-73.88536055714286
Wallgreens,2835 Heath Ave,40.87357144,-73.9048031
Wallgreens,2114-2134 Utica Ave,40.61988335454545,-73.92711472727272
Wallgreens,369 93rd St,40.6182087,-74.03113413333334
Wallgreens,15 E 16th St,40.65875697,-74.12167697999999
Wallgreens,232 E 66th St,40.765131014285714,-73.96231452857143
Wallgreens,572 Warren St,40.68174045,-73.98237386
Wallgreens,H5VC+M8 New York,40.594239849999994,-73.8291405
Wallgreens,410 City Island Ave,40.8500287,-73.7872407
Wallgreens,4275 Arthur Kill Rd,40.5379314,-74.23778709999999
Wallgreens,2921 Otis Ave,40.83294324,-73.82708174
Wallgreens,Grand Concourse/East 177 St,40.848814725,-73.906625025
Wallgreens,1211 6th Ave #36,40.75866936,-73.98221249333334
Wallgreens,148 W 51st St,40.7613678,-73.98220664444445
Wallgreens,1546 Selwyn Ave,40.841644978947365,-73.91037062631578
Wallgreens,1541 Williamsbridge Rd,40.84587325833333,-73.848098875
Wallgreens,36-20 29th St,40.756800157142855,-73.93196852857142
Wallgreens,63-116 Fitchett St,40.72251291428571,-73.8664122
